id,split,p_D,p_G,p_C,p_A,p_H,fov_px,gradcam_D_all_zero,gradcam_D_energy_on_OD,centre_energy_on_OD,OD_area_frac,any_area_frac,any_area_frac_tol,any_gradcam_D_pg,any_gradcam_D_pg_tol,any_gradcam_D_epg,any_gradcam_D_auroc,any_gradcam_D_ap,any_gradcam_G_pg,any_gradcam_G_pg_tol,any_gradcam_G_epg,any_gradcam_G_auroc,any_gradcam_G_ap,any_gradcam_C_pg,any_gradcam_C_pg_tol,any_gradcam_C_epg,any_gradcam_C_auroc,any_gradcam_C_ap,any_gradcam_A_pg,any_gradcam_A_pg_tol,any_gradcam_A_epg,any_gradcam_A_auroc,any_gradcam_A_ap,any_gradcam_H_pg,any_gradcam_H_pg_tol,any_gradcam_H_epg,any_gradcam_H_auroc,any_gradcam_H_ap,any_centre_pg,any_centre_pg_tol,any_centre_epg,any_centre_auroc,any_centre_ap,any_random_pg,any_random_pg_tol,any_random_epg,any_random_auroc,any_random_ap,MA_area_frac,MA_area_frac_tol,MA_gradcam_D_pg,MA_gradcam_D_pg_tol,MA_gradcam_D_epg,MA_gradcam_D_auroc,MA_gradcam_D_ap,MA_gradcam_G_pg,MA_gradcam_G_pg_tol,MA_gradcam_G_epg,MA_gradcam_G_auroc,MA_gradcam_G_ap,MA_gradcam_C_pg,MA_gradcam_C_pg_tol,MA_gradcam_C_epg,MA_gradcam_C_auroc,MA_gradcam_C_ap,MA_gradcam_A_pg,MA_gradcam_A_pg_tol,MA_gradcam_A_epg,MA_gradcam_A_auroc,MA_gradcam_A_ap,MA_gradcam_H_pg,MA_gradcam_H_pg_tol,MA_gradcam_H_epg,MA_gradcam_H_auroc,MA_gradcam_H_ap,MA_centre_pg,MA_centre_pg_tol,MA_centre_epg,MA_centre_auroc,MA_centre_ap,MA_random_pg,MA_random_pg_tol,MA_random_epg,MA_random_auroc,MA_random_ap,HE_area_frac,HE_area_frac_tol,HE_gradcam_D_pg,HE_gradcam_D_pg_tol,HE_gradcam_D_epg,HE_gradcam_D_auroc,HE_gradcam_D_ap,HE_gradcam_G_pg,HE_gradcam_G_pg_tol,HE_gradcam_G_epg,HE_gradcam_G_auroc,HE_gradcam_G_ap,HE_gradcam_C_pg,HE_gradcam_C_pg_tol,HE_gradcam_C_epg,HE_gradcam_C_auroc,HE_gradcam_C_ap,HE_gradcam_A_pg,HE_gradcam_A_pg_tol,HE_gradcam_A_epg,HE_gradcam_A_auroc,HE_gradcam_A_ap,HE_gradcam_H_pg,HE_gradcam_H_pg_tol,HE_gradcam_H_epg,HE_gradcam_H_auroc,HE_gradcam_H_ap,HE_centre_pg,HE_centre_pg_tol,HE_centre_epg,HE_centre_auroc,HE_centre_ap,HE_random_pg,HE_random_pg_tol,HE_random_epg,HE_random_auroc,HE_random_ap,EX_area_frac,EX_area_frac_tol,EX_gradcam_D_pg,EX_gradcam_D_pg_tol,EX_gradcam_D_epg,EX_gradcam_D_auroc,EX_gradcam_D_ap,EX_gradcam_G_pg,EX_gradcam_G_pg_tol,EX_gradcam_G_epg,EX_gradcam_G_auroc,EX_gradcam_G_ap,EX_gradcam_C_pg,EX_gradcam_C_pg_tol,EX_gradcam_C_epg,EX_gradcam_C_auroc,EX_gradcam_C_ap,EX_gradcam_A_pg,EX_gradcam_A_pg_tol,EX_gradcam_A_epg,EX_gradcam_A_auroc,EX_gradcam_A_ap,EX_gradcam_H_pg,EX_gradcam_H_pg_tol,EX_gradcam_H_epg,EX_gradcam_H_auroc,EX_gradcam_H_ap,EX_centre_pg,EX_centre_pg_tol,EX_centre_epg,EX_centre_auroc,EX_centre_ap,EX_random_pg,EX_random_pg_tol,EX_random_epg,EX_random_auroc,EX_random_ap,SE_area_frac,SE_area_frac_tol,SE_gradcam_D_pg,SE_gradcam_D_pg_tol,SE_gradcam_D_epg,SE_gradcam_D_auroc,SE_gradcam_D_ap,SE_gradcam_G_pg,SE_gradcam_G_pg_tol,SE_gradcam_G_epg,SE_gradcam_G_auroc,SE_gradcam_G_ap,SE_gradcam_C_pg,SE_gradcam_C_pg_tol,SE_gradcam_C_epg,SE_gradcam_C_auroc,SE_gradcam_C_ap,SE_gradcam_A_pg,SE_gradcam_A_pg_tol,SE_gradcam_A_epg,SE_gradcam_A_auroc,SE_gradcam_A_ap,SE_gradcam_H_pg,SE_gradcam_H_pg_tol,SE_gradcam_H_epg,SE_gradcam_H_auroc,SE_gradcam_H_ap,SE_centre_pg,SE_centre_pg_tol,SE_centre_epg,SE_centre_auroc,SE_centre_ap,SE_random_pg,SE_random_pg_tol,SE_random_epg,SE_random_auroc,SE_random_ap
IDRiD_01,train,0.9998714923858643,0.00014984325389377773,0.045669518411159515,0.00019770425569731742,0.0004217579844407737,188473,False,0.0,0.01995348185300827,0.025961278273280524,0.025796798480418947,0.2633533715704637,0.0,1.0,0.06777416914701462,0.6180057136237427,0.07015264589386055,0.0,1.0,0.01593942381441593,0.41202484650354687,0.022532723165695517,0.0,1.0,0.05362419784069061,0.5753665905397579,0.042280805529594234,1.0,1.0,0.07250279933214188,0.5184455053244817,0.05986978545939606,0.0,0.0,0.015312567353248596,0.4119508304461235,0.02083385300327905,0.0,1.0,0.03669525310397148,0.7506233913348836,0.04951897333204244,0.02,0.28,0.025448634065687658,0.48896475787053995,0.027140788006881668,0.0013423673417412574,0.07566070471632541,0.0,0.0,0.0017234726110473275,0.594662828073531,0.0020498974814318616,0.0,1.0,0.002211050596088171,0.6080939193496973,0.002861490630800285,0.0,0.0,0.001996737439185381,0.5630635028158537,0.0017084518265503565,1.0,1.0,0.005395918153226376,0.5914194493146319,0.06033889442158134,0.0,0.0,0.0007101103547029197,0.3956384151524811,0.0010538957778447068,0.0,0.0,0.001719216350466013,0.6573469543619168,0.002900724823109651,0.0,0.12,0.0013222722115460784,0.4884559823610669,0.0016627861649715903,0.00533763456834666,0.07633984708685064,0.0,1.0,0.03911622241139412,0.9056261451261833,0.12317629362288321,0.0,0.0,0.005204278975725174,0.5048056446267593,0.005540303784215466,0.0,1.0,0.025235187262296677,0.8205992921534547,0.03160755449315543,0.0,0.0,0.0016206774162128568,0.38306565768151274,0.004633007809385221,0.0,0.0,0.0010791136883199215,0.298002975542919,0.003769625190659693,0.0,0.0,0.0055887107737362385,0.5712000292345831,0.005720564163498209,0.0,0.04,0.0054812341835349795,0.5194369217664072,0.006207946997708518,0.019132713969640214,0.18501323797042546,0.0,0.0,0.02693496085703373,0.536369160726745,0.02397496528188501,0.0,1.0,0.008601656183600426,0.3729101439222901,0.016069865140357485,0.0,0.0,0.026392273604869843,0.5055827407075589,0.02207740966751337,0.0,1.0,0.06553731113672256,0.5513464050218987,0.057016840091722296,0.0,0.0,0.013557330705225468,0.4467280398463398,0.016562921300488274,0.0,1.0,0.029418712481856346,0.8045759529383367,0.04442628524524745,0.02,0.2,0.018660412449389697,0.48051691236815763,0.020860313167927472,,,,,,,,,,,,,,,,,,,,,,,,,,,,,,,,,,,,,
IDRiD_02,train,0.9986818432807922,0.08809724450111389,0.17901606857776642,0.001970733283087611,0.12267016619443893,190183,False,3.7093382161401678e-06,0.018274817615747452,0.02475510429428498,0.028740739182787106,0.33951509861554396,1.0,1.0,0.06641929596662521,0.7899504846790153,0.08329735739386497,0.0,0.0,0.014862190000712872,0.6037652018495877,0.037308109919164716,0.0,0.0,0.031025053933262825,0.48610379882836585,0.032802985114737615,0.0,1.0,0.08262109011411667,0.6845044772610656,0.09032797309263418,0.0,1.0,0.12987375259399414,0.8629997794176207,0.28209896760828324,0.0,1.0,0.03773018717765808,0.697471732128492,0.04587552871786456,0.0,0.28,0.028859806582331657,0.5036179191274877,0.030625115733061762,0.0021715926239464097,0.1408643254128918,0.0,1.0,0.004493230488151312,0.6700935114216446,0.004691755947209256,0.0,0.0,0.0005415644845925272,0.5432538762316352,0.002392105549823869,0.0,0.0,0.0026251613162457943,0.5524511235926857,0.002557626452546329,0.0,1.0,0.0028088469989597797,0.5080586466693772,0.0027746974022402103,0.0,0.0,0.00432303361594677,0.6767789506442401,0.0048926010531752636,0.0,0.0,0.0029286695644259453,0.704949228769193,0.003749701622036455,0.0,0.06,0.002159233405254781,0.4970761794335105,0.0024301643116373373,0.0030496942418617857,0.09825799361667446,1.0,1.0,0.011027545668184757,0.7771097902984158,0.13407369235944722,0.0,0.0,0.0021818673703819513,0.6827974944559233,0.0052182818358926285,0.0,0.0,0.002371117239817977,0.47829479599698294,0.002690237674357679,0.0,0.0,0.006604326888918877,0.5332866046340566,0.006005678741184763,0.0,0.0,0.008543448522686958,0.7169452807380351,0.010784058769870129,0.0,0.0,0.0040608979761600494,0.6868017534559112,0.006276676875140615,0.0,0.04,0.003036129283718765,0.4958869183432813,0.003909555892331893,0.023650904654990194,0.24692532981391607,0.0,0.0,0.051257405430078506,0.8000901129668279,0.059030325254238264,0.0,0.0,0.012222488410770893,0.598381504493299,0.03044721950521681,0.0,0.0,0.02620278112590313,0.4823640427276182,0.02911456717329334,0.0,1.0,0.0736987367272377,0.7182691875761074,0.08526927698047468,0.0,1.0,0.11788801103830338,0.8953391186377814,0.289556627740672,0.0,1.0,0.03092213161289692,0.6965424738002188,0.037412543657101414,0.0,0.22,0.023796789906919004,0.5050667935832389,0.025533286002516014,,,,,,,,,,,,,,,,,,,,,,,,,,,,,,,,,,,,,
IDRiD_03,train,0.9998506307601929,7.042041261229315e-07,0.007261818274855614,2.358052597628557e-06,0.0008306119707413018,190138,False,0.0030394410714507103,0.02022796869277954,0.029015767495187705,0.07991038088125467,0.622211236049606,0.0,1.0,0.08886609226465225,0.4642462391987467,0.08210478328812071,0.0,0.0,0.02486482262611389,0.4295021551363789,0.07457853574222205,1.0,1.0,0.15882274508476257,0.6487769112076434,0.16292322000293738,0.0,1.0,0.014224973507225513,0.3400479736811937,0.07075742741455282,1.0,1.0,0.29484665393829346,0.6731045863823806,0.25128009029039156,0.0,1.0,0.11664660274982452,0.7466176191226928,0.24115604676486702,0.04,0.46,0.07940050661563873,0.49546331600571564,0.07913987618922114,0.00275589308817806,0.20970558226130495,0.0,1.0,0.004968851804733276,0.5403333415472071,0.004364413001525904,0.0,0.0,0.0003691583115141839,0.4100834481262463,0.0024861961756036458,0.0,0.0,0.0038578840903937817,0.5467985460477014,0.0036907806687864106,0.0,0.0,0.0015220720088109374,0.4481726305027519,0.0024544953531399813,0.0,0.0,0.002444978104904294,0.5171793170792045,0.0031480405290409724,0.0,0.0,0.0034141044598072767,0.6083513837236776,0.003930737644627765,0.0,0.14,0.002738189147785306,0.4973292283291032,0.0028955639786222512,0.025281637547465523,0.28587131451892833,0.0,1.0,0.06248810514807701,0.6825382073427062,0.05718885589448382,0.0,0.0,0.0030433651991188526,0.4061874709721875,0.022757250765291316,0.0,0.0,0.03348769247531891,0.6245957083732921,0.03394630308385524,0.0,0.0,0.004883835092186928,0.3808443170463937,0.02149246442945334,0.0,0.0,0.017627693712711334,0.4609289409190962,0.022138413742473016,0.0,0.0,0.025755710899829865,0.5405292180800205,0.026000396238703337,0.0,0.2,0.025246403738856317,0.49979570462244693,0.025450648542879414,0.05154151195447517,0.45648423776415026,0.0,0.0,0.021273929625749588,0.3503044416337869,0.04035427756807173,0.0,0.0,0.021454134956002235,0.4477857983087224,0.050139907402712,1.0,1.0,0.1211402490735054,0.6562257660044852,0.14729204411546212,0.0,1.0,0.007904625497758389,0.3242365507721508,0.04713199561868201,1.0,1.0,0.27461591362953186,0.7762065548067916,0.29577726991057096,0.0,1.0,0.08741433173418045,0.8473239858056921,0.263528461560278,0.04,0.34,0.05108086422085762,0.49338689999291946,0.05188711734249641,0.0004943777677265986,0.006894992058399689,0.0,0.0,0.00016960081120487303,0.5521491172673179,0.000559198629507922,0.0,0.0,0.0,0.31682595149882115,0.000504965494024575,0.0,0.0,0.0004145960265304893,0.6935310710676996,0.0008270420513838693,0.0,0.0,0.0,0.28233411923206464,0.000504965494024575,0.0,0.0,0.0005920081166550517,0.8502555925115078,0.0016398891662858278,0.0,0.0,0.0003126887895632535,0.32458933282811275,0.0003833144811287595,0.0,0.0,0.0004974939704698045,0.5026509872852812,0.0008613763332130369
IDRiD_04,train,0.9012007117271423,0.0003435040998738259,0.05759661644697189,0.009011814370751381,0.0005301908240653574,176311,False,0.05501650273799896,0.03238288313150406,0.019607398290520727,0.008944422072360772,0.16603615202681626,0.0,1.0,0.04806035757064819,0.8293765359113461,0.09217435351151174,0.0,0.0,0.022205043584108353,0.7029327212871517,0.020111105025005585,0.0,0.0,0.002925767097622156,0.5284748400333844,0.008610374973303197,0.0,0.0,0.010905018076300621,0.4768035946121389,0.011515484878808891,0.0,0.0,0.0036845975555479527,0.37657720707562475,0.007113074594738805,0.0,0.0,0.007130211219191551,0.39986214471182824,0.006747951626010133,0.0,0.2,0.008961877496913075,0.49808361675244583,0.011476717991456447,0.00016448207996097805,0.014372330711073047,0.0,0.0,0.00016282324213534594,0.694642614023145,0.00033848974850704105,0.0,0.0,2.8540551284095272e-05,0.5470115724982982,0.00014454532991328858,0.0,0.0,4.680952042690478e-05,0.394785568413887,0.00011831019641205659,0.0,0.0,0.00020841688092332333,0.7309439528023599,0.00033882740305355894,0.0,0.0,0.00023222250456456095,0.7217812570909916,0.0003843660413392214,0.0,0.0,0.00018637615721672773,0.661690492398457,0.00020735944793599868,0.0,0.02,0.0001575351887731813,0.4557580667120491,0.00031684380498716783,0.007299601272750991,0.06191899541151715,0.0,1.0,0.04447110369801521,0.8595095803900865,0.09674216744777908,0.0,0.0,0.02061907947063446,0.7185650304298565,0.018836823176449316,0.0,0.0,0.0022888504900038242,0.5200987460238752,0.006899912970142814,0.0,0.0,0.00946512259542942,0.43997043397059693,0.010334864885009738,0.0,0.0,0.001826768508180976,0.31666957211665203,0.005669445486101536,0.0,0.0,0.005438895430415869,0.3652316370000822,0.00522532836578612,0.0,0.04,0.007322050500661135,0.4984787563103037,0.010402422811882335,0.0014803387196488025,0.10276159740458621,0.0,1.0,0.0034264300484210253,0.692182994951338,0.004107485185203601,0.0,0.0,0.0015574237331748009,0.6375833924816774,0.002242331490200029,0.0,0.0,0.0005901068798266351,0.5772995338976822,0.0017221958772843428,0.0,0.0,0.0012314782943576574,0.6318688938524486,0.0019618211464277075,0.0,0.0,0.0016256060916930437,0.6351681684330969,0.0020547893989780576,0.0,0.0,0.0015049385838210583,0.5452175723380907,0.0015733552901639979,0.0,0.18,0.0014822918944992125,0.49937048450848054,0.0020576573962943763,,,,,,,,,,,,,,,,,,,,,,,,,,,,,,,,,,,,,
IDRiD_05,train,0.9397608637809753,0.000130439642816782,0.4497525990009308,0.0009480095468461514,0.6900480389595032,189894,False,0.048812732100486755,0.029797060415148735,0.026309414726110356,0.004060159878669152,0.11020885336029575,0.0,0.0,0.006777240429073572,0.687278014339161,0.008017407504680833,0.0,0.0,0.003469400340691209,0.6439702928033337,0.005140519094931075,0.0,0.0,0.00748760811984539,0.5477321810895733,0.0060264403818526945,0.0,0.0,0.003486349480226636,0.4208425812404112,0.0037399626112118523,0.0,0.0,0.0017918776720762253,0.38114591019983135,0.002791003185181297,0.0,0.0,0.004823210183531046,0.5680879850425571,0.007260965201113342,0.0,0.04,0.004071543794125319,0.5058024862394014,0.004338341076346908,0.0007635838941725384,0.03852149093704909,0.0,0.0,0.0009095357381738722,0.5245959425363242,0.0009151248960910174,0.0,0.0,0.0006028723437339067,0.6336722656389943,0.0010063468770637382,0.0,0.0,0.0006878117565065622,0.49169430327596175,0.0007674180118988569,0.0,0.0,0.0005493411445058882,0.38283517065606243,0.0006978017863934167,0.0,0.0,0.0003685159026645124,0.43999849022227,0.0005912401376532247,0.0,0.0,0.0008362673688679934,0.5248435204945929,0.0008605041958502255,0.0,0.0,0.0007535067910794168,0.49496171817823564,0.000944990859636096,0.0015219016925231972,0.03403477729680769,0.0,0.0,0.002345350803807378,0.6237405317183886,0.002801244747510429,0.0,0.0,0.0009164519142359495,0.622741912190852,0.001765062831861473,0.0,0.0,0.0006786726298741996,0.3713792553268642,0.001388591797775571,0.0,0.0,0.0006735937786288559,0.28937925406558285,0.001225669337560956,0.0,0.0,0.00036554710823111236,0.19935025090039724,0.0009932845262488825,0.0,0.0,0.0011016870848834515,0.30067655132879145,0.0010599021933111231,0.0,0.04,0.0015350102784577758,0.5113271171080837,0.00253351578575214,0.0017746742919734168,0.04464069428207316,0.0,0.0,0.0035223541781306267,0.8113425328791739,0.005231984430376879,0.0,0.0,0.0019500760827213526,0.6660800318775131,0.0027095158894686376,0.0,0.0,0.006121124140918255,0.724993468622494,0.006227618118288436,0.0,0.0,0.0022634146735072136,0.5519915487268205,0.002262396483439512,0.0,0.0,0.0010578148066997528,0.5147657156468753,0.0015493093998059885,0.0,0.0,0.002885255729779601,0.8190000241496311,0.008801548967960258,0.0,0.0,0.001783026740886271,0.5056131234584028,0.001946705779623145,,,,,,,,,,,,,,,,,,,,,,,,,,,,,,,,,,,,,
IDRiD_06,train,0.9999767541885376,1.190294642583467e-05,0.15138186514377594,0.00021489940991159528,0.01235332153737545,189954,False,0.023637793958187103,0.042685218155384064,0.03283426513787548,0.016804068353390822,0.23365130505280227,0.0,1.0,0.05005737766623497,0.7454628684487845,0.062045947790342684,0.0,1.0,0.022770803421735764,0.41102133989596895,0.018451540003697017,0.0,0.0,0.028030144050717354,0.6558615966568755,0.032081344568850076,0.0,0.0,0.0015727871796116233,0.3166504485579373,0.015302310936345445,0.0,1.0,0.0661391019821167,0.37879688958881663,0.05100720527102343,0.0,0.0,0.020655382424592972,0.63959363527141,0.02338472069328056,0.0,0.18,0.016584148202091455,0.48962815996858905,0.018581458276891467,0.0021215662739400066,0.10977394527096034,0.0,1.0,0.005005878396332264,0.5982540428546467,0.010170613021371157,0.0,0.0,0.0014394994359463453,0.518460224783321,0.0020587219854451754,0.0,0.0,0.002795601962134242,0.6499020650902396,0.0031419208336648115,0.0,0.0,0.0008940411498770118,0.4737682495495985,0.0018609000313180375,0.0,0.0,0.0003946468641515821,0.4114780101588908,0.001727693964978706,0.0,0.0,0.0016486059175804257,0.3935683599012172,0.0015435220840536701,0.0,0.06,0.002091606992762536,0.4876949165089293,0.0023040817618997108,0.0039746464933615505,0.06292049654126788,0.0,0.0,0.024591093882918358,0.8869115697109289,0.08058211296234094,0.0,0.0,0.00020198547281324863,0.34524858995083535,0.003413526824448243,0.0,0.0,0.013425992801785469,0.7646468141605387,0.03995243167976124,0.0,0.0,0.00023251901438925415,0.31533506606936584,0.0036668447731972266,0.0,0.0,0.00017905165441334248,0.23703408506606938,0.0036087712004578094,0.0,0.0,0.00389324058778584,0.5221398739716281,0.003936949407486906,0.0,0.06,0.003903395705856383,0.4885609629451582,0.006021310863001495,0.010707855586089264,0.10979500300072649,0.0,0.0,0.02046041190624237,0.7171195036740013,0.0241397350728782,0.0,1.0,0.021129319444298744,0.4163373877798602,0.015355181516456366,0.0,0.0,0.011808549985289574,0.6138505986449623,0.013009299669855506,0.0,0.0,0.00044622700079344213,0.28941502178596784,0.010252424165183651,0.0,1.0,0.06556540727615356,0.4276031238352792,0.06689551220053849,0.0,0.0,0.015113534405827522,0.7293267001040413,0.020167326652309255,0.0,0.06,0.010589145384728908,0.4905470527180899,0.012827252306713544,,,,,,,,,,,,,,,,,,,,,,,,,,,,,,,,,,,,,
IDRiD_07,train,0.99951171875,0.040009576827287674,0.10123968869447708,0.00010995611955877393,0.09246204048395157,190027,False,0.0005130537902005017,0.02172158658504486,0.024996447873196968,0.039389139438079854,0.42261889099970007,0.0,0.0,0.045586347579956055,0.5611135355668713,0.04628403693173066,0.0,0.0,0.0008836743654683232,0.3732556495122831,0.034483621635581344,0.0,0.0,0.01674594357609749,0.3671113154408264,0.03157256405119437,0.0,0.0,0.002730567939579487,0.32024820398017556,0.036304283703877636,1.0,1.0,0.12082250416278839,0.5676763076161947,0.10650555629400851,0.0,0.0,0.0568457692861557,0.7364736368572559,0.08394774638094611,0.04,0.38,0.039585604518651965,0.5022449644127955,0.04212218205082015,0.0027206660106195435,0.14420056097291437,0.0,0.0,0.003452262608334422,0.594256127738804,0.0036289582348960664,0.0,0.0,0.0003256858035456389,0.4529307797826316,0.002306423606503291,0.0,0.0,0.002498775953426957,0.640866682324269,0.003752500994541607,0.0,0.0,0.0009415946551598608,0.47571676078247166,0.00225966363399357,0.0,0.0,0.0028130097780376673,0.6229337921691566,0.003497402140771979,0.0,0.0,0.0027687428519129753,0.5335739838726696,0.0027364484608818733,0.0,0.1,0.0027208849554881454,0.4991439920758917,0.00304772537756499,0.004994027164560826,0.08424592294779162,0.0,0.0,0.010173595510423183,0.6677322299603051,0.01111050442060395,0.0,0.0,0.00016923127986956388,0.4531994747338859,0.004232953030694477,0.0,0.0,0.004741445649415255,0.6724399703520269,0.007351704993740132,0.0,0.0,0.0011194383259862661,0.3965831906988768,0.004304583076791531,0.0,0.0,0.0030424485448747873,0.5314369287927376,0.005213843155870224,0.0,0.0,0.004356717225164175,0.4398758276904357,0.004128893723576365,0.0,0.08,0.004978999514132738,0.4933777686972529,0.005600234113146998,0.03174812000399943,0.28263352049971846,0.0,0.0,0.03204641118645668,0.5401899889080094,0.03441539459486255,0.0,0.0,0.0003888491482939571,0.35562807661381,0.0285517022051283,0.0,0.0,0.009516756050288677,0.29699542528936546,0.0237864213290854,0.0,0.0,0.0006711950991302729,0.2980364923477607,0.03071397310280071,1.0,1.0,0.11498922854661942,0.5671927720232126,0.11148785984960724,0.0,0.0,0.049830421805381775,0.79744541223701,0.083399343852982,0.04,0.28,0.0319600660353899,0.5039454991331198,0.035532196332650104,,,,,,,,,,,,,,,,,,,,,,,,,,,,,,,,,,,,,
IDRiD_08,train,0.9995587468147278,0.0003530175017658621,0.0450408011674881,0.0009245348628610373,0.001349812839180231,190296,False,1.4978391504882893e-07,0.024617118760943413,0.025024172867532685,0.0156808340690293,0.17885819985706478,0.0,1.0,0.0631202980875969,0.8071886383508251,0.06594087360348853,0.0,1.0,0.037573546171188354,0.5415825394856699,0.02554659978785618,0.0,0.0,0.043275509029626846,0.7539847275404267,0.04398890411926533,0.0,0.0,0.0002232567931059748,0.1875647263937959,0.01554026016682663,0.0,1.0,0.038266297429800034,0.6467532361483803,0.04473448993919037,0.0,1.0,0.024783886969089508,0.7891402244929471,0.0498280345578042,0.0,0.1,0.015622251629829408,0.49865736702280744,0.01737873825190973,0.0009301299028881321,0.0472421911127927,0.0,0.0,0.0021799306850880384,0.7309936106493853,0.0025122659001277007,0.0,0.0,0.0003518068988341838,0.4361817726999624,0.0008627058351959473,0.0,0.0,0.0015635032905265689,0.7567936821876688,0.0020903830237128914,0.0,0.0,0.00022047745005693287,0.25334137554559627,0.0009317118658412262,0.0,0.0,0.0004778876609634608,0.43563892337221183,0.0007953326122253997,0.0,0.0,0.0013840004103258252,0.7528205020304248,0.00204248748919498,0.0,0.02,0.0009393363108392805,0.5105024091569004,0.0014549827339609342,0.00553873964770673,0.0713309791062345,0.0,1.0,0.032353710383176804,0.8905875030651569,0.04486957262460962,0.0,1.0,0.02059212513267994,0.47212252397412785,0.013861566731445129,0.0,0.0,0.031016243621706963,0.9143312066844411,0.04962340938734775,0.0,0.0,0.0,0.18535585195205984,0.0055284621205751285,0.0,0.0,0.005454408470541239,0.5281262650930092,0.00602900847910935,0.0,1.0,0.006631764583289623,0.6172613077665027,0.009196190075241726,0.0,0.06,0.005459613394923508,0.48961838385239603,0.007187310283959567,0.004051582797326271,0.08208265018707697,0.0,1.0,0.007696128915995359,0.679726743879274,0.007233388179273601,0.0,1.0,0.012921679764986038,0.7875312192204869,0.014026188426333186,0.0,0.0,0.0023960787802934647,0.46254781817222457,0.00376471273493946,0.0,0.0,2.1413216018117964e-06,0.19123531377515124,0.003933929120433596,0.0,1.0,0.01984396204352379,0.8521540712501758,0.0471860121227055,0.0,0.0,0.00767355365678668,0.9098474655269453,0.029712684916999146,0.0,0.06,0.004016286935657263,0.4948078369037568,0.004883093121934223,0.005165636692310926,0.03263337116912599,0.0,0.0,0.02089087665081024,0.8212490985273788,0.02641647232618083,0.0,0.0,0.0037079337053000927,0.4424088081202745,0.0052465250513993745,0.0,0.0,0.008305860683321953,0.8009387840446504,0.011670990140977092,0.0,0.0,6.380223567248322e-07,0.18545558279097285,0.005213150592785672,0.0,0.0,0.012490038760006428,0.6469026320955609,0.017832525710415072,0.0,0.0,0.009102108888328075,0.8748077341238573,0.02041542227748906,0.0,0.02,0.005212393766269088,0.509109920186443,0.006665133087775845
IDRiD_09,train,0.9999520778656006,0.0032736032735556364,0.14358828961849213,0.0070375362411141396,0.20852775871753693,190225,False,0.0025214613415300846,0.026167629286646843,0.03154685241161782,0.05849914574845578,0.47580496780128795,0.0,1.0,0.09167076647281647,0.5927374735120778,0.09729728946451666,0.0,0.0,0.008353427052497864,0.3649831150745752,0.04962394963079831,0.0,0.0,0.062073685228824615,0.5670819271057225,0.07706189110341402,0.0,0.0,0.018354305997490883,0.34441055943217874,0.0501164519512978,1.0,1.0,0.19403386116027832,0.74015429224597,0.22595559337813653,1.0,1.0,0.07925229519605637,0.6949706070793784,0.12416404853972819,0.1,0.36,0.058513327613472936,0.5016990626243003,0.061024383311367975,0.0064870548035221446,0.1952950453410435,0.0,0.0,0.011549816466867924,0.6441699673684553,0.012305595060257295,0.0,0.0,0.0015608994290232658,0.4399512936780443,0.005910104572440834,0.0,0.0,0.00819555576890707,0.660394234809715,0.011225614315545702,0.0,0.0,0.002077557146549225,0.4035624212105574,0.0054056408916843095,0.0,0.0,0.006051684729754925,0.4753759524635032,0.006618712405781855,0.0,0.0,0.007016192656010389,0.5427806701636264,0.007558543951066979,0.0,0.16,0.006408612858504057,0.4912601963591356,0.006856991597544056,0.012579839663556315,0.14948087790774084,0.0,1.0,0.044028062373399734,0.7357575497281449,0.12121757678468961,0.0,0.0,0.00468035414814949,0.5719006610505288,0.013743067090010865,0.0,0.0,0.015184692107141018,0.6068339199873313,0.01954615552739756,0.0,0.0,0.006981035228818655,0.40009092803479107,0.010855124069926005,0.0,0.0,0.007718991953879595,0.49162647772348905,0.011482043036865001,0.0,0.0,0.012348062358796597,0.475014889072657,0.013693999420191155,0.0,0.14,0.012285085190087556,0.4827787865409357,0.013707879852924088,0.039463792876856356,0.2994927060060455,0.0,0.0,0.036152519285678864,0.5336829515805035,0.04010080919931259,0.0,0.0,0.002112173940986395,0.29083995567069587,0.035332858645896636,0.0,0.0,0.03869343549013138,0.5345047654927079,0.04746586334040509,0.0,0.0,0.009295715019106865,0.3228975726653225,0.034656733214775456,1.0,1.0,0.1803797483444214,0.8561476382295846,0.2697505845972759,1.0,1.0,0.0599457211792469,0.7841768516758318,0.11405583111368843,0.1,0.22,0.03985167048871517,0.5095709080384329,0.0427698134882121,,,,,,,,,,,,,,,,,,,,,,,,,,,,,,,,,,,,,
IDRiD_10,train,0.9995567202568054,0.0002020101819653064,0.054752204567193985,0.00037278636591508985,0.06529292464256287,190276,False,0.005124340765178204,0.012413053773343563,0.025999075027854274,0.13892976518320754,0.6858826126258698,0.0,1.0,0.1367039978504181,0.41889094373781055,0.13072670452236596,1.0,1.0,0.735560953617096,0.6054972611836976,0.40556455148800913,1.0,1.0,0.6787420511245728,0.6044824623230144,0.41420658038223834,0.0,0.0,0.035788923501968384,0.35754243866524815,0.12198665471714595,1.0,1.0,0.24626807868480682,0.6744517335892891,0.24435747595075116,1.0,1.0,0.20510444045066833,0.7740109861590401,0.46656973066681384,0.1,0.66,0.13947439715266227,0.5035475277780445,0.14133715908898925,0.006763858815615212,0.2709642834619185,0.0,1.0,0.018747737631201744,0.7460653818697104,0.022186265576830573,0.0,0.0,0.000764598895329982,0.40692147639590737,0.006050177551342344,0.0,0.0,0.002396839205175638,0.4624709527757427,0.006321342233825099,0.0,0.0,0.002759384224191308,0.3940049877516142,0.005894434108403643,0.0,0.0,0.0065571581944823265,0.44694001304530095,0.006355720374467147,0.0,0.0,0.008127572946250439,0.6445624265866983,0.008921936734602382,0.0,0.22,0.0065950455982238055,0.48164492137326576,0.006477719998320478,0.014384367970737244,0.17427841661586327,0.0,0.0,0.0297527052462101,0.7095999873773674,0.029546885260975892,0.0,0.0,0.0016518854536116123,0.4477943565299345,0.01259277349526838,0.0,0.0,0.004230131860822439,0.48378056655723456,0.012640318681942138,0.0,0.0,0.006693733856081963,0.3859742210609513,0.012854210944331854,0.0,0.0,0.013483126647770405,0.49943278945543795,0.01405594244971927,0.0,0.0,0.014436941593885422,0.5267614703263261,0.013837927156013605,0.0,0.14,0.014582183286547661,0.5118512583060186,0.015316291613100087,0.11792869305640227,0.5540005045302613,0.0,1.0,0.08847220987081528,0.36374040156513476,0.09694220348766407,1.0,1.0,0.7331538200378418,0.6337756405417033,0.4342882746730877,1.0,1.0,0.6722100377082825,0.6246702563961073,0.43853948875403714,0.0,0.0,0.026339739561080933,0.3584191777253343,0.10360157713529057,1.0,1.0,0.22626833617687225,0.7031640875333925,0.23161289121227716,1.0,1.0,0.1826711893081665,0.8015969617115462,0.4848246426019477,0.1,0.6,0.11844097405672073,0.5036011466917772,0.12143675580747225,,,,,,,,,,,,,,,,,,,,,,,,,,,,,,,,,,,,,
IDRiD_11,train,0.9879261255264282,0.001027572900056839,0.015885669738054276,0.006694527808576822,0.013386392034590244,190014,False,0.03630852326750755,0.02252054773271084,0.024735019524877114,0.06635826833812246,0.5193038407696275,0.0,1.0,0.11855549365282059,0.7371672363187789,0.13445031645806327,0.0,0.0,0.017528994008898735,0.5786274855272695,0.07622400443965095,0.0,0.0,0.03416027873754501,0.38950971228785936,0.05525282243914262,0.0,1.0,0.1385100930929184,0.5794370856177766,0.0996812423608647,1.0,1.0,0.17215603590011597,0.7388029771536992,0.18796411479076103,0.0,1.0,0.09047184139490128,0.7087017995670384,0.13043954553686957,0.02,0.44,0.06696860857307911,0.5082070325350454,0.06904341851929371,0.004520719525929668,0.2315776732240782,0.0,1.0,0.00576992891728878,0.5886076171521106,0.006045483518454506,0.0,0.0,0.001355221145786345,0.48383344986012045,0.004594622018862005,0.0,0.0,0.004020495340228081,0.5068730724461423,0.004765413845059997,0.0,1.0,0.006222489755600691,0.46582882799982167,0.005296804042896641,0.0,0.0,0.0037471717223525047,0.5444922831439655,0.00481520314590873,0.0,1.0,0.005230600945651531,0.603507709266773,0.006304899009080413,0.0,0.22,0.004517518943175674,0.49801317495809305,0.004910435150585789,0.00881513993705727,0.11975959666129864,0.0,1.0,0.020365465432405472,0.7630526313413173,0.0360796939035578,0.0,0.0,0.0015564081259071827,0.5014429697928847,0.008410514059350107,0.0,0.0,0.011856994591653347,0.6623677715932916,0.012906093120422662,0.0,0.0,0.002885730704292655,0.4283240945710227,0.007643176843621714,0.0,0.0,0.009689624421298504,0.6459641328538843,0.011980546658613735,0.0,0.0,0.007125981617718935,0.3903445057351951,0.006760743111826097,0.02,0.08,0.008949315557256341,0.5112410956278342,0.011128878222369578,0.053075036576252274,0.37228835769995894,0.0,0.0,0.09244656562805176,0.7393192607202775,0.10222907273459066,0.0,0.0,0.014625760726630688,0.598447901559385,0.06450516790312247,0.0,0.0,0.01828278787434101,0.33441045980467005,0.04293356684153406,0.0,1.0,0.12950368225574493,0.6138006260103093,0.0932095032486515,1.0,1.0,0.15873470902442932,0.7657371947118757,0.19112060108065568,0.0,1.0,0.0781688541173935,0.7674012974130833,0.12582219501944186,0.0,0.24,0.05355444550514221,0.5083876631252774,0.05565408073035542,,,,,,,,,,,,,,,,,,,,,,,,,,,,,,,,,,,,,
IDRiD_12,train,0.18959848582744598,0.9871501922607422,0.015811020508408546,0.01666639931499958,0.06976769119501114,176368,False,6.253980586734542e-07,0.047608986496925354,0.03558468656445614,0.005443164292842239,0.1161718679125465,0.0,1.0,0.0265010017901659,0.7997559948756547,0.04807711254965416,0.0,0.0,0.0011414302280172706,0.2939413551384105,0.0036202467358430537,0.0,1.0,0.01715054176747799,0.5848639368504285,0.06213203741777173,0.0,0.0,0.00872821919620037,0.6466249363258293,0.008421699896967928,0.0,0.0,0.009187157265841961,0.48469130381892966,0.00967576902194233,0.0,0.0,0.005740100983530283,0.5411783237917114,0.006182798702219692,0.0,0.14,0.0053005812177434565,0.4769427170053752,0.006077869055639978,0.0008675043091717318,0.06578290846412048,0.0,0.0,0.0011717099696397781,0.5725009848426278,0.0011695488274503889,0.0,0.0,9.909387881634757e-05,0.3707346496476043,0.0006458030077847607,0.0,0.0,0.0010969804134219885,0.6273088576930016,0.001308715095097274,0.0,0.0,0.0010741382138803601,0.5966103005334717,0.0012785720692768381,0.0,0.0,0.0005221747560426593,0.4317847680128023,0.0007306156870122104,0.0,0.0,0.0007593926857225597,0.4422707341587603,0.0007135837290388149,0.0,0.06,0.0008501676295418292,0.48238550974349914,0.001013943413168571,0.0034416674226617075,0.046266896489159035,0.0,1.0,0.010785103775560856,0.8066940568593085,0.014817205567691654,0.0,0.0,0.0009571016416884959,0.2603793655490558,0.002296964324545834,0.0,1.0,0.003541364334523678,0.4575691773078703,0.004453877045413287,0.0,0.0,0.0024735431652516127,0.5879683457385868,0.0037556350906089954,0.0,0.0,0.002200221875682473,0.3501300465102163,0.0025795009418692707,0.0,0.0,0.003108471864834428,0.47198590277619706,0.0029487083715923398,0.0,0.1,0.0032642959384247662,0.4586058649913884,0.004150964294259924,0.0011510024494239318,0.02505556563548943,0.0,1.0,0.014852032996714115,0.9348985897265587,0.09363006294072007,0.0,0.0,8.532755600754172e-05,0.33781941129332915,0.0008478447689335386,0.0,1.0,0.012754772789776325,0.9135717928170757,0.20154540268061857,0.0,0.0,0.005256013013422489,0.8452540934782887,0.007593667651902486,0.0,0.0,0.006583557929843664,0.9018370836350859,0.01850263428653225,0.0,0.0,0.0019040708430111408,0.8051026529938851,0.0054985524577430165,0.0,0.06,0.0012037693941965699,0.5252295990298211,0.0020926575481597636,,,,,,,,,,,,,,,,,,,,,,,,,,,,,,,,,,,,,
IDRiD_13,train,0.9999748468399048,1.7224179828190245e-05,0.05449632555246353,2.538047920097597e-05,0.0006282412796281278,190346,False,0.002981926780194044,0.03469977155327797,0.026283714919147237,0.060017021634287036,0.6013417670978114,0.0,0.0,0.06771321594715118,0.49843564066393603,0.06271579949565166,0.0,1.0,0.07681505382061005,0.5030730130056106,0.06756632836139448,1.0,1.0,0.11788021773099899,0.6504410229386426,0.14871894704088634,0.0,1.0,0.02817562036216259,0.3729920399659132,0.0524983496007585,1.0,1.0,0.19717206060886383,0.7220152616782175,0.19138440990692404,1.0,1.0,0.07910911738872528,0.667287094154937,0.11222778010586672,0.06,0.52,0.0602758377045393,0.5029464632845121,0.06113518238500129,0.007433831023504566,0.3496947663728158,0.0,0.0,0.01838870160281658,0.6246605544681677,0.017258026373445975,0.0,1.0,0.014260533265769482,0.5577525873189001,0.010908825734908556,0.0,0.0,0.010291592217981815,0.6283210255146,0.011022416056231879,0.0,1.0,0.004457678645849228,0.4159090229945165,0.006438494568762555,0.0,0.0,0.007103849668055773,0.5394492671338283,0.007879117923140033,0.0,1.0,0.008527247235178947,0.5707776462121552,0.009298964433474307,0.04,0.34,0.007434570519253611,0.499933198488946,0.007949009917617956,0.0065144526283714916,0.14552971956332153,0.0,0.0,0.010101779364049435,0.500811867688149,0.00819222708959515,0.0,1.0,0.00788959115743637,0.5362168761418165,0.0075343027542604845,0.0,0.0,0.005045531317591667,0.4619159506085708,0.005645989172793548,0.0,0.0,0.006426615174859762,0.5057778574651186,0.006788611415587036,0.0,0.0,0.0033805679995566607,0.45768605601601375,0.005642666278379413,0.0,0.0,0.005864412058144808,0.46158470097374465,0.005533780546856414,0.0,0.16,0.006538770291954279,0.5001256463193915,0.007578161079943315,0.03637586290229372,0.2920050854759228,0.0,0.0,0.02550567127764225,0.5004630813223612,0.0352042347941255,0.0,0.0,0.044007547199726105,0.4571226608402469,0.03994943720138834,1.0,1.0,0.09369499981403351,0.720910675723768,0.1605598393830283,0.0,0.0,0.0031624389812350273,0.28234971797675895,0.033964008688755626,1.0,1.0,0.18051771819591522,0.8520326583752622,0.2301804096282866,0.0,0.0,0.053646158427000046,0.7607114266155761,0.07552350066410578,0.0,0.2,0.03654156401753426,0.5035557946344738,0.03776376284569274,0.009761171760898574,0.05850924106626879,0.0,0.0,0.013850690796971321,0.3982112209561712,0.011040039671471073,0.0,0.0,0.010674802586436272,0.6055793945872722,0.013507468038463099,0.0,0.0,0.008938179351389408,0.5084034977839402,0.010428220581234708,0.0,0.0,0.014151816256344318,0.6035668462359227,0.013090238451677377,0.0,0.0,0.006288049276918173,0.5180021503860184,0.009681804716800772,1.0,1.0,0.011169670149683952,0.5052735147461938,0.08310137357933475,0.02,0.1,0.009828315610066056,0.5042718536804774,0.012408105499231676
IDRiD_14,train,0.999991774559021,5.592945399257587e-06,0.11189009249210358,3.734826896106824e-05,0.00011018441000487655,190289,False,0.00010147428838536143,0.032996684312820435,0.027547572376753253,0.048352768683423634,0.5211546647467798,0.0,1.0,0.0964708998799324,0.6576408219851435,0.0873306260924511,0.0,0.0,0.05008566007018089,0.41674286388009113,0.049217798364828654,0.0,1.0,0.07089231163263321,0.557418652981047,0.0669008956395607,0.0,0.0,0.018456527963280678,0.33845214371333304,0.042117013811719506,0.0,0.0,0.03113190084695816,0.3810397972092557,0.03792592692255756,0.0,1.0,0.06386024504899979,0.6696462971493853,0.10008173994769716,0.04,0.48,0.048454142212867736,0.5013866387290866,0.05061141491353569,0.005580984712726432,0.2840153661010358,0.0,1.0,0.01338813453912735,0.6116606909904041,0.012084718422270827,0.0,0.0,0.00852518156170845,0.5484850293147947,0.007287413331922404,0.0,1.0,0.008313041180372238,0.5561127604309117,0.008215739022621796,0.0,0.0,0.005850203800946474,0.48068157519157795,0.005440048333125945,0.0,0.0,0.003710770281031728,0.4028902050295137,0.00439144320415322,0.0,1.0,0.005984085146337748,0.5265447661861262,0.0065534946620633555,0.0,0.24,0.005610733507201076,0.5052114386544203,0.005823986827789476,0.010000578068096422,0.17715685089521727,0.0,1.0,0.042847346514463425,0.7536654533524446,0.057716017248724244,0.0,0.0,0.030995847657322884,0.6769439344546926,0.029763670764005885,0.0,1.0,0.025585856288671494,0.6624339757009257,0.03410085871168347,0.0,0.0,0.004838692490011454,0.39811403684415025,0.008645639296399358,0.0,0.0,0.0031418923754245043,0.28655663430594674,0.007255873377780996,0.0,0.0,0.010590968653559685,0.5308545367675958,0.011534642260408977,0.0,0.14,0.010009390497580171,0.501226730289736,0.01048746628957546,0.03134705631959808,0.27712059026007807,0.0,1.0,0.035137660801410675,0.6149962148909883,0.03896330715069614,0.0,0.0,0.01020220760256052,0.3116117527781409,0.027518361406595467,0.0,0.0,0.03657171130180359,0.5285045608951036,0.03469517246664572,0.0,0.0,0.007828553207218647,0.3046721028376883,0.028149107544259935,0.0,0.0,0.02422248385846615,0.42095348098092666,0.02651958338504002,0.0,1.0,0.0464487224817276,0.7523578429159237,0.0908625740993184,0.02,0.24,0.031279943436384204,0.49744482903093584,0.03361975536649346,0.0014819563926448717,0.010720535606367158,0.0,0.0,0.005380149465054274,0.914295013796035,0.00827842640760703,0.0,0.0,0.0005022219265811145,0.4118743772721919,0.00136029815178882,0.0,0.0,0.0005659913294948637,0.41082125243756507,0.001209399417949677,0.0,0.0,0.0,0.24936311767058972,0.001555569569695823,0.0,0.0,6.647737609455362e-05,0.21588845725106962,0.00099168283810718,0.0,0.0,0.000911146285943687,0.30732751826715654,0.0011126890861102477,0.02,0.02,0.0016126730357063934,0.5648165887006235,0.0061504536024112495
IDRiD_15,train,0.9614483714103699,0.12811316549777985,0.01687406376004219,0.46570125222206116,0.006130062974989414,190357,False,0.00269746663980186,0.041284363716840744,0.033920475737692864,0.008158355090698004,0.11267775810713554,0.0,0.0,0.018416116014122963,0.7636309879001526,0.024361421187977204,1.0,1.0,0.05106840282678604,0.8911443147675846,0.16945329902777395,0.0,0.0,0.0038977665826678276,0.46144133142162824,0.006769339589732859,1.0,1.0,0.08935785293579102,0.8816511324739882,0.15444039695520015,1.0,1.0,0.030102821066975594,0.6134225979166611,0.09820215685107211,0.0,0.0,0.007929486222565174,0.5177618498061782,0.008325577079519853,0.02,0.06,0.008072620732709765,0.49152362870492033,0.008986393879377797,0.0004097564050704728,0.024201894335380364,0.0,0.0,0.0003809916670434177,0.7502088763241971,0.0006889450298258566,0.0,0.0,0.0006165101076476276,0.7724075689423238,0.0009280035669375127,0.0,0.0,0.0002839569060597569,0.5645440978644695,0.00038008492717439665,0.0,0.0,0.0003454359248280525,0.7385485854212208,0.000699662584513577,0.0,0.0,0.0004323064931668341,0.5487745922313771,0.0004387317344041869,0.0,0.0,0.00036353900213725865,0.4278352005212712,0.0003439844422859032,0.0,0.02,0.0004131366789806634,0.5080491476795022,0.0005057502220333968,0.0005305820116938174,0.011825149587354287,0.0,0.0,0.0010417404118925333,0.896416708711739,0.0023804645427972174,0.0,0.0,0.0018370321486145258,0.9275283103486938,0.0034949173820321153,0.0,0.0,0.00046715361531823874,0.5958513776768697,0.0006758267952838409,0.0,0.0,0.001299946685321629,0.805863886085884,0.0015101946010877385,0.0,0.0,0.0005179575528018177,0.3799810271611167,0.0005547397919110088,0.0,0.0,0.0005275247967801988,0.561560117445902,0.0005769396240829025,0.0,0.0,0.0005464823226793669,0.5205455172945398,0.002172566686405131,0.007218016673933714,0.0844938720404293,0.0,0.0,0.016993384808301926,0.7545977460798758,0.022424856584829407,1.0,1.0,0.04861486330628395,0.8934263665264883,0.18056622983146853,0.0,0.0,0.003146656323224306,0.44744164581742135,0.0059253637942981935,1.0,1.0,0.08771246671676636,0.8928414797674427,0.16627606879596185,1.0,1.0,0.029152551665902138,0.6323736686146314,0.1071010284890108,0.0,0.0,0.007038421928882599,0.5188500811539096,0.007614896969226931,0.02,0.04,0.0071130016539245845,0.4887659159280552,0.008074724601296305,,,,,,,,,,,,,,,,,,,,,,,,,,,,,,,,,,,,,
IDRiD_16,train,0.789125919342041,0.05502953380346298,0.04303445294499397,0.6514588594436646,0.00882895477116108,190239,False,5.3980056691216305e-05,0.054772138595581055,0.035292447920773344,0.022271984188310494,0.2266412249854131,0.0,1.0,0.06102411821484566,0.8646463746626015,0.11548035780683506,1.0,1.0,0.10614362359046936,0.8874741103979893,0.20356313676303062,0.0,0.0,0.006568381562829018,0.30995153529629227,0.016975592598497163,1.0,1.0,0.10928962379693985,0.7451787495330322,0.13151051052232463,1.0,1.0,0.11406133323907852,0.7377438450081222,0.15860067842501271,0.0,0.0,0.02074476145207882,0.4906783371122386,0.01982094660655448,0.02,0.12,0.02210699677467346,0.49335806104604674,0.024267404115468082,0.0008095080398866689,0.04133221894564206,0.0,1.0,0.0025438114535063505,0.8381358505932388,0.0726016162118529,0.0,0.0,0.0015373609494417906,0.7544403331828105,0.0023663955680280476,0.0,0.0,0.0018241978250443935,0.6237426875973233,0.002402320071734276,0.0,0.0,0.0006136405281722546,0.5146012031980636,0.0009000397183328397,0.0,0.0,0.00027167174266651273,0.4197862270333968,0.0006345592840612774,0.0,0.0,0.000873439246788621,0.5520871129957448,0.000917090836076747,0.0,0.02,0.0008542862796457484,0.5439275066910688,0.0018351142054256506,0.002701864496764596,0.024427167930865912,0.0,0.0,0.012472424656152725,0.909330511772159,0.14224968196281557,0.0,0.0,0.009514078497886658,0.9087752724921426,0.016774494357236838,0.0,0.0,0.00014633144019171596,0.21636545414931144,0.002322314547376372,0.0,0.0,0.0032865426037460566,0.462220886836612,0.0031892710520259357,0.0,0.0,0.0007496649050153792,0.39831821280679525,0.0021057721481340633,0.0,0.0,0.0016359996516257524,0.24153435806608048,0.0017135059488526338,0.0,0.02,0.002717947408091277,0.5028379356216347,0.007353446451360526,0.01876061165165923,0.18626044081392354,0.0,0.0,0.04600788280367851,0.8563317697587953,0.06797376034389527,1.0,1.0,0.09509218484163284,0.8869873588486261,0.20100202945217216,0.0,0.0,0.004597851540893316,0.3121909075851463,0.01412007792856849,1.0,1.0,0.10538944602012634,0.795524888113214,0.14269004373011507,1.0,1.0,0.11303999274969101,0.8003020601646608,0.18173622291574512,0.0,0.0,0.018235323950648308,0.5255468855431318,0.01775637467244473,0.02,0.12,0.018534763157367705,0.4898538001477042,0.01971490802889168,,,,,,,,,,,,,,,,,,,,,,,,,,,,,,,,,,,,,
IDRiD_17,train,0.9787976145744324,4.8340756620746106e-05,0.08465579897165298,0.0009136294247582555,0.3870047330856323,190190,False,0.017455467954277992,0.03004058450460434,0.024649035175350966,0.2735843104264157,0.823097954676902,1.0,1.0,0.252090185880661,0.45530239725440774,0.2581846154966566,0.0,0.0,0.09388305246829987,0.535256596621599,0.2700826525291213,0.0,0.0,0.15587782859802246,0.43808086622189074,0.23200810583597892,0.0,1.0,0.18619009852409363,0.4142513043084049,0.2566494099461807,1.0,1.0,0.19422464072704315,0.34392342954416255,0.23699310127690087,0.0,1.0,0.22641748189926147,0.36931404654531214,0.21205897380815603,0.26,0.76,0.27176266729831694,0.4932167288020704,0.2748640380391885,0.002860297597139702,0.14530206635469795,0.0,0.0,0.0029246651101857424,0.514408398856381,0.0030699087201508995,0.0,0.0,5.50129079783801e-05,0.39569464694534556,0.002558136701959436,0.0,0.0,0.0008032618789002299,0.32847338868728604,0.0022600112257550736,0.0,0.0,0.003278725780546665,0.5018947925920338,0.002989378750168718,0.0,0.0,0.004870234988629818,0.6500822149381772,0.005127298066856989,0.0,0.0,0.0030122750904411077,0.5506015239016069,0.0031889496268454184,0.0,0.06,0.0028218581806868314,0.4888930836298357,0.00304282799950429,0.22928650297071348,0.5898575109101425,1.0,1.0,0.2156052142381668,0.4613167531755825,0.2197351250807084,0.0,0.0,0.0917428657412529,0.5668358678426806,0.24001236294189401,0.0,0.0,0.14087384939193726,0.4633490072018004,0.2010716648324474,0.0,0.0,0.14352430403232574,0.4081639451874111,0.21421630489285015,0.0,1.0,0.0784105509519577,0.2925450276852125,0.17803708192374507,0.0,1.0,0.17600522935390472,0.32958296309370194,0.16642012148520902,0.26,0.64,0.22697629034519196,0.49012423397026894,0.2302668905836546,0.034859876965140126,0.37760660392239337,0.0,0.0,0.028289925307035446,0.47312734683098745,0.03115036966212234,0.0,0.0,0.001353228697553277,0.36181554134373767,0.0326494255205902,0.0,0.0,0.012002491392195225,0.35866567670489274,0.026194846502644756,0.0,1.0,0.03681659698486328,0.4658103597153601,0.036968546445548395,1.0,1.0,0.08589261770248413,0.6548517597790842,0.10348723514349673,0.0,0.0,0.04226797819137573,0.6477715180730944,0.046309658596378235,0.0,0.24,0.03515177551656962,0.5076850665256835,0.03698650607741478,0.006745885693254114,0.04560702455439297,0.0,0.0,0.005433191079646349,0.31924490596056215,0.006358908449885407,0.0,0.0,0.0007319424184970558,0.5180305318426307,0.006552492678961399,0.0,0.0,0.002250698395073414,0.41132236969097463,0.005147858898640596,0.0,0.0,0.0025829453952610493,0.5488232296346959,0.00652818832322522,0.0,0.0,0.025256257504224777,0.502032406019005,0.05250883630598288,0.0,0.0,0.005327803082764149,0.354585654068185,0.005362789523054244,0.0,0.0,0.006982089765369892,0.5260244758350805,0.009813857577028476
IDRiD_18,train,0.999984622001648,1.580754201313539e-06,0.024843472987413406,2.7218298782827333e-05,0.00013739576388616115,190301,False,0.006911532022058964,0.03277500718832016,0.027876889769365375,0.045443796932228414,0.5055044377065806,1.0,1.0,0.0565369687974453,0.6068585430700749,0.06141719881262403,0.0,0.0,0.013509240001440048,0.3853653596477898,0.0400504767998835,0.0,0.0,0.04012637957930565,0.5748510994208549,0.048949777701074663,1.0,1.0,0.010560816153883934,0.3595250770719172,0.0425981814312126,0.0,1.0,0.08546439558267593,0.5787019231077076,0.09053430725424616,0.0,1.0,0.04337654635310173,0.4688972726543982,0.043818787165131434,0.06,0.44,0.04569475166499615,0.5049406224628272,0.04809221001018834,0.005223304133977226,0.2770453124261039,0.0,1.0,0.010122017003595829,0.629555297813444,0.009637233107544418,0.0,0.0,0.005044807679951191,0.47235979022390917,0.005342255949699642,0.0,0.0,0.006156361196190119,0.5742240535564094,0.00676644905661733,0.0,1.0,0.004511106759309769,0.4318812846741886,0.005581093784742306,0.0,0.0,0.004738440737128258,0.529708273595801,0.0054774839043049365,0.0,1.0,0.004743689205497503,0.43748145987961123,0.004839990278943363,0.02,0.2,0.005272023240104317,0.5043968953835953,0.006104772734916699,0.014419262116331495,0.1996258558809465,1.0,1.0,0.02484065108001232,0.691946546028487,0.036581571656468345,0.0,0.0,0.005962814204394817,0.4211296800952065,0.012507994557601723,0.0,0.0,0.01096284855157137,0.5333562611427825,0.013879053062211323,0.0,0.0,0.002499061170965433,0.35485736415802827,0.01314236307955325,0.0,1.0,0.014922961592674255,0.5066959992032373,0.014810848793299245,0.0,1.0,0.01367977261543274,0.443699335457359,0.017352468650034883,0.0,0.16,0.01437261763960123,0.4982191391115336,0.01579023831045781,0.02037298805576429,0.2674079484605966,0.0,0.0,0.017592348158359528,0.5610470035026318,0.021912311925603976,0.0,0.0,0.00249903229996562,0.36457805255873715,0.01810945124712198,0.0,0.0,0.020890120416879654,0.6253392104908362,0.02507700715444817,1.0,1.0,0.002163802506402135,0.33743874796734546,0.021698461371216417,0.0,1.0,0.06350403279066086,0.6569792511026549,0.10385809111088239,0.0,0.0,0.02085856720805168,0.5295285562168275,0.021243103090635516,0.04,0.22,0.02060107987374067,0.510217750886664,0.022394274275898844,0.005496555456881467,0.033909438205789774,0.0,0.0,0.004115888383239508,0.5117511841024713,0.005511739178924059,0.0,0.0,2.61003742707544e-06,0.31378663447137844,0.005351029306154485,0.0,0.0,0.0021489118225872517,0.47781949787905686,0.0049936734682887104,0.0,0.0,0.00138684525154531,0.4161697407850117,0.004697459709397436,0.0,0.0,0.002716731745749712,0.508501908592542,0.005088565909805039,0.0,0.0,0.004164022393524647,0.3519082402257898,0.00402548953776454,0.0,0.0,0.0055180599167943,0.502226248768495,0.008459059541860856
IDRiD_19,train,0.9864799380302429,0.0004103369719814509,0.12230806052684784,0.0009412594954483211,0.07975448668003082,190352,False,0.0015884693711996078,0.03074786439538002,0.02707090022694797,0.026198831638228125,0.2460651845002942,0.0,1.0,0.12711040675640106,0.6769924850493442,0.1424978707692305,0.0,0.0,0.003041944932192564,0.3075689955137642,0.022425103030144167,0.0,0.0,0.07848590612411499,0.8203928992593319,0.1049050217118506,0.0,0.0,0.006773827597498894,0.3463725644832322,0.02056114799575761,1.0,1.0,0.11957459896802902,0.4200906910399139,0.1466065133363968,0.0,0.0,0.024004051461815834,0.44266093931099104,0.02297124878851111,0.02,0.2,0.02648207198828459,0.5083859039414648,0.02975507683033615,0.0013869042615785492,0.08607737244683533,0.0,0.0,0.0038570817559957504,0.5964813317476015,0.0035999478273713954,0.0,0.0,0.0009655912290327251,0.38379120172627024,0.001168116941055613,0.0,0.0,0.0019005894428119063,0.6490496129017391,0.0022376099058195407,0.0,0.0,0.0013065144885331392,0.4622081149528705,0.0012560973762458017,0.0,0.0,0.0015743380645290017,0.4878590315079048,0.0016216996736800752,0.0,0.0,0.0013306356268003583,0.48867126822815166,0.0012592723369589504,0.0,0.08,0.001384032799396664,0.49896441154084187,0.001688724289057681,0.009934227116079684,0.13003803479868875,0.0,1.0,0.06679920107126236,0.8054053886348086,0.10838441717777791,0.0,0.0,0.0006024801987223327,0.2721250776089744,0.008906394827187813,0.0,0.0,0.024899819865822792,0.7760817414050982,0.03293447107522362,0.0,0.0,0.0018345557618886232,0.3451730185520522,0.007569181191728972,0.0,0.0,0.001997990533709526,0.29120890411451666,0.006728625631924347,0.0,0.0,0.01011351402848959,0.5326881041899134,0.010026737102281325,0.0,0.04,0.010075842384248973,0.5107077551779484,0.011989670584912635,0.0037299319156089772,0.04951878624863411,0.0,0.0,0.030131248757243156,0.9142583538315642,0.04869864996141588,0.0,0.0,1.4782458492845763e-05,0.25083305589642846,0.003492286310163469,0.0,0.0,0.012735428288578987,0.9067324192131248,0.021328514786784762,0.0,0.0,5.03962019138271e-06,0.1944861364090768,0.0038250066149043502,0.0,0.0,0.0011051187757402658,0.15429779572939767,0.0036288485083735326,0.0,0.0,0.006214452441781759,0.8207928413024219,0.011867064876861521,0.02,0.08,0.003672910020686686,0.4874888692772333,0.00477792352341174,0.011200302597293436,0.07111561738253341,0.0,0.0,0.026992982253432274,0.4828195067906275,0.022513005795710236,0.0,0.0,0.0014590908540412784,0.35743628638838965,0.00942016060516958,0.0,0.0,0.03913553059101105,0.8377312171240247,0.05667678588306595,0.0,0.0,0.0036277174949645996,0.39238642088984854,0.008949226577778127,1.0,1.0,0.11489715427160263,0.6222039014722034,0.300443647684439,0.0,0.0,0.006426684092730284,0.22794089913228094,0.006627728929346811,0.0,0.04,0.011402506483718752,0.5144031124949885,0.014314021098299016
IDRiD_20,train,0.9999841451644897,3.734159918167279e-06,0.020706765353679657,4.049377821502276e-05,0.0003200525534339249,190262,False,9.502149623585865e-05,0.04650689288973808,0.03247626956512598,0.05188109028602664,0.5107588483249415,0.0,1.0,0.11288930475711823,0.6794717088145421,0.1081422320602212,1.0,1.0,0.08539769798517227,0.46702273988140197,0.06721937286841306,0.0,1.0,0.03633405640721321,0.4516834333203174,0.045401660574429625,0.0,1.0,0.01610105112195015,0.3457763889340355,0.04547247733083362,0.0,1.0,0.14800196886062622,0.6030229210016735,0.14118982118640766,0.0,1.0,0.06328509747982025,0.6416095532104267,0.0714912033481461,0.02,0.5,0.051850261464715004,0.5005887761585623,0.052433220588805056,0.005749965836583238,0.2946778652594843,0.0,1.0,0.017120912671089172,0.6743873213873888,0.024506066626811793,1.0,1.0,0.014564829878509045,0.5362640607837426,0.016710938190856724,0.0,0.0,0.0047547342255711555,0.46197864092413776,0.0051568970026653555,0.0,0.0,0.0029002490919083357,0.4033315762839521,0.004909153210795154,0.0,0.0,0.00661439960822463,0.5614234961153384,0.006661297463327075,0.0,0.0,0.0062282877042889595,0.5539125423299293,0.006480864399699173,0.0,0.18,0.005705588469281792,0.49588812636544033,0.005664233121287446,0.010774616055754697,0.17168430900547665,0.0,1.0,0.03911391645669937,0.6962348673981739,0.06470328671938726,0.0,1.0,0.027877282351255417,0.5689004847683233,0.027526551344239925,0.0,1.0,0.014085112139582634,0.5735740422877331,0.01350444775481524,0.0,1.0,0.006142559926956892,0.4516747697527568,0.009286184462005981,0.0,0.0,0.001965140923857689,0.3458788441736331,0.008118982798575373,0.0,0.0,0.010286814533174038,0.49085880627727685,0.009854478392467106,0.0,0.18,0.010755396373569965,0.5009559616335855,0.01116138824341747,0.035430091137484104,0.29735837949774524,0.0,0.0,0.05724019557237625,0.6689561851211562,0.05647160164360473,0.0,1.0,0.04379507899284363,0.42601318949275735,0.03864865779883406,0.0,0.0,0.017496170476078987,0.4140109466614553,0.02917337322882471,0.0,0.0,0.007058242801576853,0.309315802731047,0.032828042434519256,0.0,1.0,0.1394413262605667,0.6846531167665448,0.16359554945580274,0.0,1.0,0.04688740149140358,0.6977106522269643,0.05771780121636716,0.02,0.32,0.03546018484979868,0.5012541937588182,0.03708379129990941,,,,,,,,,,,,,,,,,,,,,,,,,,,,,,,,,,,,,
IDRiD_21,train,0.9999912977218628,1.8728853319771588e-05,0.004871211480349302,8.330954187840689e-06,0.002936901757493615,190253,False,0.0006438986747525632,0.029044484719634056,0.031847066800523516,0.055420939485842535,0.5224727073948899,0.0,1.0,0.11597508192062378,0.7001930759399309,0.11407370168049612,0.0,0.0,0.009582960046827793,0.35959164000770755,0.04594579878668563,0.0,1.0,0.07396993041038513,0.5710903825240105,0.0708082129496532,0.0,0.0,0.006638738792389631,0.2902947341394532,0.05018511757121617,0.0,1.0,0.20308147370815277,0.6202796421348391,0.1518032504729953,0.0,1.0,0.08288518339395523,0.7636409203025543,0.15380523684614683,0.04,0.5,0.055387175232172015,0.4989722483642642,0.055862998633188624,0.004741055331584785,0.2573993576973819,0.0,1.0,0.008120722137391567,0.595367861593358,0.0072474798993054056,0.0,0.0,0.002781705465167761,0.4612585515746909,0.00403753945393405,0.0,1.0,0.007153388112783432,0.5866286151828923,0.006599417675958184,0.0,0.0,0.0036225442308932543,0.47922899452999496,0.004157269162569786,0.0,0.0,0.0027808095328509808,0.4918997382605083,0.00421462252230748,0.0,1.0,0.0051925950683653355,0.5509963616709289,0.005722659493278768,0.0,0.22,0.004728165408596397,0.4992633349514806,0.0047764904961913384,0.016104870882456518,0.2112450263596369,0.0,1.0,0.0471072718501091,0.7819865722318449,0.06076152068464288,0.0,0.0,0.0022999693173915148,0.341738978670919,0.013902458847314458,0.0,0.0,0.011089020408689976,0.4743887868484459,0.014054740336859288,0.0,0.0,0.0015907230554148555,0.3207279162312511,0.013928765042731368,0.0,0.0,0.007053669076412916,0.4712780346759931,0.01423973165975858,0.0,1.0,0.021148238331079483,0.6735040496784179,0.038656411911728326,0.02,0.22,0.015883930530399083,0.4880819156937347,0.01796147316035166,0.034638087178651585,0.3374611701260953,0.0,1.0,0.06107605621218681,0.6666276104767934,0.059451821895937965,0.0,0.0,0.004532224498689175,0.36178097278195304,0.028578084674650128,0.0,0.0,0.055816154927015305,0.6116869235298482,0.05457302050823852,0.0,0.0,0.001425471156835556,0.26077507528412747,0.033703477257244034,0.0,1.0,0.1932579129934311,0.7013162291163172,0.1804664457702212,0.0,1.0,0.05662613362073898,0.8216277433388741,0.12801879864178176,0.02,0.36,0.034838279560208324,0.5041407931576817,0.03529738234840447,,,,,,,,,,,,,,,,,,,,,,,,,,,,,,,,,,,,,
IDRiD_22,train,0.9986202716827393,2.0016000235045794e-07,0.0014938710955902934,5.312135544954799e-05,0.0013596480712294579,190283,False,0.010552299208939075,0.027553807944059372,0.022492813335925965,0.06770967453739955,0.39881124430453585,0.0,1.0,0.07254234701395035,0.4854889045024156,0.07114592745797493,0.0,1.0,0.0859132930636406,0.48070981122071393,0.07351584927848545,0.0,1.0,0.09236632287502289,0.5375090899168008,0.08303997464580792,0.0,0.0,0.015845628455281258,0.35053136139109337,0.060223685710222366,0.0,1.0,0.20357675850391388,0.7151759258924008,0.20350267574555345,0.0,1.0,0.06210099905729294,0.42817384015340537,0.08267149448469432,0.1,0.42,0.06809995725750922,0.5038094046734721,0.0710184098554247,0.002081110766595019,0.1179243547768324,0.0,1.0,0.005695371888577938,0.60637979679912,0.0074781316922156015,0.0,0.0,0.0028859672602266073,0.549027619693019,0.002687346793288927,0.0,0.0,0.0029298621229827404,0.6055718698331314,0.0032130110851041845,0.0,0.0,0.0018364739371463656,0.460276524397684,0.002394402596940862,0.0,0.0,0.0014215294504538178,0.4565715530031168,0.001886593818239681,0.0,0.0,0.002759286668151617,0.6609117904775372,0.004207165857363086,0.02,0.14,0.002083467640914023,0.502476323787343,0.0023913737723076957,0.03526852109752316,0.18531345417089282,0.0,0.0,0.053540486842393875,0.5634172680921853,0.05234817797582718,0.0,0.0,0.019348829984664917,0.45963038144664514,0.03295117449812471,0.0,0.0,0.02406732738018036,0.44512762595613165,0.031378597558959706,0.0,0.0,0.009586440399289131,0.3747419794173461,0.03128426778595879,0.0,0.0,0.07482091337442398,0.648601215587958,0.079783307052135,0.0,0.0,0.02253769524395466,0.29599428002286116,0.023130213524966824,0.06,0.22,0.03544493444263935,0.5020714259478896,0.04034682591406184,0.0164964815564186,0.15242034233221044,0.0,0.0,0.007318916730582714,0.4148364085795261,0.012716608113562141,0.0,0.0,0.0018014785600826144,0.37117889764121265,0.013692078598889814,0.0,0.0,0.014979357831180096,0.6384948445606926,0.02033803271325,0.0,0.0,0.0013648144667968154,0.30888364156654313,0.015345140367082668,0.0,0.0,0.031093258410692215,0.7086822496067875,0.0328238706887241,0.0,1.0,0.028617236763238907,0.8277395966171,0.15094835677500343,0.02,0.1,0.01645487969741225,0.4985736691727891,0.017526405015429534,0.014336540836543465,0.06708429024137731,0.0,0.0,0.0061704423278570175,0.3533778053767892,0.01150481887286016,0.0,1.0,0.062231194227933884,0.6500118079861502,0.05888596412927,0.0,1.0,0.050728704780340195,0.6262051986501574,0.06718342670577718,0.0,0.0,0.0030773936305195093,0.35087375961261025,0.012795130476248128,0.0,1.0,0.09844398498535156,0.8862027366928857,0.16186933483320054,0.0,0.0,0.0085170092061162,0.2769407436679086,0.00924089650783948,0.0,0.06,0.014609882589429617,0.514460995383438,0.016291099087685442
IDRiD_23,train,0.9736735820770264,0.000141402444569394,0.1307401806116104,0.0014371857978403568,0.028509147465229034,190279,False,8.92695697984891e-06,0.040705591440200806,0.02753850924169246,0.0279641999379858,0.2864372841984665,0.0,1.0,0.09541233628988266,0.7881811252548583,0.10348254037170268,0.0,1.0,0.07589983195066452,0.5687713755819117,0.07010794905390882,0.0,0.0,0.01904146373271942,0.5065475865693894,0.028397321563475457,1.0,1.0,0.12981341779232025,0.49047891117048104,0.09310768886329264,0.0,0.0,0.011608479544520378,0.3268441211245247,0.02039262341583272,0.0,0.0,0.022116772830486298,0.40868481927729755,0.021096695852616462,0.06,0.36,0.027277500070631504,0.48034091706071413,0.02880443192601188,0.0009617456471812444,0.05088843224948628,0.0,0.0,0.001135022146627307,0.45391951310474077,0.0019300136488246433,0.0,0.0,0.0010997153585776687,0.5708243846988311,0.0013315535271292553,0.0,0.0,7.552129682153463e-05,0.3721828310681367,0.0008983402608796745,0.0,0.0,0.0002774960012175143,0.46779633243656715,0.0008481123154402693,0.0,0.0,0.0004149830783717334,0.44615888118675795,0.0008384808672037379,0.0,0.0,0.0009708797442726791,0.4934101337717325,0.0016812818143310915,0.0,0.1,0.001001252932474017,0.531604159419336,0.0013480854576735268,0.015561359897834233,0.11754844202460597,0.0,1.0,0.0558742880821228,0.8472556232072552,0.06314403163183965,0.0,1.0,0.021979084238409996,0.508427110815864,0.020862828237068334,0.0,0.0,0.012101205997169018,0.5157049137160827,0.016583697334010276,0.0,0.0,0.02714954875409603,0.3998791935323171,0.017725654187146663,0.0,0.0,0.0025386398192495108,0.31694457200110976,0.010262721039245462,0.0,0.0,0.013014779426157475,0.4425654774029868,0.012534860158302519,0.04,0.1,0.015241656862199306,0.48271438386513954,0.017495299486994152,0.0034160364517366606,0.10209744638136631,0.0,0.0,0.006361732725054026,0.707695448973247,0.006255975294185055,0.0,0.0,0.005535011179745197,0.5480583986398787,0.004691229200698702,0.0,0.0,0.00038531978498212993,0.430385037094275,0.002886794385366148,1.0,1.0,0.01439523696899414,0.547705188455844,0.06131656897600782,0.0,0.0,0.001187670510262251,0.29850079570550914,0.0025450954393100205,0.0,0.0,0.002661404898390174,0.3757940187209258,0.002458644742814118,0.02,0.12,0.0034405315294861794,0.5045326325727131,0.005432715621165487,0.008035568822623622,0.043110380020916654,0.0,0.0,0.03213103488087654,0.7353706747903361,0.04032200461649234,0.0,1.0,0.04744291305541992,0.6889143804874789,0.0739750995141581,0.0,0.0,0.006479416508227587,0.5370729569330315,0.00900653014980151,0.0,0.0,0.0882129892706871,0.6428601861345955,0.11919057220914737,0.0,0.0,0.007467186078429222,0.35216997578823794,0.009748005163977547,0.0,0.0,0.005476499442011118,0.35269065289423157,0.0057857204561582755,0.0,0.06,0.0076035079732537265,0.46027469341607946,0.008930682278445014
IDRiD_24,train,0.8710983991622925,0.863591730594635,0.02714901603758335,0.0010897907195612788,0.0029420251958072186,190311,False,0.00027550969389267266,0.03700714930891991,0.025458328735595944,0.00574848537394055,0.10165991456090294,0.0,1.0,0.03227061405777931,0.7984698616455543,0.05913214472496886,0.0,0.0,0.002314898418262601,0.41273328889167865,0.005159225200393554,0.0,1.0,0.020827889442443848,0.6786711442031053,0.036416434268390634,0.0,0.0,0.0026987255550920963,0.3772400858428434,0.0045671408682633596,0.0,0.0,0.002330752555280924,0.4282010505498661,0.004608417268111002,0.0,0.0,0.006680589634925127,0.6044845416934495,0.008107317461733266,0.0,0.12,0.005561574762687087,0.4752324367401649,0.00613454743211881,0.0002732369647576861,0.01452359558827393,0.0,0.0,0.00041344319470226765,0.42300709675675513,0.00038749465845336925,0.0,0.0,1.9912340576411225e-05,0.29481573359682134,0.0002326006915467417,0.0,0.0,0.00019758428970817477,0.4599196922236004,0.0003099184578432232,0.0,0.0,1.2674148820224218e-05,0.17593304481798605,0.00021581014610995032,0.0,0.0,7.51511033740826e-05,0.4460820676999961,0.0002706610146232323,0.0,0.0,0.0004383652994874865,0.8201409140190228,0.0008244741751615087,0.0,0.04,0.00026578006596537305,0.48922781099742013,0.00047747902233821374,0.0038988813048115977,0.039734960144185046,0.0,1.0,0.03043774701654911,0.9148568998882296,0.0785026963016088,0.0,0.0,0.001988812815397978,0.3770695537926914,0.003792477083033732,0.0,1.0,0.019307436421513557,0.7945399923817191,0.04659214699773362,0.0,0.0,0.002393899019807577,0.4056643055250621,0.0037410116021793977,0.0,0.0,0.001452069729566574,0.3474099003804272,0.0028295184523327126,0.0,0.0,0.0034450585953891277,0.49038673092978036,0.0034592174077653984,0.0,0.06,0.0037269755313172935,0.46758832603924266,0.004704204171773118,0.0015816216613858368,0.05175213203650866,0.0,0.0,0.00146095035597682,0.5688380435207486,0.0017000318104325725,0.0,0.0,0.0003080974274780601,0.529705451669839,0.001521864659124975,0.0,0.0,0.001334956381469965,0.420176229865565,0.001398614528330199,0.0,0.0,0.0002929784241132438,0.3450211529961483,0.001072009191491705,0.0,0.0,0.0008040466345846653,0.6348848537331205,0.0019302636257277686,0.0,0.0,0.002804753603413701,0.8562352477772065,0.010686368000177941,0.0,0.04,0.0015737903583794832,0.4925001999536949,0.001729031331673978,,,,,,,,,,,,,,,,,,,,,,,,,,,,,,,,,,,,,
IDRiD_25,train,0.9969397783279419,0.000103438513178844,0.0010615041246637702,0.0006051703821867704,0.11437142640352249,190119,False,0.05558432266116142,0.030025295913219452,0.023601007789857933,0.15276747721164113,0.6487147523393243,1.0,1.0,0.13456647098064423,0.49718656241646997,0.14660836891336346,1.0,1.0,0.21604016423225403,0.5254258091229524,0.1974321470329371,1.0,1.0,0.128261536359787,0.45441074658059877,0.14536019636618178,1.0,1.0,0.22243233025074005,0.4621418479912868,0.18805621907955342,1.0,1.0,0.3429736793041229,0.6254571153353556,0.27170223638939794,1.0,1.0,0.19386093318462372,0.6690833464629194,0.27769224857432573,0.14,0.52,0.15127819389104843,0.4925006831641417,0.14896972966328645,0.004770696248139323,0.2229130176363225,0.0,0.0,0.005722513888031244,0.5941599808460274,0.0062613686897644285,0.0,0.0,0.005171309225261211,0.5082332267215988,0.005004793841641349,0.0,0.0,0.005260449834167957,0.5397719141323793,0.005440557949447757,0.0,0.0,0.0018774108029901981,0.42791312047126,0.004407191952964775,0.0,0.0,0.0037758992984890938,0.4967628882745162,0.0048016239762410165,0.0,0.0,0.005382712464779615,0.5887163224372527,0.005875881984676421,0.0,0.24,0.004870036253705621,0.5152095065141576,0.006000864357808588,0.04719149585259758,0.3065027693181639,1.0,1.0,0.07736475765705109,0.603513710124118,0.08032999521822143,0.0,0.0,0.05880630016326904,0.4992260981658539,0.05178166000036208,1.0,1.0,0.06597840785980225,0.5960326228750872,0.06954437095347576,0.0,0.0,0.01050493586808443,0.36378854016380197,0.04438576952198057,0.0,0.0,0.052833616733551025,0.5585720594841443,0.05485741355993609,0.0,0.0,0.05848352983593941,0.6571606683624629,0.06602713238543671,0.02,0.24,0.04745611377060413,0.5049253393800688,0.048487730417085026,0.09772826492880775,0.41675476938128225,0.0,0.0,0.051141057163476944,0.4481913924476385,0.08086790659626249,1.0,1.0,0.15185779333114624,0.5429270846625441,0.15275676444991354,0.0,0.0,0.054042596369981766,0.37604795249941164,0.08457622904925748,1.0,1.0,0.20827136933803558,0.5188932371806225,0.16597753291809164,1.0,1.0,0.2810176908969879,0.6477004400226238,0.22907090383616666,1.0,1.0,0.12637774646282196,0.6595194520043512,0.24081806370485465,0.12,0.36,0.09584369733929635,0.48539566920018096,0.09476643110444537,0.0032085167710749585,0.031333007221792664,0.0,0.0,0.00043524065404199064,0.21846792507903876,0.0019174921567758425,0.0,0.0,0.0002993523085024208,0.3438460826455766,0.003026265046458612,0.0,0.0,0.0029946810100227594,0.6586317451922553,0.0043842455157178,0.0,0.0,0.0018364734714850783,0.46221603955033963,0.003125494996984067,0.0,0.0,0.0055632516741752625,0.7003772643759881,0.007702986186117111,0.0,0.0,0.0037951639387756586,0.6168809841180374,0.004293320002327682,0.0,0.02,0.0032382315141148863,0.5060494630303949,0.004958432418482572
IDRiD_26,train,0.9936581254005432,0.22221089899539948,0.3210141658782959,0.0009085009223781526,0.10943324118852615,190287,False,0.0006070046219974756,0.0335179902613163,0.029208511353902265,0.01978064712775965,0.2868193833525149,0.0,1.0,0.03559323027729988,0.6086739902418284,0.03578565243745308,0.0,0.0,0.0009372516069561243,0.3918773372002327,0.016294959122499605,0.0,0.0,0.007084650918841362,0.40934060692117036,0.017402449676122513,0.0,1.0,0.004716705530881882,0.3083905793951657,0.015549659052012124,0.0,0.0,0.009344074875116348,0.38678075648106247,0.014976821699445777,0.0,1.0,0.01892518810927868,0.47584527417490385,0.018298109605010063,0.0,0.28,0.01930803483352065,0.4806778156139525,0.020900119246047698,0.004030753545959524,0.19152122846016806,0.0,1.0,0.011310924775898457,0.748627946417342,0.017339725581190443,0.0,0.0,0.0007254061056300998,0.4272401432131926,0.0036294600638656347,0.0,0.0,0.00163896509911865,0.4829832063513754,0.0037901866178912808,0.0,1.0,0.0017990409396588802,0.32984571768270365,0.003386533224587881,0.0,0.0,0.0034426990896463394,0.47951357866302724,0.0037650160747224395,0.0,1.0,0.005372824613004923,0.6769527528762969,0.008452425897891273,0.0,0.18,0.004004152044653892,0.49332782560786625,0.004542135331686528,0.01526641336507486,0.13995701230246943,0.0,0.0,0.02407664619386196,0.5720313154413892,0.02407538846513579,0.0,0.0,0.00019189095473848283,0.3854163112052956,0.012440005633083704,0.0,0.0,0.005412284284830093,0.39068518721619827,0.013647184950773859,0.0,0.0,0.002143972786143422,0.28998918710431537,0.01202924036722571,0.0,0.0,0.005238897167146206,0.35163071569003423,0.011022705325042494,0.0,0.0,0.012941601686179638,0.41422467710367494,0.011909199407977389,0.0,0.16,0.01482132075354457,0.47682917994969687,0.01661546039787271,0.00048348021672526236,0.013637295243500607,0.0,0.0,0.0002056606754194945,0.5410295911499958,0.0005487888975808897,0.0,0.0,1.9954615709139034e-05,0.33018169358683147,0.00046923108168388163,0.0,0.0,3.340015246067196e-05,0.3972844984717198,0.00041147805510175433,0.0,0.0,0.0007736923871561885,0.7379012611816831,0.0009183659264425188,0.0,0.0,0.000662479258608073,0.7183258671938533,0.0009096663472518073,0.0,0.0,0.0006107613444328308,0.6969387075516671,0.0008401376782173264,0.0,0.0,0.00048256192007102073,0.49884592937663,0.0007060603635588767,,,,,,,,,,,,,,,,,,,,,,,,,,,,,,,,,,,,,
IDRiD_27,train,0.9999343156814575,8.68414372234838e-06,0.0037459845189005136,1.0873960491153412e-05,0.004924461245536804,190283,False,0.0,0.017933472990989685,0.024305902261368594,0.03123768281979998,0.4903853733649354,1.0,1.0,0.064170703291893,0.6170178856234618,0.05544076105461699,1.0,1.0,0.022816751152276993,0.4598377002698584,0.031860530846254384,1.0,1.0,0.051312196999788284,0.6530574581130848,0.05544742327540657,0.0,0.0,0.006281489972025156,0.3198256223656409,0.026123418875609247,0.0,0.0,0.04837534949183464,0.573678896074927,0.051121690521200844,0.0,1.0,0.03470791503787041,0.562141475178909,0.04137555054068284,0.02,0.48,0.03161794316023588,0.5101652892717351,0.03298328377574302,0.005765097249885697,0.30425734301014806,1.0,1.0,0.01797342859208584,0.6465748553823648,0.03422969066622733,1.0,1.0,0.007623113226145506,0.49994510286721816,0.028773283015028104,1.0,1.0,0.010738397017121315,0.6034625454058362,0.029467850318514174,0.0,0.0,0.0028328560292720795,0.36575976653479814,0.0049900066023439915,0.0,0.0,0.004101826809346676,0.4492588322676241,0.004992374961141029,0.0,1.0,0.006142281927168369,0.5386341864275023,0.00704832028503731,0.02,0.36,0.005769507475197316,0.5000788268644519,0.006570747142754973,0.010542192418660626,0.16327259923377285,0.0,0.0,0.03332744911313057,0.7697188437037229,0.032047230790866105,0.0,0.0,0.008116853423416615,0.49930318233339555,0.009817820801707743,0.0,0.0,0.025231007486581802,0.7945750440377696,0.031082014175106205,0.0,0.0,0.0018951096571981907,0.3491756626781775,0.008416471813669368,0.0,0.0,0.009565981104969978,0.40554064451132044,0.009582202508012469,0.0,0.0,0.007260196376591921,0.32247350751809534,0.0069540298968834915,0.0,0.18,0.010635520266368985,0.5077137773167,0.011614963157854,0.014982946453440402,0.23415123789303302,0.0,0.0,0.012917530722916126,0.4949582701746734,0.014996333089191998,0.0,0.0,0.007099414709955454,0.41867828939322516,0.012548996304408604,0.0,0.0,0.015392701141536236,0.5681576926038886,0.017071935040328362,0.0,0.0,0.0015591890551149845,0.28855486067434516,0.013157681345556647,0.0,0.0,0.03483966365456581,0.7366820484268348,0.046540486865413726,0.0,1.0,0.021392090246081352,0.7358315367045916,0.0365009593408408,0.0,0.18,0.01526550943031907,0.5153887864892733,0.01656055538037494,,,,,,,,,,,,,,,,,,,,,,,,,,,,,,,,,,,,,
IDRiD_28,train,0.9987936019897461,0.0004989180597476661,0.05585041269659996,0.0033286199904978275,0.004771197214722633,190433,False,6.041841515980195e-06,0.0384531170129776,0.026970115473683658,0.007945051540436794,0.1882131773379614,0.0,1.0,0.03380194678902626,0.7215452894607197,0.042387161299333925,0.0,0.0,0.024005485698580742,0.6962351488835167,0.02276246841678596,0.0,0.0,0.016276393085718155,0.7194166103364916,0.019950902479792764,0.0,0.0,0.015565627254545689,0.45506235463950595,0.01456077379736354,0.0,0.0,0.005239737685769796,0.4238637248948822,0.006542916418514771,0.0,1.0,0.01114986464381218,0.7161098953977292,0.015130948883873365,0.0,0.08,0.007855162639170885,0.49206728858998894,0.008825069326630663,0.0011447595742334574,0.08662364191080328,0.0,0.0,0.0013295043027028441,0.5805658947368422,0.0014600969164591698,0.0,0.0,0.0023282498586922884,0.570484,0.0016114891425041133,0.0,0.0,0.0016509538982063532,0.5837941052631579,0.0014881226734884952,0.0,0.0,0.0007751971133984625,0.3674467368421052,0.0009619992854144286,0.0,0.0,0.0016133829485625029,0.5421941052631579,0.0014018931006698977,0.0,0.0,0.0015582640189677477,0.6752896842105263,0.0018110452819162246,0.0,0.02,0.001140895518474281,0.4987110989473685,0.001157944140198833,0.005545257387112527,0.10658866898069137,0.0,1.0,0.027673795819282532,0.7283199520624635,0.04232480888191752,0.0,0.0,0.01803383231163025,0.6818646436130851,0.018257807625612348,0.0,0.0,0.012332512065768242,0.729688898366482,0.01570203581917906,0.0,0.0,0.014387661591172218,0.4920716857947596,0.015692241553290496,0.0,0.0,0.003034831490367651,0.39696299014258574,0.0044972695044312155,0.0,0.0,0.007236706092953682,0.6888165630516789,0.008753234119821193,0.0,0.0,0.00552416448481381,0.49708293649051255,0.006801127418666856,0.0012602857697983018,0.050505952224666945,0.0,0.0,0.004798647481948137,0.8076102472430928,0.005964676310268036,0.0,0.0,0.0036515123210847378,0.8648509222605911,0.004866988782407866,0.0,0.0,0.002293309196829796,0.7851792461597887,0.004083026350916754,0.0,0.0,0.0004027698596473783,0.3651616824031344,0.0009149369830324809,0.0,0.0,0.0006090271635912359,0.4445572684473901,0.0010189434629700549,0.0,1.0,0.0023632722441107035,0.8691716136583439,0.009927188732162704,0.0,0.06,0.001195814877282828,0.46395901160848874,0.0017040583189975977,,,,,,,,,,,,,,,,,,,,,,,,,,,,,,,,,,,,,
IDRiD_29,train,0.8884364366531372,0.003922841977328062,0.00043645771802403033,0.03208432346582413,0.00019948513363488019,190357,False,0.011559562757611275,0.036035407334566116,0.02900339887684719,0.002038275450863378,0.1215663201248181,0.0,1.0,0.003977332729846239,0.4903053858532313,0.010096699065884712,0.0,0.0,0.007236074190586805,0.5858375407379413,0.0043595860103138265,0.0,0.0,0.005750349257141352,0.6559125519122662,0.005178920953839014,0.0,0.0,0.0003202844236511737,0.34315678471225064,0.0015637027413477828,0.0,0.0,0.002711555687710643,0.5758327870602052,0.002559719128765129,0.0,0.0,0.0022863855119794607,0.5674950027635954,0.00219735873945137,0.0,0.02,0.0020227184193208816,0.49285474993256245,0.0019308505620669327,0.0011347100448105402,0.09014115582825953,0.0,0.0,0.0008736696327105165,0.4958193979933111,0.00094025480396876,0.0,0.0,0.0004133516922593117,0.4710966586735659,0.0009550100777873516,0.0,0.0,0.000766477664001286,0.5820270047608029,0.0012954788016742275,0.0,0.0,0.00030503602465614676,0.3555665548333719,0.0008759002000231043,0.0,0.0,0.0015206335810944438,0.6089081880201651,0.0015473609807891556,0.0,0.0,0.0012296541826799512,0.5382647784719155,0.0012189917581002256,0.0,0.02,0.0011145465762820094,0.4849766604965538,0.00105963774305281,0.0004255162668039526,0.019846919209695467,0.0,1.0,0.002959497505798936,0.8016275088230691,0.04070596595495699,0.0,0.0,0.0003363991854712367,0.6016708358733962,0.0010496003647642777,0.0,0.0,0.0012426329776644707,0.6756929408439782,0.0018087722810250768,0.0,0.0,7.210266630863771e-06,0.313914406302626,0.00034614538520005297,0.0,0.0,0.0003929636732209474,0.42581030926871877,0.0004447144353137245,0.0,0.0,0.00029803832876496017,0.38252296567236344,0.00030740224060281927,0.0,0.0,0.0004201783493044786,0.4879549281892096,0.0008267059364799056,0.00047804913924888497,0.019920465231118373,0.0,0.0,0.00014416596968658268,0.19692236540604174,0.0003489286544498352,0.0,0.0,0.00648632412776351,0.8464089007546931,0.007489968785693113,0.0,0.0,0.003741239197552204,0.8146145599024575,0.005513722993180071,0.0,0.0,8.038121450226754e-06,0.34043021715823324,0.0003623436541539143,0.0,0.0,0.0007979585789144039,0.6311762912821375,0.0008669049307498593,0.0,0.0,0.0007586930296383798,0.803778195883874,0.001241793474239923,0.0,0.0,0.0004879934902419336,0.5161938657529064,0.0006707000141321151,,,,,,,,,,,,,,,,,,,,,,,,,,,,,,,,,,,,,
IDRiD_30,train,0.9999126195907593,0.008627567440271378,0.005626222118735313,0.05845683440566063,0.0006258967332541943,190283,False,0.048813287168741226,0.026127507910132408,0.02347030475659938,0.015634607400556014,0.21825386398154328,0.0,1.0,0.04559987783432007,0.7739219523177665,0.050809536681050566,0.0,0.0,0.018991541117429733,0.5289885916571488,0.01880396455670256,0.0,1.0,0.055681128054857254,0.8009818946476159,0.07528082737991693,0.0,1.0,0.011617605574429035,0.3792635581994741,0.013696946907673929,0.0,1.0,0.031376827508211136,0.6301629149818073,0.035330066312070564,0.0,1.0,0.018537012860178947,0.604132436277586,0.02486884255502466,0.0,0.1,0.01594794502481818,0.5166267022240714,0.017105652296806318,0.0015135351029781957,0.06574418103561537,0.0,1.0,0.0030955218244343996,0.569484720918662,0.002839596585432764,0.0,0.0,0.0028683317359536886,0.629449172967157,0.0035630434586872857,0.0,1.0,0.002123971236869693,0.6562425549314472,0.0023651283252492175,0.0,0.0,0.0005256726290099323,0.3679175582280543,0.0013226216342331475,0.0,0.0,0.001990629592910409,0.5741864029085494,0.0022533078751142076,0.0,0.0,0.0017196417320519686,0.6095754801134254,0.0020449979570939655,0.0,0.0,0.0015366921317763627,0.5108261158876516,0.0018737516816708718,0.0078041653747313216,0.0851363495425235,0.0,1.0,0.03084733337163925,0.8788634582178397,0.042470622456602415,0.0,0.0,0.006420772057026625,0.47494467669377927,0.007573725163612677,0.0,1.0,0.03564798831939697,0.9059908779024856,0.06185819212500416,0.0,0.0,0.0008425408159382641,0.2722881639932749,0.006051864919743539,0.0,0.0,0.004771438427269459,0.5371832825919026,0.007684144105613798,0.0,0.0,0.008662338368594646,0.5975524833007679,0.008945969266935125,0.0,0.02,0.007944851061329245,0.5141833200799746,0.00970734861954627,0.004309370779312918,0.0872857796019613,0.0,0.0,0.005901344120502472,0.6159835422015764,0.006520967517585498,0.0,0.0,0.009702331386506557,0.7599698838719607,0.011244082997830966,0.0,0.0,0.01120885368436575,0.706200844208313,0.012992952311239314,0.0,1.0,0.009491918608546257,0.5944368876811933,0.008080853741402633,0.0,1.0,0.023428302258253098,0.8942726840687139,0.06582434892730525,0.0,1.0,0.007067644502967596,0.7851922970931073,0.029222785518236916,0.0,0.06,0.004347716276533901,0.5087084819121245,0.004703196713081062,0.002007536143533579,0.017384632363374553,0.0,0.0,0.005755677819252014,0.8410322133462116,0.007930121445613928,0.0,0.0,1.056505993801693e-07,0.17223743217408602,0.0019196076298503943,0.0,0.0,0.006700311787426472,0.687012776070036,0.009546344388717085,0.0,0.0,0.0007574745104648173,0.35740087449502433,0.001774568336715754,0.0,0.0,0.0011864581611007452,0.46768133741801615,0.0018645075050484228,0.0,0.0,0.0010873896535485983,0.23868381028982197,0.0013216938347779912,0.0,0.02,0.002118685774039477,0.5457291519187557,0.0030071397537208815
IDRiD_31,train,0.9987855553627014,7.082180218276335e-06,0.0011647791834548116,0.0002803948300424963,0.0022282805293798447,190295,False,0.060778502374887466,0.027162371203303337,0.0212144302267532,0.061924906066896136,0.34031372342941224,0.0,0.0,0.11167533695697784,0.6447286248071374,0.10145814411839002,1.0,1.0,0.1233605444431305,0.46723057600892626,0.14584412545776881,0.0,0.0,0.15865302085876465,0.7429586982033031,0.18079592303558825,0.0,1.0,0.040301356464624405,0.4273054282208382,0.05610026618986572,1.0,1.0,0.13375486433506012,0.5946602869878324,0.1654016669804561,1.0,1.0,0.0559595450758934,0.4099560005093288,0.08542546819712549,0.08,0.36,0.06346264645457268,0.520188806359434,0.07091802855261804,0.001797209595627841,0.09958748259281641,0.0,0.0,0.0020843034144490957,0.5500184861482589,0.002189547263705651,0.0,0.0,0.0005974093801341951,0.3594354236720978,0.0015572009199710947,0.0,0.0,0.0041405213996768,0.7402211785738522,0.004971219882616451,0.0,1.0,0.0008358571794815361,0.38298946757553004,0.0018840690841802385,0.0,1.0,0.005011884029954672,0.691648239018877,0.006500130123771997,0.0,1.0,0.0018680364592000842,0.5290595230573749,0.002820433823310471,0.02,0.1,0.001790016999002546,0.4953449374863987,0.002461028519014897,0.03029506818360966,0.1860217031451168,0.0,0.0,0.07573708146810532,0.7354781435077806,0.07501113480794569,0.0,1.0,0.04997821897268295,0.4543035068292882,0.04994566938463055,0.0,0.0,0.06420794129371643,0.6970289781115953,0.06564770117896941,0.0,0.0,0.008335097692906857,0.4127412409049198,0.025147299857325483,0.0,0.0,0.02034761942923069,0.43436359728032714,0.02644002228215856,0.0,1.0,0.030750341713428497,0.46859870133936427,0.0486194261056605,0.02,0.16,0.03091493770480156,0.5164529589267264,0.03401311920665734,0.009585117843348485,0.14547413226832023,0.0,0.0,0.01983471028506756,0.6923415628508907,0.019203326554460234,0.0,0.0,0.00492228614166379,0.37414076439818766,0.008206984657198074,0.0,0.0,0.031485602259635925,0.8670795760489344,0.04548193954206067,0.0,0.0,0.00039417718653567135,0.30763765133529075,0.00901021302460631,0.0,0.0,0.03420407697558403,0.8018967667816891,0.04611192390815449,1.0,1.0,0.01327527966350317,0.6998833682322292,0.07586932290860082,0.02,0.14,0.009758287928998471,0.5139511607825011,0.012696922939738746,0.020857090307154682,0.08013347696996768,0.0,0.0,0.015142137184739113,0.4861551751662683,0.01923819488710985,1.0,1.0,0.0697198286652565,0.5479710253966341,0.13880433427109337,0.0,0.0,0.06056156009435654,0.725200643129413,0.07688044113624791,0.0,1.0,0.031885210424661636,0.5214859105276934,0.028570986518505044,1.0,1.0,0.07504262775182724,0.7080386186442785,0.20020339906822182,0.0,0.0,0.010424405336380005,0.18825950383564669,0.012198331545464972,0.02,0.1,0.021618858482688665,0.5280885225062666,0.028314425308861687
IDRiD_32,train,0.9993234872817993,0.00419938750565052,0.023163404315710068,0.0072927288711071014,0.00292504602111876,190256,False,0.0634419247508049,0.03417817875742912,0.026075393154486586,0.03374400807333277,0.24642586830375915,1.0,1.0,0.11560822278261185,0.833485343447252,0.22663658612318702,0.0,0.0,0.026488306000828743,0.562939535641838,0.03621711863977661,1.0,1.0,0.08823321759700775,0.7789033918061371,0.16053516440030463,0.0,0.0,0.009716217406094074,0.3261048675287604,0.029381037407148813,0.0,1.0,0.13713733851909637,0.7345432916531409,0.1757520854155999,0.0,0.0,0.027693016454577446,0.43355346583881554,0.02649131771011823,0.08,0.26,0.033925508260726926,0.5045251865883742,0.036364574675445786,0.0011090320410394416,0.048219241443108234,0.0,0.0,0.0010371864773333073,0.549886048623263,0.001158749796540484,0.0,0.0,0.0002720448246691376,0.3486364491496813,0.0008273395807538673,0.0,0.0,0.0012877817498520017,0.589315887991767,0.0013452462847191083,0.0,0.0,0.0011485074646770954,0.5723498895706786,0.0012814820118091815,0.0,0.0,0.002935330383479595,0.7583489892989649,0.003236000837084036,0.0,0.0,0.001171895070001483,0.5790677806670086,0.001167778248161165,0.0,0.08,0.0011242879717610777,0.5065034151051505,0.0014693925495470857,0.012288705743839879,0.09122971154654781,1.0,1.0,0.060762807726860046,0.8293602038819523,0.32296507170741456,0.0,0.0,0.008846678771078587,0.4395653649534552,0.011253172468502366,1.0,1.0,0.03650042042136192,0.7684123083740483,0.13830197324210244,0.0,0.0,0.00804940052330494,0.4277783561620879,0.010703894087022763,0.0,0.0,0.023281218484044075,0.5854960828181079,0.020604866231934867,0.0,0.0,0.007460929919034243,0.2883309741927146,0.00786727594945576,0.04,0.1,0.012349139200523496,0.5051107576293155,0.01527679107540052,0.014864182995542848,0.11468232276511647,0.0,0.0,0.04199475795030594,0.8647224704199217,0.055314241448823055,0.0,0.0,0.007972531020641327,0.5897227759634811,0.016312375550461826,0.0,0.0,0.03772344812750816,0.7614327626863341,0.06255431084067523,0.0,0.0,2.4802653570077382e-05,0.25170875611982674,0.014539002080522192,0.0,0.0,0.06806875765323639,0.7690079099959584,0.10468266772874991,0.0,0.0,0.014958375133574009,0.5581181328332414,0.015108829343679927,0.04,0.12,0.015063968319445849,0.509752389907538,0.017709279299958483,0.005539904129173324,0.043341602892944246,0.0,0.0,0.012058235704898834,0.7677097252904799,0.01358109290153281,0.0,0.0,0.009420194663107395,0.7965945616756933,0.013876847824198466,0.0,0.0,0.012927067466080189,0.849666571856615,0.016341424690669293,0.0,0.0,0.0004935070755891502,0.2795477527632415,0.005139065892519021,0.0,1.0,0.04344313591718674,0.936172532469701,0.10081314059893004,0.0,0.0,0.004135755822062492,0.395544382701843,0.004089163784173957,0.0,0.02,0.005444406671449542,0.48783801250275344,0.006655031878686301
IDRiD_33,train,0.9883451461791992,0.28653183579444885,0.5617241263389587,0.0031422250904142857,0.780223548412323,190273,False,2.3677635908825323e-05,0.03598872572183609,0.02824888449753775,0.07293730587103793,0.6425714631082707,0.0,1.0,0.08316375315189362,0.5285355306836199,0.08112022805976506,0.0,0.0,0.02598564513027668,0.45235067007723584,0.06738727157326124,0.0,0.0,0.027300357818603516,0.4693883614249407,0.06576021204053294,0.0,0.0,0.028998861089348793,0.4010906327635416,0.05791247278996052,0.0,0.0,0.0625290647149086,0.4496392655116067,0.06552596433220323,0.0,1.0,0.07953047752380371,0.5421007228903105,0.08315049585641407,0.06,0.62,0.07274495333433151,0.4971575985446174,0.07279113656048301,0.007709974615421,0.33697371671230286,0.0,0.0,0.010335455648601055,0.6093791869484532,0.010075154008496364,0.0,0.0,0.000723127624951303,0.44736403409196374,0.0062686389137924115,0.0,0.0,0.0017867611022666097,0.4308043034274256,0.006180006729962201,0.0,0.0,0.004028459079563618,0.3777543427654052,0.006261069004951381,0.0,0.0,0.005537623539566994,0.5033814777372737,0.006796149298187661,0.0,0.0,0.009016349911689758,0.5848799311097499,0.010714448660623845,0.0,0.36,0.007776199718937278,0.5083975407456273,0.00820635620967157,0.04945525639475911,0.43258896427764315,0.0,1.0,0.06050486862659454,0.5401511843766243,0.059553526267246575,0.0,0.0,0.01914696767926216,0.40111499833219594,0.04377621308485061,0.0,0.0,0.02141004428267479,0.5187383150582081,0.04870449979971028,0.0,0.0,0.012763976119458675,0.36850794122257696,0.038602829016375136,0.0,0.0,0.026721186935901642,0.372499030552049,0.037189648703914224,0.0,1.0,0.04546714574098587,0.44993030582694205,0.04242352146567478,0.06,0.48,0.04948874033987522,0.4991230869580079,0.05043862336411665,0.015167680122770966,0.2950549999211659,0.0,0.0,0.011800829321146011,0.43705653873971917,0.01273580696792984,0.0,0.0,0.006177737843245268,0.6389232184688849,0.022613031823781587,0.0,0.0,0.0027772763278335333,0.3101576327270107,0.011762272697975543,0.0,0.0,0.011907798238098621,0.5219943728603291,0.014288667436328622,0.0,0.0,0.022581590339541435,0.6482704690064448,0.022827576746512437,0.0,1.0,0.025101035833358765,0.8368006884465229,0.04487795039449843,0.0,0.2,0.01490818254649639,0.48729724499830396,0.014869170880396456,0.0008041077819764234,0.005239839598892118,0.0,0.0,0.0007653055363334715,0.69984071672491,0.0012929136744742704,0.0,0.0,0.0,0.24451948161238746,0.0007988227874710952,0.0,0.0,0.0013482619542628527,0.9305155086656303,0.005567890429064765,0.0,0.0,0.0004576992942020297,0.635577915376677,0.0010962899873637876,0.0,0.0,0.007867845706641674,0.995430779043038,0.09866597409810303,0.0,0.0,0.00025960084167309105,0.029424221687771552,0.00041844816279531274,0.0,0.0,0.0007717639100155793,0.4711517780819127,0.0015002241321635315
IDRiD_34,train,0.9944933652877808,0.0038748388178646564,0.027340959757566452,0.016950981691479683,0.19870121777057648,190575,False,0.028808491304516792,0.028275782242417336,0.02265249901613538,0.06495605404696314,0.4755450609996065,0.0,1.0,0.10590902715921402,0.6137330169719245,0.11617888776312085,0.0,1.0,0.07793021947145462,0.4674426003166135,0.083041814070342,0.0,1.0,0.10729262977838516,0.6064524504881674,0.10527718972920891,1.0,1.0,0.06682255119085312,0.4761267041200212,0.06467489151114701,0.0,0.0,0.038110025227069855,0.4680188934955727,0.05501952436351428,0.0,1.0,0.048013657331466675,0.3470668488889457,0.045241657833235145,0.02,0.48,0.06366196125745774,0.4840007231087446,0.06392383456031635,0.002686606322969959,0.15559753377935195,0.0,0.0,0.003198753111064434,0.5675509176125784,0.003480497014990297,0.0,0.0,0.003195613855496049,0.5072137942444876,0.0034662987373528112,0.0,0.0,0.004036314319819212,0.6021327489537958,0.004194395329737029,0.0,0.0,0.0023898575454950333,0.47484893840059644,0.0027351435149684865,0.0,0.0,0.003725974354892969,0.5770026082440443,0.003719030106588506,0.0,1.0,0.0028886219952255487,0.540660387844548,0.004347158445142999,0.0,0.08,0.002684095879085362,0.49699753293203563,0.002954821833178074,0.05710087891906074,0.2889413616686344,0.0,1.0,0.09729550033807755,0.6310209978583267,0.10993225366889554,0.0,1.0,0.06501137465238571,0.45258541298837285,0.07118587337081414,0.0,1.0,0.09851446747779846,0.622222051146749,0.09926281333766379,0.0,0.0,0.03307270258665085,0.4542024252042292,0.04902792089964262,0.0,0.0,0.030012454837560654,0.4592815684133692,0.047378690750632335,0.0,0.0,0.04106295853853226,0.3378962405631005,0.03904975231920277,0.02,0.42,0.05573994122445583,0.4813985017565894,0.05636243729080117,0.005184310638856093,0.14604748786566968,0.0,0.0,0.005463947542011738,0.43637909055939167,0.0054078946737734605,0.0,0.0,0.009723559953272343,0.607942339305767,0.012596086699876413,0.0,0.0,0.004767793696373701,0.4237642288764039,0.00506054104154592,1.0,1.0,0.031359996646642685,0.711441103362146,0.06661999547245392,0.0,0.0,0.004374749958515167,0.5067562042989793,0.004970678926393297,0.0,0.0,0.0040735225193202496,0.36669058630129425,0.003766219314753488,0.0,0.1,0.00525341022759676,0.507227501599913,0.0063473718651917,,,,,,,,,,,,,,,,,,,,,,,,,,,,,,,,,,,,,
IDRiD_35,train,0.9995655417442322,0.016288619488477707,0.007987790741026402,0.008171708323061466,0.10816768556833267,190554,False,0.064873106777668,0.02829430066049099,0.022975114665659078,0.06223432727730722,0.4320822444031613,1.0,1.0,0.09545411169528961,0.6165508077411918,0.09960485480561451,0.0,0.0,0.09988521039485931,0.6112580208440845,0.11067457774733715,1.0,1.0,0.12885084748268127,0.639625079118243,0.15635038799619763,0.0,0.0,0.011534466408193111,0.3512142691568195,0.05061462979768994,1.0,1.0,0.15193390846252441,0.4774899934235122,0.10533746387288398,0.0,1.0,0.06610287725925446,0.5415825128647885,0.06810789185896692,0.08,0.46,0.06332115449011326,0.5149623762490296,0.0685741602151097,0.002886320937896869,0.13768275659393137,0.0,1.0,0.0055761984549462795,0.6083326047514699,0.006268363930260942,0.0,0.0,0.0025212489999830723,0.463671823166051,0.0026320469257616113,0.0,0.0,0.003563530743122101,0.5746615039665857,0.003395442915861377,0.0,0.0,0.0016357570420950651,0.39180582580258716,0.002575672656836824,0.0,0.0,0.0016964459791779518,0.4574010585829424,0.002872347048240688,0.0,0.0,0.003578365780413151,0.6424972809944925,0.003989189626438548,0.0,0.18,0.002898579640313983,0.505799144241847,0.0034565199278079176,0.04984413866935357,0.2768191693693126,1.0,1.0,0.06691638380289078,0.5838186277696813,0.07214330925231396,0.0,0.0,0.07893938571214676,0.5876535997711592,0.09171159778287917,0.0,0.0,0.08094558119773865,0.5975497671860195,0.08012072687295227,0.0,0.0,0.006826934404671192,0.34924763211019516,0.04026847886563381,0.0,0.0,0.01696118526160717,0.4029075533042844,0.03966251990615131,0.0,0.0,0.049513332545757294,0.5093246052387483,0.04817497667524506,0.06,0.24,0.050670042410492895,0.5134531425325891,0.055637253214056014,0.004009362175551287,0.08687301237444504,0.0,1.0,0.011576099321246147,0.8623144283062432,0.016607461789110056,0.0,0.0,0.0052011627703905106,0.6538762882633355,0.0053587370282674775,0.0,0.0,0.011157815344631672,0.8343704049795352,0.014308701524408902,0.0,0.0,0.0003991260891780257,0.2789835629632593,0.003708210566191402,0.0,0.0,0.014356058090925217,0.8342336525292076,0.023036373461760608,0.0,1.0,0.007410677615553141,0.898368838873898,0.02518761375000172,0.02,0.1,0.004107054220512509,0.5175163544879889,0.005573910896314065,0.0055050012070069375,0.03319793864206472,0.0,0.0,0.011406268924474716,0.697241035188906,0.015205172754266348,0.0,0.0,0.013238564133644104,0.8339312660441147,0.01659152160878291,1.0,1.0,0.03321798890829086,0.862051960386057,0.45261810848938294,0.0,0.0,0.0026726475916802883,0.4354132201977932,0.004790691260655818,1.0,1.0,0.11893340945243835,0.8791627088035683,0.49767169036296266,0.0,0.0,0.0056192707270383835,0.4994818541655581,0.006735833930486686,0.0,0.04,0.005655568898655474,0.5270804682530484,0.007998484019624476
IDRiD_36,train,0.9996410608291626,0.03811618313193321,0.043746281415224075,0.005150950979441404,0.0004009150143247098,190183,False,6.018959993525641e-06,0.03246103972196579,0.026674308429249723,0.012009485600710895,0.21721710142336592,0.0,1.0,0.03846235200762749,0.6205429887414238,0.034664112208149474,0.0,0.0,0.0032835479360073805,0.4125393256426557,0.009686668052546202,0.0,1.0,0.040483493357896805,0.7268634846617938,0.05269334703312916,0.0,0.0,0.00736215990036726,0.3967589772996182,0.009486276204622213,0.0,0.0,0.010641160421073437,0.6100973339792097,0.01904714625653795,0.0,0.0,0.01238599419593811,0.4852906889192375,0.013585516099306182,0.0,0.22,0.011978237088769675,0.49871460840524634,0.013858032764894064,0.002297786868437242,0.12837635330181982,0.0,1.0,0.008929119445383549,0.7388420135786589,0.015869599029247932,0.0,0.0,0.0008848216384649277,0.3997632669320983,0.001815327736090892,0.0,1.0,0.00769544392824173,0.7032977728059981,0.01743876984004315,0.0,0.0,0.0011407907586544752,0.36385691282820953,0.0016188561867308635,0.0,0.0,0.0021026309113949537,0.6007678851576681,0.0032499026532572645,0.0,0.0,0.002938595600426197,0.6821194623306583,0.0035117199226206465,0.0,0.1,0.0022517369245178996,0.48167627738038776,0.0026974858931148077,0.008176335424301857,0.06941735065699879,0.0,0.0,0.02245909534394741,0.5578629934565105,0.019342062317489816,0.0,0.0,0.002024115528911352,0.42208876733630063,0.006718020967676691,0.0,0.0,0.026025304570794106,0.719037626742691,0.032425036932959735,0.0,0.0,0.006176425144076347,0.4526773860728619,0.007320079436378221,0.0,0.0,0.00643822131678462,0.5760564609206849,0.011969703399514354,0.0,0.0,0.007304603233933449,0.38627765304229444,0.008444199397068908,0.0,0.06,0.008209998840466142,0.5044263515797348,0.010553955550682479,0.0015353633079717955,0.058422677105735,0.0,1.0,0.0070741367526352406,0.7808662942834139,0.007492658308911026,0.0,0.0,0.00037461065221577883,0.383491847826087,0.0013984260250101122,0.0,1.0,0.006762745324522257,0.7940917804179306,0.011525061728703798,0.0,0.0,4.494423410505988e-05,0.1456684700689061,0.0011496520980966269,0.0,0.0,0.0021003081928938627,0.8043817642212485,0.004653073843640862,0.0,0.0,0.0021427946630865335,0.7331723905085572,0.0026765851249861564,0.0,0.1,0.001516501345904544,0.4929537148213683,0.0023771726935741043,,,,,,,,,,,,,,,,,,,,,,,,,,,,,,,,,,,,,
IDRiD_37,train,0.9946022629737854,0.0012320545502007008,0.027558261528611183,0.098595030605793,0.0011719072936102748,190250,False,0.053753454238176346,0.02940514124929905,0.025608409986859395,0.013639947437582128,0.1942496714848883,0.0,1.0,0.04029085859656334,0.6887600941123758,0.04839797323064801,0.0,0.0,0.01416019070893526,0.6869367182136941,0.02578737441159505,0.0,0.0,0.044509634375572205,0.7519018307107653,0.04584646955862703,0.0,1.0,0.0029084549751132727,0.24701316139686688,0.012148012948671556,0.0,0.0,0.04563872888684273,0.6448888086892093,0.04332831810516488,0.0,1.0,0.017661627382040024,0.6214813835690767,0.04536489995557379,0.02,0.24,0.013890967126935721,0.5135052620923818,0.016925518178256313,0.0014717477003942181,0.0902969776609724,0.0,1.0,0.0037712620105594397,0.650264894553787,0.008184878109373009,0.0,0.0,0.0017200574511662126,0.6143401926435743,0.0018906017747696545,0.0,0.0,0.00224009295925498,0.6570790745017601,0.0023819237719137124,0.0,1.0,0.001947023905813694,0.4346585525068963,0.0017210626927749257,0.0,0.0,0.0019002334447577596,0.5983689625381,0.0019352482458386414,0.0,0.0,0.0018110389355570078,0.6354767404994307,0.002156341967042949,0.0,0.14,0.001496673789806664,0.5103404969393951,0.00190740291422348,0.007090670170827858,0.06291721419185282,0.0,0.0,0.012833748944103718,0.526977603458823,0.011616794553453904,0.0,0.0,0.0029429378919303417,0.6117421199977245,0.00965213828067199,0.0,0.0,0.006425377447158098,0.633587913716879,0.009428490032842603,0.0,0.0,0.0007503576343879104,0.23187417157633122,0.006214755030246998,0.0,0.0,0.002381185069680214,0.44472805524653924,0.0059633657630191895,0.0,0.0,0.005686370190232992,0.3736421307489063,0.005533001355645247,0.02,0.06,0.00724125312641263,0.5145216112538059,0.010754771222064467,0.005114323258869908,0.09125886990801577,0.0,0.0,0.023686427623033524,0.9003884081142479,0.04370004700318503,0.0,0.0,0.009511045180261135,0.8021142967552382,0.020130914413645666,0.0,0.0,0.03586024418473244,0.9262910773886022,0.06270423850565496,0.0,0.0,0.0002110733767040074,0.21956735034885522,0.005064750167902651,0.0,0.0,0.041370589286088943,0.916078576745366,0.07668065162228174,0.0,1.0,0.010184499435126781,0.9348822132174623,0.07633870237223872,0.0,0.04,0.005188613990321755,0.5123374341481864,0.006588234822275987,,,,,,,,,,,,,,,,,,,,,,,,,,,,,,,,,,,,,
IDRiD_38,train,0.5556929111480713,0.03654969111084938,0.04947848245501518,0.00030850301845930517,0.0002733586588874459,190208,False,0.002116474788635969,0.028905734419822693,0.030324697173620456,0.009762996298788695,0.2334707267833109,0.0,0.0,0.010649838484823704,0.5109264600388316,0.010496210347208249,0.0,0.0,0.010290315374732018,0.43530585640439506,0.010790913644156106,0.0,0.0,0.007908941246569157,0.4853551344748919,0.00903931510137333,0.0,1.0,0.0421505942940712,0.568740600236904,0.028659403363157844,0.0,0.0,0.0048393066972494125,0.5205578416066636,0.009395627520381334,0.0,0.0,0.010469626635313034,0.5372370259034159,0.011377194188945724,0.0,0.08,0.009742085160687565,0.4956764824274632,0.010611527948179345,0.0020503869448183043,0.11031607503364738,0.0,0.0,0.0029054463375359774,0.56863965363586,0.0032484329279914865,0.0,0.0,0.0018785999855026603,0.5347094764393703,0.002487627924431872,0.0,0.0,0.001735612517222762,0.49324583905388164,0.002247852963532773,0.0,0.0,0.003449811367318034,0.6590322438198007,0.003976161652127867,0.0,0.0,0.0018997647566720843,0.6603372313349551,0.0033806462227365395,0.0,0.0,0.002865659538656473,0.7326732623583914,0.004608168626491387,0.0,0.04,0.0020247306511737406,0.4921842397893233,0.002384135556280194,0.0020924461641991924,0.0296780366756393,0.0,0.0,0.0010554788168519735,0.3746967589058593,0.0015471597832837545,0.0,0.0,3.628130070865154e-05,0.22233211269967895,0.0016863870421126056,0.0,0.0,0.001091266400180757,0.5724047916500916,0.0021933982297301013,0.0,0.0,0.0003671217418741435,0.5559019393238277,0.002171058399593901,0.0,0.0,0.0008584245224483311,0.6077126773162115,0.0024079166454697484,0.0,0.0,0.0017375212628394365,0.3866181495251141,0.0016559272674820536,0.0,0.0,0.0021904700784943997,0.5280193373313924,0.004127693206390231,0.0031018674293405114,0.12123044246298789,0.0,0.0,0.006402516737580299,0.7508531918296298,0.006814021997935667,0.0,0.0,0.008332900702953339,0.665843543160157,0.010596828844055998,0.0,0.0,0.0029974717181175947,0.3650922093556437,0.003216870341854838,0.0,1.0,0.038294583559036255,0.7634714179978411,0.061074657058173686,0.0,0.0,0.0015847735339775681,0.40213838125096163,0.0026136915811582747,0.0,0.0,0.004538404755294323,0.757902456033233,0.006661172796236558,0.0,0.04,0.003090462666004896,0.499341321644671,0.003360166106139694,0.0025288105652759084,0.01861120457604307,0.0,0.0,0.000287358503555879,0.2900445838410416,0.0016630572279744782,0.0,0.0,4.253419683664106e-05,0.2533924182313647,0.0019682324110803515,0.0,0.0,0.002102796221151948,0.5502274190445248,0.002661059363892399,0.0,0.0,4.087908018846065e-05,0.2705007541659831,0.0018871109392298742,0.0,0.0,0.0005089217447675765,0.4656184816550055,0.0022370464870105507,0.0,0.0,0.0013479667250066996,0.23335210037972265,0.0015684145138672168,0.0,0.0,0.0024472267576493324,0.46817562872853313,0.004197766186104986
IDRiD_39,train,0.9682828187942505,0.6172409653663635,0.34790492057800293,0.0005015754722990096,0.6839609742164612,190159,False,1.1212321624043398e-05,0.0377049595117569,0.030332511214299612,0.06094373655730205,0.6377084439863483,0.0,1.0,0.07410364598035812,0.5642742675727108,0.0721622648199702,0.0,0.0,0.002358913654461503,0.3736594988286712,0.05032698698776683,0.0,0.0,0.042430877685546875,0.5477699295493221,0.07033050458482085,0.0,0.0,0.05363834649324417,0.4925897957282337,0.05949496631582284,1.0,1.0,0.13231590390205383,0.6225237267038661,0.13572733491239922,0.0,1.0,0.0539424903690815,0.42402684984604383,0.0511670898394656,0.08,0.56,0.06155757330358028,0.508276443014301,0.06377375477408097,0.008003828375201805,0.3505434925509705,0.0,1.0,0.011654992587864399,0.5787659136120316,0.011004183077878952,0.0,0.0,0.0008310856646858156,0.5093068098697535,0.007339886049809552,0.0,0.0,0.0026942978147417307,0.42966851961201835,0.0062254046946908816,0.0,0.0,0.0039140088483691216,0.4009374737809521,0.006882277189850732,0.0,0.0,0.005038874223828316,0.5126358473530158,0.007318638744034574,0.0,0.0,0.009594897739589214,0.6038596882749896,0.011218722924870247,0.02,0.32,0.008072182806208729,0.5068194109289064,0.008629656284301257,0.03719518928896345,0.37348744997607264,0.0,1.0,0.05215730890631676,0.6057918718580042,0.051768233158067715,0.0,0.0,0.0013687747996300459,0.3796107395110072,0.030851344004950546,0.0,0.0,0.021549560129642487,0.5171273761379573,0.04013765798909649,0.0,0.0,0.03612876683473587,0.511324380500093,0.03773242042336088,0.0,1.0,0.05648491159081459,0.5745909031317413,0.050482204439373436,0.0,1.0,0.0328880175948143,0.4334385202530151,0.03115038488003042,0.04,0.34,0.037331473082304,0.5028380250326008,0.038656038716535585,0.004107089330507628,0.18249464921460462,0.0,1.0,0.003923203330487013,0.4536764959264912,0.004002486976649838,0.0,0.0,0.00015905323380138725,0.5053142921298853,0.003671634317111049,0.0,0.0,0.0011718515306711197,0.38158217104846304,0.0029895023474271485,0.0,0.0,0.00016270956257358193,0.32992325418272495,0.003540760989311157,0.0,0.0,0.0030760017689317465,0.5755248206689025,0.004501779387392924,0.0,0.0,0.0055546872317790985,0.6659662758603058,0.009103732461633662,0.0,0.22,0.004048718763515353,0.4903449337644913,0.0046794083766999485,0.011779616005553247,0.08060097076656902,0.0,0.0,0.006448756903409958,0.45098065779924623,0.009727754835124239,0.0,0.0,0.0,0.23926230206027582,0.011633043734354292,0.0,0.0,0.017155522480607033,0.7748241562130804,0.028379655877831866,0.0,0.0,0.013437265530228615,0.5538371494401233,0.013917711786711619,1.0,1.0,0.06784059852361679,0.8412308572438496,0.20522985161830404,0.0,0.0,0.005973930470645428,0.20027376870091437,0.0068048490273553055,0.02,0.08,0.012249604910612106,0.5311326421306442,0.01518572226193015
IDRiD_40,train,0.8593165874481201,0.0001735860132612288,0.0016779308207333088,0.0055841258727014065,0.0004700071585830301,190348,False,0.021191954612731934,0.0416511707007885,0.034221531090423855,0.0037825456532246202,0.17448042532624455,0.0,1.0,0.010165431536734104,0.7263303710946862,0.020161270712862986,0.0,0.0,0.004848951939493418,0.44884668018367796,0.004843056950208672,0.0,0.0,0.012136872857809067,0.711840266793209,0.013867544719802082,0.0,0.0,0.0024110586382448673,0.500057758860353,0.003347850835875684,0.0,0.0,0.005482126493006945,0.6091904892007707,0.006067327711100458,0.0,0.0,0.0035575598012655973,0.5064267516992129,0.0034108169177619226,0.0,0.18,0.0037656948901712895,0.4991588859969515,0.004130997375280946,0.0015655536175846344,0.1319215331918381,0.0,0.0,0.0017421940574422479,0.6360588525975164,0.002091470719104943,0.0,0.0,0.0010165125131607056,0.4774573191143417,0.0013175508059066155,0.0,0.0,0.0015490923542529345,0.5848802065898331,0.001678434789428828,0.0,0.0,0.0012057203566655517,0.4661517861412653,0.001271396426007865,0.0,0.0,0.00199871021322906,0.5924322127110133,0.0018578743342603271,0.0,0.0,0.0015078914584591985,0.5135118677570019,0.001336096677506107,0.0,0.14,0.0015474707703106104,0.4947751422696189,0.0015536178567058386,0.0006094101330195222,0.0155189442494799,0.0,1.0,0.006022591609507799,0.8865113573446031,0.07332102262624461,0.0,0.0,0.003268718020990491,0.6497179061275695,0.010001534533568139,0.0,0.0,0.005771028809249401,0.9330242565687573,0.028418377032636808,0.0,0.0,0.0005161150475032628,0.5927451062845609,0.000771608681685503,0.0,0.0,0.00024855881929397583,0.3237722784073786,0.0004816069353028758,0.0,0.0,0.0005628334474749863,0.5009882046214336,0.0005995498714257668,0.0,0.0,0.0006092769047245383,0.49794002088545947,0.0010145115027512706,0.0016075819026204635,0.048127639901653814,0.0,0.0,0.0024006450548768044,0.7395447896276652,0.004142138174737623,0.0,0.0,0.0005637215217575431,0.3500899791627202,0.0012195557183151146,0.0,0.0,0.0048167509958148,0.7325051040811601,0.006037026880839935,0.0,0.0,0.0006892234086990356,0.49324380143545704,0.0014978712173028996,0.0,0.0,0.0032348574604839087,0.7296095904106418,0.0049536218148243105,0.0,0.0,0.0014868349535390735,0.5025887426069752,0.0015911016008531011,0.0,0.04,0.0016089471546001733,0.5032383711140578,0.0023757907006665847,,,,,,,,,,,,,,,,,,,,,,,,,,,,,,,,,,,,,
IDRiD_41,train,0.6103381514549255,0.069593645632267,0.028829552233219147,0.04266413301229477,0.1634056121110916,190227,False,0.012533267959952354,0.032415490597486496,0.025543166848028934,0.003406456496711823,0.1313430795838656,0.0,1.0,0.006408186629414558,0.5910879662707729,0.008209855539904736,0.0,0.0,0.00806625559926033,0.6749696853399529,0.008881014588455154,0.0,0.0,0.0034441540483385324,0.6544750698496038,0.006027507534049448,0.0,1.0,0.018648633733391762,0.5826766858149165,0.02490721237580374,0.0,0.0,0.006118181627243757,0.6775210841692831,0.006679377253955766,0.0,1.0,0.003888016100972891,0.5253230501651486,0.005225780930658234,0.0,0.1,0.003353468389250338,0.4870168156201815,0.0033206787074069604,0.0010724029711870555,0.05456638647510606,0.0,1.0,0.001568253617733717,0.5900565477230003,0.0016822049984216631,0.0,0.0,0.0006016417173668742,0.5806232698268551,0.0012377440508312848,0.0,0.0,0.0004772904794663191,0.5519707965132785,0.0011424707522172677,0.0,0.0,6.401218706741929e-05,0.2973157295632463,0.000861569653804007,0.0,0.0,0.0016329064965248108,0.6114844986337733,0.001820695240073666,0.0,1.0,0.0014653182588517666,0.6551229245758696,0.004118047891012444,0.0,0.02,0.0011064759618602694,0.5214695601475579,0.0013288568469004148,0.0007569903326026274,0.019571354224163763,0.0,0.0,0.001782595762051642,0.5673402829128116,0.005379743941844965,0.0,0.0,0.0005787793779745698,0.503347340703735,0.0008569995371133371,0.0,0.0,0.00031931078410707414,0.4495635471711724,0.0007370588936453577,0.0,0.0,0.0014154963428154588,0.5616122904154719,0.001035275118340999,0.0,0.0,0.0009313177433796227,0.583201375487703,0.0010913175859999724,0.0,0.0,0.0006781115662306547,0.4028399492608557,0.0007559810919744074,0.0,0.0,0.0007451371697243303,0.4937773489398285,0.0009541170458895297,0.0015770631929221404,0.06255683998591156,0.0,0.0,0.003057337598875165,0.6027463607244397,0.004414074450818815,0.0,0.0,0.006885834038257599,0.8173267420983643,0.011006753475863528,0.0,0.0,0.0026475524064153433,0.8181508868570689,0.005533243296105274,0.0,1.0,0.017169125378131866,0.7762462845696562,0.04554784321507971,0.0,0.0,0.0035539567470550537,0.7645374866152199,0.0045654380844469145,0.0,0.0,0.0017445867415517569,0.5003677929882213,0.002211683734122216,0.0,0.08,0.0015018552402034401,0.46163598071207035,0.0016177195234441848,,,,,,,,,,,,,,,,,,,,,,,,,,,,,,,,,,,,,
IDRiD_42,train,0.6813607215881348,0.005125569179654121,0.013581275008618832,0.1688517928123474,0.008253635838627815,190308,False,0.14962150156497955,0.03393220528960228,0.028569476848056833,0.006200475019442167,0.15624146121024865,0.0,0.0,0.013371694833040237,0.6856675484169616,0.017936363800301214,0.0,0.0,0.02150106616318226,0.6728476936443486,0.026166743690155442,0.0,0.0,0.01347753219306469,0.6949429623285257,0.012959987836124703,0.0,1.0,0.04539422318339348,0.6850024907536645,0.055832542777717646,0.0,0.0,0.0028506494127213955,0.3055622744223096,0.0047925861822819705,0.0,0.0,0.0068688481114804745,0.5638475550080597,0.006837530205266253,0.0,0.04,0.0061893576662987474,0.4989792866516752,0.006670238053290827,0.0005569918237803981,0.041932025978939406,0.0,0.0,0.0004151929169893265,0.4771341230270403,0.00042759889119371746,0.0,0.0,0.0002640696184244007,0.4642353251560015,0.00040986650688677067,0.0,0.0,0.00036033146898262203,0.48866886394224884,0.0004864185846634403,0.0,0.0,6.497694266727194e-05,0.3843414482136302,0.0003621385453426195,0.0,0.0,0.0007731829537078738,0.5603368178759329,0.0011919117290201276,0.0,0.0,0.0007729906355962157,0.718074662761532,0.0010622571788730145,0.0,0.0,0.0005538298323517665,0.4994361292518047,0.0007963794742655774,0.0007619227778128087,0.021328583138911658,0.0,0.0,0.001333914347924292,0.7578390503971092,0.0018896224974599791,0.0,0.0,1.5189861187536735e-05,0.10965788772490782,0.0006305974113830033,0.0,0.0,0.0006100395694375038,0.5280588394781252,0.0009640330774102055,0.0,0.0,0.00021541300520766526,0.5436118941104426,0.0008240242124461171,0.0,0.0,0.00014725195069331676,0.3137983765034756,0.000523030526635809,0.0,0.0,0.00047530411393381655,0.30830072783878165,0.000522895942076405,0.0,0.0,0.0007779053354170174,0.5165312779016553,0.001011216342963995,0.004886815057695945,0.10909157786325326,0.0,0.0,0.01162379328161478,0.6921907662355036,0.017294910038517294,0.0,0.0,0.021223345771431923,0.7791345063697893,0.030672315617708102,0.0,0.0,0.012509954161942005,0.740448562132866,0.01257853734478849,0.0,1.0,0.045113831758499146,0.7332734681128319,0.06685043840414721,0.0,0.0,0.0019302142318338156,0.27960578381971196,0.004010648186849284,0.0,0.0,0.005622645374387503,0.5869326302758912,0.005834803435678531,0.0,0.04,0.004862907524220646,0.49622903425704257,0.005590515193749048,,,,,,,,,,,,,,,,,,,,,,,,,,,,,,,,,,,,,
IDRiD_43,train,0.9077498316764832,0.11453457921743393,0.007078355178236961,0.8402039408683777,0.002056713681668043,190271,False,0.019451892003417015,0.03449700027704239,0.026919499030330425,0.011099957429140541,0.11231874536844816,1.0,1.0,0.0807519182562828,0.9477238643287089,0.14445323255863282,0.0,1.0,0.09718825668096542,0.9566875022310927,0.19063441968181602,1.0,1.0,0.07941368222236633,0.9273805307533814,0.12119333357349987,0.0,0.0,0.03930345177650452,0.5443774058198128,0.034853724154377486,1.0,1.0,0.09809187799692154,0.9346985147039535,0.3010595887716585,0.0,0.0,0.016863174736499786,0.7785170543720792,0.025131405188849473,0.0,0.06,0.011273712841793895,0.5099927554164914,0.0129963130880808,0.00021022646646099512,0.0128448371007668,0.0,0.0,0.0012462625745683908,0.7942663106326613,0.002177605326857274,0.0,0.0,0.001661785994656384,0.7996131284035238,0.003857663418878303,0.0,0.0,0.0012286376440897584,0.7342486491032568,0.001842215974812945,0.0,0.0,0.00033882810384966433,0.6474916423119783,0.00042462345898442556,0.0,0.0,0.0013183332048356533,0.7911376968524632,0.002584503973494322,0.0,0.0,0.0002664575295057148,0.6540379722882192,0.0003736755557757947,0.0,0.0,0.00021234726475086063,0.5085082946111309,0.00031684095778208084,,,,,,,,,,,,,,,,,,,,,,,,,,,,,,,,,,,,,,0.010889730962679546,0.10779887633953676,1.0,1.0,0.07950565218925476,0.9505166447864265,0.14319562900413577,0.0,1.0,0.09552647173404694,0.9595467806619004,0.18783860072433958,1.0,1.0,0.07818504422903061,0.9309531964496789,0.12016582395401156,0.0,0.0,0.03896462172269821,0.5423540822315556,0.03486230979499108,1.0,1.0,0.09677354991436005,0.937304447056631,0.30223381038667674,0.0,0.0,0.01659671775996685,0.7808184408734875,0.02486510881961744,0.0,0.06,0.011061365576460957,0.5100173645455095,0.012797219828451716,,,,,,,,,,,,,,,,,,,,,,,,,,,,,,,,,,,,,
IDRiD_44,train,0.7379283905029297,0.0018005891470238566,0.007468266878277063,0.2776259183883667,0.2160179615020752,190117,False,0.1136053204536438,0.02206498570740223,0.015953333999589727,0.006806335046313586,0.17000057859107812,0.0,0.0,0.011901602149009705,0.7087394976721979,0.013690429055663082,0.0,0.0,0.030922533944249153,0.7320617568519892,0.041001142955728674,0.0,0.0,0.013194408267736435,0.6218719615352706,0.015986616509999982,1.0,1.0,0.06565635651350021,0.6571472560726663,0.107606787138505,0.0,0.0,0.0033905322197824717,0.47254695365678256,0.005904332961647861,0.0,0.0,0.006845558527857065,0.485318499148861,0.0067917341950076374,0.0,0.16,0.006625795094296336,0.4787819913341551,0.0069346228880835074,0.00045761294360840954,0.037981874319497996,0.0,0.0,0.0004698341363109648,0.5720638102167734,0.0006652074575225176,0.0,0.0,0.000418513867771253,0.6561652549159585,0.0007486944674351103,0.0,0.0,0.00043587441905401647,0.5951817428829,0.0008096416764334184,0.0,0.0,0.0003619925118982792,0.44723438722697373,0.0005955578203068557,0.0,0.0,1.0332850251870696e-05,0.24834273737775886,0.00034534627566206756,0.0,0.0,0.00039339050999842584,0.4351441267051981,0.00040550646616368337,0.0,0.04,0.00045822414860595016,0.49903207442694814,0.0006621496568854124,0.001051983778410137,0.019188184118200897,0.0,0.0,0.0016662265406921506,0.701087299915754,0.0018921988310840348,0.0,0.0,0.008298277854919434,0.6785155153046898,0.041557958097575835,0.0,0.0,0.0004682927392423153,0.472107554057849,0.0010349478839069425,1.0,1.0,0.020755331963300705,0.7114563588177478,0.30278750850505276,0.0,0.0,0.0002447464212309569,0.39745463001965736,0.0007635589459241419,0.0,0.0,0.0015652303118258715,0.7897722286576805,0.0023045436602251897,0.0,0.0,0.0010989743238314987,0.5317055646237012,0.002078275032585419,0.005323037918755292,0.13769941667499488,0.0,0.0,0.00979617889970541,0.7225790566089005,0.011707001895520635,0.0,0.0,0.022386791184544563,0.7495238314211483,0.024408407223992616,0.0,0.0,0.012296713888645172,0.6505560560424561,0.015664237003824515,0.0,1.0,0.044997844845056534,0.6668408500427446,0.03923842303265956,0.0,0.0,0.0031419044826179743,0.5060948156756677,0.005031604173471697,0.0,0.0,0.0049247643910348415,0.4334989329526382,0.00481015547298882,0.0,0.14,0.00509649196639657,0.4669375861946436,0.005206953889546669,,,,,,,,,,,,,,,,,,,,,,,,,,,,,,,,,,,,,
IDRiD_45,train,0.9793320894241333,0.00015712581807747483,0.0997965857386589,0.019590478390455246,0.28641393780708313,190187,False,0.0005756085738539696,0.030343733727931976,0.015053605135997728,0.012456161567299553,0.2549017545889046,0.0,0.0,0.04967505857348442,0.744113428267081,0.0534873891485966,0.0,0.0,0.019733864814043045,0.7063842545003607,0.022902968727850703,0.0,0.0,0.03928869217634201,0.8116823450119223,0.05241216721624393,0.0,1.0,0.02716384455561638,0.6464590162959064,0.02980532056852471,0.0,0.0,0.006727080792188644,0.4788262344406793,0.01071019840668969,0.0,0.0,0.011238393373787403,0.4761303605752155,0.01058794566853617,0.0,0.24,0.012582501415163278,0.5094567732533904,0.014401629676488807,0.0005994100543149636,0.047006367417331364,0.0,0.0,0.001261566998437047,0.7348079553825108,0.0016652123762238877,0.0,0.0,0.000335414195433259,0.48817531305903406,0.0005956964853311118,0.0,0.0,0.0013101119548082352,0.7502332596723842,0.0017643719041406645,0.0,0.0,0.0010246604215353727,0.7083910344101862,0.0014099992160982505,0.0,0.0,0.0004864180227741599,0.5153127082675646,0.0007202584805984509,0.0,0.0,0.0006418685079552233,0.5999407204742362,0.0007559295425567871,0.0,0.08,0.0005935963924275711,0.4912533936651584,0.0009353412251840438,0.00186132595813594,0.023413797998811697,0.0,0.0,0.019009392708539963,0.9753481217814937,0.04774046717817576,0.0,0.0,0.002342189196497202,0.7713492723462162,0.0040291746990456356,0.0,0.0,0.007781521882861853,0.921194891845446,0.013306734265361568,0.0,0.0,0.0007932381704449654,0.23455876479918775,0.0015739504832254071,0.0,0.0,0.000225529438466765,0.28332864548445,0.001180332175647847,0.0,0.0,0.001492716372013092,0.44171272437359643,0.0015445025402359759,0.0,0.02,0.0019847356714308264,0.5513168061342545,0.0072699749064424725,0.010032231435376762,0.2127590213842166,0.0,0.0,0.02960716374218464,0.7031038654635313,0.030071591834727872,0.0,0.0,0.017084944993257523,0.7074275714780898,0.01930620426021066,0.0,0.0,0.03038429655134678,0.795377276844118,0.04001895042678918,0.0,1.0,0.025500619783997536,0.7196000357809756,0.030761533798113097,0.0,0.0,0.00604599341750145,0.5144786823655698,0.009354806105657774,0.0,0.0,0.009142303839325905,0.47565833640826094,0.008609786273018893,0.0,0.16,0.01004081727936864,0.5027875951829861,0.010868170818712353,,,,,,,,,,,,,,,,,,,,,,,,,,,,,,,,,,,,,
IDRiD_46,train,0.9993658661842346,3.319310417282395e-05,0.006705702282488346,8.892408368410543e-05,4.426469786267262e-06,190144,False,0.0,0.024123642593622208,0.020000631100639515,0.048158237967014475,0.31783280040390444,0.0,1.0,0.13381844758987427,0.8184875647683754,0.13284376677727128,0.0,0.0,0.0788831114768982,0.5278098368511298,0.0657362465327113,0.0,0.0,0.032069239765405655,0.53313166617024,0.04786178371085721,0.0,0.0,0.005106838420033455,0.263079551347049,0.04212265587867655,0.0,0.0,0.0036073096562176943,0.27816293659480074,0.04044229500531632,0.0,1.0,0.06178469955921173,0.6518702743598135,0.08394588404999838,0.0,0.32,0.04770822808146477,0.49348815561719944,0.04861331586136049,0.0025506984180410637,0.129580738808482,0.0,1.0,0.007895324379205704,0.7208486891247043,0.007371050628562876,0.0,0.0,0.0040841009467840195,0.5609215944095659,0.003823101982640433,0.0,0.0,0.0021777553483843803,0.5583316871513437,0.002970437393858637,0.0,0.0,0.0020973870996385813,0.3832207070488826,0.0025787226236283953,0.0,0.0,0.0009588019456714392,0.4401865775807847,0.002140413962236711,0.0,1.0,0.0032756198197603226,0.6011351625158874,0.0047759411388958025,0.0,0.16,0.002505934741348028,0.4891316801550703,0.002852492125483087,0.027884129922584988,0.21307535341635814,0.0,1.0,0.08622752130031586,0.8256258437572583,0.08644158336680843,0.0,0.0,0.04694497585296631,0.553554359743677,0.03870239930250648,0.0,0.0,0.019666269421577454,0.5650704316242136,0.029050901716799298,0.0,0.0,0.002937131095677614,0.2927879045898916,0.023127973477077284,0.0,0.0,0.0025377741549164057,0.298772746884109,0.023003756350509486,0.0,0.0,0.036731526255607605,0.6706583878527803,0.049131116174256056,0.0,0.16,0.027572845444083213,0.49123927119941607,0.027887925464846135,0.004706958936385055,0.0861662739818243,0.0,0.0,0.016836091876029968,0.8961406901753244,0.02271472019108402,0.0,0.0,0.0009975817520171404,0.3437894284553987,0.0036170012045699737,0.0,0.0,0.005515177734196186,0.6761900717874969,0.007393876431039832,0.0,0.0,7.208449824247509e-05,0.22870837687902754,0.004593749078797081,0.0,0.0,5.3844345529796556e-05,0.24006653114891238,0.004354260345430066,0.0,1.0,0.009278563782572746,0.9313027587222173,0.05244519444847421,0.0,0.1,0.004779347362928093,0.5088955271845783,0.008471437361002063,0.013158448333894311,0.06623401211713228,0.0,0.0,0.023324307054281235,0.7615707918819076,0.02761868831816817,0.0,0.0,0.02733134850859642,0.5352488296792572,0.025736561551288117,0.0,0.0,0.0047920383512973785,0.40302321795365903,0.011758010336910077,0.0,0.0,2.3544878047232487e-07,0.21363787038030563,0.01306423887255821,0.0,0.0,5.815021722810343e-05,0.23934550999761314,0.011843158698232025,0.0,0.0,0.012708364985883236,0.506000631078113,0.012257994059314707,0.0,0.06,0.012996659521013499,0.4943957502343105,0.015050041691335291
IDRiD_47,train,0.9977255463600159,0.08117065578699112,0.045598629862070084,0.00036965656909160316,0.003642437746748328,190099,False,0.000103038786619436,0.05591226741671562,0.03859567909352495,0.021757084466514816,0.2396225124803392,1.0,1.0,0.07904192805290222,0.5892491226465407,0.11716717651846825,0.0,0.0,0.005059703253209591,0.4818187430462947,0.021388298037466554,0.0,0.0,0.07000955194234848,0.8323756750417188,0.11108976731830535,0.0,1.0,0.01375738624483347,0.3937807527614465,0.020314554429021033,0.0,1.0,0.07370690256357193,0.6884896972444474,0.16824683799759182,0.0,0.0,0.014619091525673866,0.2993224489842075,0.014106417748272102,0.0,0.18,0.021701330170035362,0.4990208636341544,0.022894064980082885,0.0008206250427408876,0.05278828399938979,0.0,0.0,0.0014863633550703526,0.5237621945533252,0.0011705020854093674,0.0,0.0,0.00033063223236240447,0.43504841722744814,0.0007186682749914103,0.0,0.0,0.0018118568696081638,0.632222198824991,0.0029331844860548675,0.0,0.0,0.0001697911211522296,0.3910382253935498,0.0005802035196097871,0.0,0.0,0.001804176950827241,0.6058130755092156,0.0029531451075341434,0.0,0.0,0.0006831398350186646,0.42873086398955546,0.0007086837031967226,0.0,0.0,0.0008095446473453194,0.4909252187724677,0.0011572262473392029,0.009310937984944687,0.07304088922087965,1.0,1.0,0.07501770555973053,0.8595008328574719,0.22862481281391117,0.0,0.0,0.00026816982426680624,0.35191846904013735,0.008096280909200691,0.0,0.0,0.027879079803824425,0.8079937454318604,0.04115638157836003,0.0,0.0,0.004839775152504444,0.48681017354608397,0.00839765536038704,0.0,0.0,0.005922557320445776,0.46647620907527554,0.008213584131317788,0.0,0.0,0.0053452239371836185,0.24922624542726796,0.005862262244741873,0.0,0.06,0.0094484328571707,0.5117121517586285,0.012076861859829242,0.007317239964439582,0.11625521438829242,0.0,0.0,0.0025363939348608255,0.4867785402808586,0.0062137837931859835,0.0,0.0,0.0017231398960575461,0.42906565310724143,0.006185494942998592,0.0,0.0,0.02293759025633335,0.8034435042570951,0.03882151670024761,0.0,1.0,0.008747818879783154,0.38871451511435595,0.013734656513419458,0.0,0.0,0.030078304931521416,0.7996783022099445,0.060781293164807515,0.0,0.0,0.006761021912097931,0.4667021754057912,0.006420644512021057,0.0,0.14,0.007202909551560879,0.48760052795000614,0.007913153778983611,0.00430828147438966,0.014534532007006875,0.0,0.0,1.4652689515060047e-06,0.17162889222558214,0.004152923383164666,0.0,0.0,0.002737760543823242,0.8595657474710459,0.014567771573049795,0.0,0.0,0.01738102175295353,0.9428167691680787,0.03502205572843094,0.0,0.0,0.0,0.2074263493807853,0.0043346519653227845,0.0,1.0,0.035901863127946854,0.9923580467951398,0.36625435313551435,0.0,0.0,0.0018297069473192096,0.12922923479519074,0.0024360610675075852,0.0,0.02,0.004240443382877856,0.49135100786785707,0.004961933447187791
IDRiD_48,train,0.9977023005485535,0.002862670226022601,0.2572641372680664,3.611071952036582e-05,0.8502678275108337,190083,False,0.0007384627824649215,0.019982272759079933,0.02658312421415908,0.061399493905294006,0.5578826091759915,0.0,1.0,0.07835423946380615,0.5697107770828018,0.07476714434380927,0.0,0.0,0.01338103599846363,0.3553665094271423,0.05367190540474392,0.0,0.0,0.032932497560977936,0.41360674560990135,0.053642217489256315,0.0,0.0,0.013940301723778248,0.40206832831093164,0.05530360762874829,0.0,1.0,0.1552634984254837,0.6624925687079011,0.18461170117755704,0.0,1.0,0.07215545326471329,0.6162961795378116,0.07817030886309514,0.02,0.5,0.0613895383477211,0.49949342878959757,0.06272720105757382,0.004766338915105506,0.21669481226622053,0.0,0.0,0.009522799402475357,0.6608274925705346,0.010466243137470474,0.0,0.0,0.0006964829517528415,0.36008920832402136,0.004104274247428829,0.0,0.0,0.0022034295834600925,0.4615884748153204,0.004184259180916594,0.0,0.0,0.0009284617844969034,0.41911098783198536,0.004199767159686744,0.0,1.0,0.006073902826756239,0.4625500016610593,0.0059889314033877514,0.0,0.0,0.004613798577338457,0.5140018807721811,0.004393921986730703,0.0,0.22,0.004822385148145258,0.509048162037848,0.005350620151154494,0.020517352945818405,0.24095789733958323,0.0,0.0,0.03693509101867676,0.6419476293824721,0.034669496669539515,0.0,0.0,0.010099087841808796,0.41830273742020196,0.017366933673642875,0.0,0.0,0.016959264874458313,0.5363118735868662,0.022451993053237616,0.0,0.0,0.009345230646431446,0.45430270276864193,0.018537784091072693,0.0,0.0,0.010110210627317429,0.41977166080507244,0.015974370783332,0.0,1.0,0.018519660457968712,0.46306338176949613,0.018637865092570954,0.02,0.2,0.020716594941914083,0.5076438448575405,0.02206140600261494,0.02820346901090576,0.31510971522966286,0.0,1.0,0.02852596901357174,0.565752520601586,0.0316580635088581,0.0,0.0,0.0012982466723769903,0.29601970417829837,0.026949289343064238,0.0,0.0,0.005588531494140625,0.2816022864181249,0.020180207123381064,0.0,0.0,0.0014802105724811554,0.3285863242243414,0.0278883191240187,0.0,1.0,0.1016894057393074,0.8045427163750294,0.16301427958845,0.0,0.0,0.03962432220578194,0.732667809682203,0.052299027618646264,0.0,0.26,0.028149146139621734,0.49788011316932035,0.03015047301823576,0.00794389819184251,0.05133546924238359,0.0,0.0,0.0033899752888828516,0.32241442740698323,0.006004781206487461,0.0,0.0,0.0012904058676213026,0.4487817154814673,0.007508320829888797,0.0,0.0,0.008197014220058918,0.5668847178921621,0.01459073655800056,0.0,0.0,0.002186398720368743,0.5494906435353085,0.008433309644240983,0.0,0.0,0.03739771246910095,0.8477557633984433,0.0828793852224094,0.0,0.0,0.009416267275810242,0.619442358946081,0.010363293204898922,0.0,0.02,0.007732897875830531,0.4787887453783236,0.00923517505305324
IDRiD_49,train,0.9908502101898193,3.011234639416216e-07,0.0038356997538357973,3.054228955079452e-06,0.5357097387313843,190354,False,0.04382162168622017,0.02346346713602543,0.021817245763157064,0.07601626443363417,0.5845267238933776,1.0,1.0,0.09361787140369415,0.4970066113589241,0.10173916491395937,0.0,0.0,0.05138218030333519,0.5271343132525429,0.07666974730594961,1.0,1.0,0.14777760207653046,0.6981659535105902,0.16618994294085976,0.0,0.0,0.03144127503037453,0.41194054282685105,0.0704439191910835,1.0,1.0,0.287014901638031,0.689442987075318,0.2976116464786047,0.0,0.0,0.09102384001016617,0.6174570619594196,0.10258086602237187,0.0,0.54,0.07522576034069062,0.4905750896832377,0.07420613795713611,0.0038612269771058135,0.23884972209672506,0.0,1.0,0.006486677099019289,0.604327019935812,0.007170832784107232,0.0,0.0,0.0010944973910227418,0.41389673671141103,0.003258853975658481,0.0,1.0,0.004105899948626757,0.5711542741349825,0.004235813754664994,0.0,0.0,0.0018251665169373155,0.4182108721624851,0.003521003554808645,0.0,0.0,0.002766653895378113,0.4827282896432169,0.0034576208743028157,0.0,0.0,0.003762246575206518,0.49829631972263216,0.003599888462650588,0.0,0.24,0.0038786178873851896,0.49947937076861804,0.004037355907194203,0.02586234069155363,0.23095390693129642,1.0,1.0,0.05081728845834732,0.5330035621017813,0.10091197020674728,0.0,0.0,0.005314063746482134,0.4194328731107256,0.021565343994693453,0.0,0.0,0.035962920635938644,0.6179882959512897,0.035765029698644986,0.0,0.0,0.028404321521520615,0.5183871418020418,0.030588696320445908,0.0,0.0,0.08255990594625473,0.6518690874587867,0.07767167230065287,0.0,0.0,0.023600991815328598,0.46359414479519684,0.021869585173028415,0.0,0.2,0.02571270667016506,0.4936921571918764,0.026770617297784637,0.041102367168538614,0.3867373420048961,0.0,0.0,0.03493929281830788,0.49419375980041086,0.03840232744995403,0.0,0.0,0.041981570422649384,0.5789440173750224,0.05061797595755793,1.0,1.0,0.09479690343141556,0.7252083870889527,0.13058418490203108,0.0,0.0,0.0012117839651182294,0.36062355719314426,0.03836676352218989,1.0,1.0,0.13845910131931305,0.6767543628905099,0.13507843138910008,0.0,0.0,0.056831832975149155,0.7039967005207948,0.08288475097996875,0.0,0.28,0.04040657207369804,0.4871566844592489,0.04076229157261109,0.005447744728243168,0.020398835853199827,0.0,0.0,0.0015322465915232897,0.2714448407031217,0.004047848136409121,0.0,0.0,0.00317090330645442,0.7184985882526012,0.00895808460330004,0.0,0.0,0.013352529145777225,0.8401088954772862,0.016754376153219154,0.0,0.0,0.0,0.3381486409427865,0.005482041587901701,0.0,0.0,0.06583292782306671,0.989642977971756,0.23491318519558382,0.0,0.0,0.0071790339425206184,0.7195599578543252,0.009111614523577293,0.0,0.0,0.005483918916434049,0.5002657093665533,0.007421452065576563
IDRiD_50,train,0.9999423027038574,1.955458355951123e-05,0.19416475296020508,7.652147360204253e-06,0.03717633709311485,190018,False,0.003239836310967803,0.021107040345668793,0.022250523634603038,0.03323369365007526,0.3494668926101738,0.0,1.0,0.07863759994506836,0.7519553360521765,0.08415841192368001,0.0,0.0,0.005225225351750851,0.3435583112160091,0.028193971146746585,0.0,0.0,0.016072480008006096,0.38345747063437835,0.028009573484813133,0.0,0.0,0.0028394877444952726,0.3328050547094035,0.03182642435554013,0.0,1.0,0.09223642945289612,0.593004984663773,0.0909800884036224,0.0,1.0,0.04512887820601463,0.6811199242483608,0.06733723896517649,0.02,0.36,0.03380811460316181,0.5150783955530958,0.03563324451997725,0.0010314812280941806,0.04782704796387711,0.0,1.0,0.0025617547798901796,0.6679342824425335,0.00438592383256372,0.0,0.0,0.0002782196970656514,0.43509583298207155,0.0008928884914658226,0.0,0.0,0.0004699885903391987,0.48498465864384877,0.000905377032097518,0.0,0.0,0.0002258237509522587,0.4372334801607374,0.0008936351986523378,0.0,0.0,0.00018535797426011413,0.40503353671387626,0.0007924804836745233,0.0,0.0,0.0010804858757182956,0.5478734614736133,0.0011070820575105576,0.0,0.04,0.0010366611462086439,0.5046801103313101,0.0015097982929880966,0.005031102316622636,0.062236209201233565,0.0,1.0,0.022559449076652527,0.8401158695756303,0.05318000398441977,0.0,0.0,0.0003001699224114418,0.36708395816236034,0.003969916586930284,0.0,0.0,0.0023110960610210896,0.3374162628759344,0.004504822028432532,0.0,0.0,0.0007589597371406853,0.3658043443210867,0.004639110847985897,0.0,0.0,0.00210326979868114,0.3534074294897579,0.003798228237260369,0.0,0.0,0.005767540540546179,0.5783665531209518,0.009327397067510172,0.02,0.04,0.005231965659186244,0.5320572985446003,0.007206329632538275,0.022271574271911083,0.2523182014335484,0.0,0.0,0.04366542026400566,0.7272518301911274,0.046508348282261275,0.0,0.0,0.0046270317398011684,0.352780302419264,0.01931248188316981,0.0,0.0,0.012357779778540134,0.39373875997380897,0.019220123362315003,0.0,0.0,0.0018547039944678545,0.3312346206583528,0.02151982518891442,0.0,1.0,0.0803481861948967,0.7134499372026394,0.09412430057937117,0.0,1.0,0.034225497394800186,0.7739357838748802,0.058442790171875154,0.0,0.28,0.02275233093649149,0.5186505570103346,0.024556806380785782,0.004925849130082413,0.0368491406077319,0.0,0.0,0.009898990392684937,0.7617632477681072,0.011164262007719587,0.0,0.0,1.98034194909269e-05,0.2779444927914033,0.004478915011241775,0.0,0.0,0.0009336162474937737,0.3760014310857866,0.004006415902457753,0.0,0.0,0.0,0.3044775487748106,0.005010948290382348,0.0,0.0,0.00961674377322197,0.32596384018925617,0.00951420457215093,0.0,0.0,0.00409338716417551,0.3787652688567068,0.004563395537314769,0.0,0.06,0.004814750356599689,0.4825674066655737,0.005749467738098986
IDRiD_51,train,0.9990405440330505,4.092699964530766e-05,0.0022313049994409084,1.5458939742529765e-05,1.6519761629751883e-05,190309,False,0.0,0.02639579027891159,0.02719787293296691,0.024780751304457487,0.30603387123047254,0.0,1.0,0.07234586775302887,0.7596090579472432,0.0736124072860242,0.0,0.0,0.02523021213710308,0.5606183961974541,0.028969865860296363,0.0,0.0,0.06350772082805634,0.7404592699982566,0.07879820277206823,0.0,1.0,0.03166025131940842,0.5130527891471015,0.05924256696447512,0.0,0.0,0.010906104929745197,0.3396194158155673,0.01748590454854054,0.0,1.0,0.02413083054125309,0.48567728888042755,0.03057729175173418,0.0,0.34,0.024362682662904263,0.4884672969708298,0.02597652157936893,0.003105475831411021,0.15801144454544977,0.0,1.0,0.007976159453392029,0.7357523032183965,0.00837970259967867,0.0,0.0,0.002270787488669157,0.5034086584952888,0.0031303842834848766,0.0,0.0,0.004388800356537104,0.6472931467252232,0.004954290449772336,0.0,0.0,0.0024603907950222492,0.4815310336641682,0.0028958767762246066,0.0,0.0,0.0017720753094181418,0.43727223535243864,0.002577140125146208,0.0,0.0,0.0033512923400849104,0.5758140249330592,0.003756788744991254,0.0,0.12,0.003075275290757418,0.49630716746902565,0.003546182729365841,0.007246110273292383,0.07850916141643327,0.0,1.0,0.01678621768951416,0.6225240352421693,0.02229708126120888,0.0,0.0,0.00455776322633028,0.39134035803475775,0.00626295092515402,0.0,0.0,0.010936208069324493,0.5871854837280205,0.010798840275934429,0.0,0.0,0.003391197882592678,0.46635019936227706,0.005984490766684577,0.0,0.0,0.0014613749226555228,0.22685749363852653,0.004374192787514741,0.0,0.0,0.004461572505533695,0.2549863649299647,0.004534616850774092,0.0,0.1,0.007247002758085728,0.5008817798683983,0.008977762295437272,0.00401452374822,0.1001056177059414,0.0,0.0,0.012347126379609108,0.7862834696921881,0.013879838470682325,0.0,0.0,0.005955530796200037,0.6378432747776178,0.0065280773769543785,0.0,0.0,0.011353668756783009,0.7887216219761912,0.015172353307912601,0.0,1.0,0.006069013848900795,0.5503594098618736,0.005544907766141725,0.0,0.0,0.0025172128807753325,0.4623993478077386,0.0033918206786991566,0.0,1.0,0.006255731917917728,0.7418803370776208,0.02075132848280502,0.0,0.14,0.004024707917124033,0.5039159769214396,0.004537100943637076,0.010451423737185314,0.06406948699220741,0.0,0.0,0.035343803465366364,0.8413216569067381,0.04333514768308214,0.0,0.0,0.012467408552765846,0.6641951211106374,0.016063237062652287,0.0,0.0,0.036872949451208115,0.8473180073196478,0.06288012629599875,0.0,1.0,0.019773809239268303,0.5406353098361414,0.08764692323396296,0.0,0.0,0.005176398903131485,0.34885418730020124,0.008214601337460091,0.0,1.0,0.010103387758135796,0.5233144225655757,0.01716348166643386,0.0,0.08,0.010050919158384203,0.47219647014925764,0.012987224144527751
IDRiD_52,train,0.8500521779060364,0.0004614094505086541,0.002554484410211444,0.00013874682190362364,2.7363366825738922e-05,190585,False,0.010803906247019768,0.03518255054950714,0.02918907574048325,0.004129391085342498,0.11628407272345673,0.0,1.0,0.013006648980081081,0.5777989606065284,0.02323665461347999,0.0,0.0,0.005618919152766466,0.4523866235059888,0.005238290993468514,0.0,0.0,0.002653307979926467,0.6270312876651527,0.006594525746728586,0.0,1.0,0.012697662226855755,0.5293916266074186,0.022258094737070074,0.0,0.0,0.0014618881978094578,0.4439143954380286,0.003543000635839984,0.0,0.0,0.0036547183990478516,0.4461572988183956,0.0035176255372194954,0.0,0.1,0.004252715576440096,0.5228192825175022,0.004994451160289664,0.0014219377180785476,0.07747724112600676,0.0,1.0,0.008744345046579838,0.45852058767133697,0.03600051672110843,0.0,0.0,0.003730580909177661,0.4657091970859235,0.004502523833276963,0.0,0.0,0.000445269193733111,0.533401994833085,0.001602014919631729,0.0,1.0,0.008444213308393955,0.5134112587462573,0.033801501667922,0.0,0.0,0.00039936500252224505,0.39180935059571553,0.0012158038819608578,0.0,0.0,0.0012488804059103131,0.47218216495324933,0.0013485756804189357,0.0,0.08,0.0014556371932849287,0.5187344093390229,0.0018891175455053833,0.0006716163391662513,0.021759319988456594,0.0,0.0,0.0001726498012430966,0.5614593147991609,0.0006624077830879559,0.0,0.0,0.00017264258349314332,0.5541523280761113,0.0006637902880549357,0.0,0.0,0.0003847458865493536,0.6822549050091726,0.001065279298655915,0.0,0.0,0.00015745173732284456,0.4938452827814709,0.0006268725805368949,0.0,0.0,0.00013701437273994088,0.40159358113213817,0.0004992295247261467,0.0,0.0,0.0006399076082743704,0.5164007685171191,0.0006361128481662212,0.0,0.04,0.0007131005480187014,0.5456587170796927,0.0015802218616228205,0.0006821103444657239,0.02789831308864811,0.0,1.0,0.0033061944413930178,0.7153578768559685,0.0064010113769519825,0.0,0.0,0.0015666824765503407,0.5800104594832649,0.0014862871777790896,0.0,0.0,3.924764769180911e-06,0.24140566017951515,0.0006157842712154618,0.0,1.0,0.00338008813560009,0.6766037218983306,0.006997269207856873,0.0,0.0,0.0004146963474340737,0.6008543877401225,0.0009055066851627565,0.0,0.0,0.0009659643983468413,0.6932818791418505,0.0018319540052882629,0.0,0.02,0.0006883022771216929,0.5100627765602718,0.0011130295132644292,0.0013537266836319752,0.013820604979405515,0.0,0.0,0.0007834584102965891,0.6547586570775037,0.0020148085065652454,0.0,0.0,0.00014901341637596488,0.32543896202007966,0.0009183741854233193,0.0,0.0,0.0018193679861724377,0.9063650950205837,0.006610017258068885,0.0,0.0,0.000715908536221832,0.48943603210910613,0.0015658648219224738,0.0,0.0,0.0005108123295940459,0.44535163095379665,0.0012060632485255442,0.0,0.0,0.0007999659283086658,0.25813311775370823,0.0008342706923478052,0.0,0.02,0.0013956755376420915,0.5233670759415204,0.0025089497287428537
IDRiD_53,train,0.9999946355819702,0.00021942280000075698,0.004110635723918676,4.2641815525712445e-05,0.002494474872946739,189762,False,2.1306600501702633e-06,0.029871417209506035,0.023276525331731326,0.02478367639464171,0.3537641888260031,0.0,1.0,0.07265445590019226,0.772283419471814,0.07058173144233715,0.0,0.0,0.012110138311982155,0.5105207718042098,0.02348378600692086,0.0,0.0,0.04594902694225311,0.7009469486842296,0.04554937496556538,0.0,0.0,0.006211083382368088,0.3480645294983112,0.022985188098587524,0.0,0.0,0.00735293235629797,0.3047636538951385,0.016990786097400002,0.0,1.0,0.024929802864789963,0.5070753823417062,0.025120716184877493,0.02,0.4,0.02530423492193222,0.5167067874604281,0.027177720473495287,0.006118190153982357,0.24380539834107987,0.0,1.0,0.011950426734983921,0.7136654801381921,0.011873259851583898,0.0,0.0,0.0028978188056498766,0.4743681809662533,0.005504414900402259,0.0,0.0,0.009091980755329132,0.6507434988127336,0.009000960486628955,0.0,0.0,0.0021018870174884796,0.3929899263142204,0.005346936771917982,0.0,0.0,0.003215816104784608,0.4397203319918478,0.00489645766525882,0.0,0.0,0.005998046603053808,0.5271655620440757,0.005840964676806297,0.0,0.34,0.0062739105615764856,0.5179062509684816,0.006908681848261083,0.014834371475848694,0.1739494735510798,0.0,1.0,0.05800308659672737,0.8448571368125825,0.06331396825542641,0.0,0.0,0.00782082974910736,0.5298735024601361,0.014655183677609122,0.0,0.0,0.03506983071565628,0.7646372508129934,0.03709539953984255,0.0,0.0,0.0038205222226679325,0.3375424630375125,0.014265615553461222,0.0,0.0,0.002522682072594762,0.23738104304935992,0.009942995843053908,0.0,0.0,0.014169198460876942,0.4830714376382693,0.013535786671179249,0.02,0.14,0.01523299103602767,0.521482869715543,0.017212815117905025,0.0026981165881472583,0.092747757717562,0.0,0.0,0.0027246028184890747,0.5508537207940227,0.00314829937607316,0.0,0.0,0.001462823711335659,0.6025904475083897,0.0032640573326329246,0.0,0.0,0.0014960342086851597,0.48901395528609726,0.0025123166747322554,0.0,0.0,0.0002835783234331757,0.3250319234259905,0.0025862645510395517,0.0,0.0,0.0016145968111231923,0.4861537911047089,0.002366555650498063,0.0,1.0,0.004415120929479599,0.7839415603431901,0.016292112756604804,0.0,0.02,0.002698461769614369,0.4992117486122543,0.004021226380086698,0.001212044561081776,0.00880049746524594,0.0,0.0,0.0003622560470830649,0.60450458241553,0.0014679802755888786,0.0,0.0,0.0,0.2574764483972265,0.0012208727134948535,0.0,0.0,0.00041239423444494605,0.5969505552604212,0.0014813941212237494,0.0,0.0,5.095899723528419e-06,0.34491406744519165,0.001086419377343198,0.0,0.0,8.550773031856806e-07,0.10310943655656418,0.001068632271730466,0.0,0.0,0.0004713602247647941,0.09657138226814851,0.0006799075067117351,0.0,0.0,0.001178835079772398,0.48615913201906075,0.001728755960267788
IDRiD_54,train,0.9999475479125977,0.00015590712428092957,0.024025198072195053,0.0003732196637429297,0.005364412907510996,190294,False,0.01681087724864483,0.023219158872961998,0.023968175559923068,0.017693673999180214,0.3239933996868004,0.0,1.0,0.052547913044691086,0.6629550155730555,0.0501340266878163,0.0,1.0,0.04651910439133644,0.6143244209991443,0.03990417971437965,0.0,1.0,0.04364114999771118,0.7108338810646456,0.07849021433874553,0.0,1.0,0.04013444483280182,0.5243460268136335,0.0275650180425,0.0,1.0,0.025923315435647964,0.5127798186983641,0.04321697694190271,0.0,0.0,0.013946202583611012,0.3722911086493203,0.01286585557280178,0.0,0.3,0.017678163573145868,0.4999573227304894,0.01825618062677842,0.004892429608920933,0.2151618022638654,0.0,1.0,0.014259970746934414,0.700632714132033,0.012908317487826218,0.0,1.0,0.011252877302467823,0.594289219057022,0.009072909109166166,0.0,0.0,0.007758314721286297,0.5489702714935424,0.008176995533189482,0.0,0.0,0.0034462260082364082,0.4353882338009511,0.004583556134154687,0.0,0.0,0.00276586483232677,0.39334820021533823,0.0037424409901144363,0.0,0.0,0.004800076596438885,0.4940853920570561,0.0047414964559182385,0.0,0.14,0.004965016674250364,0.5120883089839485,0.005435759757741612,0.006379602089398509,0.12183253281764007,0.0,1.0,0.033498652279376984,0.8457877415602402,0.05315466094010582,0.0,1.0,0.02933330088853836,0.7199703324712385,0.03690423688695262,0.0,1.0,0.02191580832004547,0.7200148302961169,0.10966762674068467,0.0,0.0,0.0077059646137058735,0.43936299091973846,0.006987539799469426,0.0,0.0,0.0024601700715720654,0.3368061868277421,0.004490695599650489,0.0,0.0,0.005210746079683304,0.39137706374703596,0.005024445981435691,0.0,0.12,0.006255835164338351,0.48673401780676007,0.006639067603327669,0.0018182391457429031,0.052234962741862595,0.0,0.0,0.0040909163653850555,0.7116863080784466,0.003845891861905853,0.0,0.0,0.0033074773382395506,0.7134937019023049,0.003422746647342999,0.0,0.0,0.00472279591485858,0.7836451409039049,0.006609177968014466,0.0,1.0,0.020349089056253433,0.7405942073586096,0.04075426373473474,0.0,0.0,0.0018739266088232398,0.6060594374803855,0.002234032325793864,0.0,0.0,0.0018609961261972785,0.5617428969600315,0.001823612444433822,0.0,0.04,0.0018991209799423814,0.5367066717035549,0.002366523439549015,0.004608658181550653,0.03708472153614933,0.0,0.0,0.0007604448474012315,0.3402139879025068,0.0031398215087145376,0.0,0.0,0.002677102107554674,0.44465316687157636,0.0041743442793580054,0.0,0.0,0.009274009615182877,0.8324901827137552,0.01223370412049856,0.0,0.0,0.008633161894977093,0.6529412362780891,0.008275946395933704,0.0,1.0,0.01882469654083252,0.8503353636599688,0.10848251192677853,0.0,0.0,0.002084079198539257,0.15192700170184545,0.002516116379659269,0.0,0.06,0.004564063586294651,0.49198945418938655,0.005652397941184591
IDRiD_55,test,0.9969404935836792,0.0022338852286338806,0.0018840922275558114,0.0001438875769963488,0.000778612622525543,190057,False,0.0005603673052974045,0.01268310658633709,0.02247220570670904,0.09864935256265225,0.3985330716574501,0.0,1.0,0.12418615818023682,0.6065538154629555,0.13380326147278682,0.0,0.0,0.0006038604769855738,0.3443503308407376,0.08639165955201043,0.0,0.0,0.07415051758289337,0.36994057279832204,0.0942917306239901,0.0,0.0,0.001173845841549337,0.23269083236436403,0.09187806784743317,0.0,1.0,0.2508329153060913,0.7027927924890974,0.2439460430960787,1.0,1.0,0.1538468301296234,0.8300241105482105,0.27273638970100084,0.1,0.44,0.0977133184671402,0.49245092846686944,0.09970060431413241,0.002173032300836065,0.11361328443572191,0.0,1.0,0.009588311426341534,0.705752907439925,0.010272189560668296,0.0,0.0,2.1043500964879058e-05,0.37932316953038175,0.0018766793216895407,0.0,0.0,0.0009172757854685187,0.4158731699604613,0.0019404062348626686,0.0,0.0,2.393644899711944e-05,0.24540357637741161,0.002107493955278354,0.0,0.0,0.0038122404366731644,0.6477232000045875,0.003958894339910063,0.0,0.0,0.0035774200223386288,0.8272727961599224,0.006399094002987777,0.0,0.14,0.002132645507808775,0.4888372267817478,0.0027637237681663873,0.014095771268619415,0.08148608049164198,0.0,0.0,0.029828965663909912,0.5789754189043262,0.025982651266274824,0.0,0.0,3.730339085450396e-05,0.36737108703754817,0.011956865598252656,0.0,0.0,8.867277210811153e-05,0.2727679685358717,0.01369969161734876,0.0,0.0,0.0,0.23309065288868014,0.01412363973141931,0.0,0.0,0.008453468792140484,0.5533952077201254,0.014114975401483777,0.0,0.0,0.02095172554254532,0.7864962175170924,0.02945412688688506,0.04,0.1,0.014463872285559773,0.5177414201685372,0.025149826227816526,0.0819964536954703,0.3635225221907112,0.0,0.0,0.08309309184551239,0.6032440846629223,0.10482180556802907,0.0,0.0,0.0005455135251395404,0.3451304683109393,0.07229904320690335,0.0,0.0,0.07312937825918198,0.3910795819556207,0.081173463404685,0.0,0.0,0.0011499093379825354,0.2421902702584411,0.07539932335666535,0.0,1.0,0.23822902143001556,0.7244977538231286,0.2461625051646848,1.0,1.0,0.12871645390987396,0.8259668273318603,0.2487912758761972,0.06,0.34,0.08071920439600945,0.48801026948663206,0.08094660672146312,0.0004472342507773984,0.01129661101669499,0.0,0.0,0.0017694610869511962,0.9294167193093283,0.002758923694326643,0.0,0.0,0.0,0.2954095599073489,0.00039992422488370624,0.0,0.0,1.5184459698502906e-05,0.4185734392836165,0.0003313838673715199,0.0,0.0,0.0,0.23675510633817648,0.00039992422488370624,0.0,0.0,0.0003668190911412239,0.6710044219835755,0.0005915166957526812,0.0,0.0,0.0006845903699286282,0.7952427657900278,0.0009569893351377028,0.0,0.0,0.0004618602662230842,0.5248378606022321,0.0006483859183684277
IDRiD_56,test,0.9998169541358948,0.0035956453066319227,0.012110444717109203,0.0026380547787994146,0.07751622796058655,189891,False,0.03164338320493698,0.019485853612422943,0.021359622098993634,0.03994923403426176,0.31163667577715637,0.0,0.0,0.08465378731489182,0.637268413192321,0.08179262197382034,0.0,0.0,0.03076569363474846,0.4367153782941797,0.03673857890505568,0.0,0.0,0.08615893125534058,0.6943107263426451,0.09256938532395284,0.0,0.0,0.022434454411268234,0.3995749457521324,0.037483204309839195,1.0,1.0,0.18964883685112,0.6790536184320284,0.2980817531565499,0.0,0.0,0.03177793696522713,0.3837717767371946,0.029469561801534722,0.06,0.34,0.03927703835070133,0.4862057307389546,0.04021621921703583,0.001985349489970562,0.094275136789,0.0,0.0,0.0028248808812350035,0.5475360648639065,0.0025496158818040984,0.0,0.0,0.0025766741018742323,0.5655070674972411,0.0028664536976610966,0.0,0.0,0.0018049768405035138,0.5222124102001084,0.0020164091309642484,0.0,0.0,0.0017994801746681333,0.4584186581472553,0.002049231424628396,0.0,0.0,0.0019758001435548067,0.5482103667233794,0.0025208789765184796,0.0,0.0,0.002074446529150009,0.5261394542166881,0.00207321690545827,0.0,0.06,0.001958205287810415,0.489621540836007,0.0022080827772762613,0.0277790943225324,0.16944984227793838,0.0,0.0,0.06567662209272385,0.6427884171409841,0.06737343686478195,0.0,0.0,0.018781360238790512,0.3861564934629993,0.024308059955802284,0.0,0.0,0.06624116748571396,0.6884333099229691,0.07497912284750685,0.0,0.0,0.02052788808941841,0.4191677575869992,0.026648860230501996,0.0,1.0,0.10122894495725632,0.6126151642616218,0.12596411913661199,0.0,0.0,0.02157393842935562,0.38796418280323786,0.020342226138465813,0.06,0.18,0.027161728367209436,0.48206155323935634,0.02908995577394377,0.002612024793170819,0.06363650725942778,0.0,0.0,0.006665574852377176,0.7669013601844604,0.008619563741804778,0.0,0.0,0.002603132976219058,0.635101897489053,0.0033987707957749778,0.0,0.0,0.0049739801324903965,0.6620710342055718,0.005331186289484239,0.0,0.0,9.72093257587403e-05,0.3467385611236858,0.0025803441624565444,0.0,0.0,0.007343142293393612,0.7927208343028791,0.010827769622007282,0.0,0.0,0.004408545326441526,0.8308136145368392,0.010330529634764966,0.0,0.1,0.0026489845756441353,0.5116135806908806,0.0032534706436654383,0.00779921112638303,0.04002296054052062,0.0,0.0,0.011254310607910156,0.5933065163399969,0.010928998658725788,0.0,0.0,0.007345624268054962,0.5299592266909079,0.008380379770442588,0.0,0.0,0.01463589072227478,0.7604344722393404,0.017605208186025217,0.0,0.0,1.0845968063222244e-05,0.3424404335334529,0.007560473660904131,1.0,1.0,0.0795859694480896,0.8786263532235232,0.33288427289862527,0.0,0.0,0.003877866081893444,0.19003652437080393,0.004439673188488907,0.0,0.06,0.007720482107251883,0.49168702659833047,0.008531387620575976
IDRiD_57,test,0.46384701132774353,0.00011726793309208006,0.007787908893078566,0.1585550457239151,0.04228876158595085,176502,False,0.0821806788444519,0.020010512322187424,0.024475643335486283,0.009472980476141913,0.2926312449717284,0.0,0.0,0.018419604748487473,0.615147427244739,0.023007464675089476,1.0,1.0,0.017276063561439514,0.6357304214728772,0.03758910040498217,0.0,0.0,0.006426230538636446,0.5640064741190772,0.011786098899400497,1.0,1.0,0.0232718326151371,0.6573567663638374,0.04331861339687422,0.0,0.0,0.0035169683396816254,0.3519798858265145,0.007402804244500276,0.0,1.0,0.01153325755149126,0.618332957616733,0.014983125401514436,0.0,0.24,0.009314986560493708,0.4876344736778468,0.009774434712619942,0.0004532526543608571,0.041217663255940444,0.0,0.0,0.00037265647551976144,0.4316027623170481,0.0005055271531339777,0.0,0.0,0.0005792484735138714,0.6366491445062872,0.00079255705469455,0.0,0.0,0.00013842374028172344,0.4243893011750155,0.0004929994212198434,0.0,0.0,0.0008819579961709678,0.7376546072974643,0.0013817807165244968,0.0,0.0,0.00015416534733958542,0.3655849309420738,0.00042907817003038436,0.0,0.0,0.00048692384734749794,0.5948082869511441,0.0006962698475445378,0.0,0.04,0.00045516189478803424,0.5040959080601938,0.0006354562816805793,0.0005042435779764535,0.017795832341843152,0.0,0.0,0.0006341052940115333,0.6117638475485493,0.0007752118849578471,0.0,0.0,0.001367910415865481,0.6824008628806529,0.0015837162920609524,0.0,0.0,0.0003107345546595752,0.6299423135888914,0.0008813762888997591,0.0,0.0,0.00024515052791684866,0.42899572799146585,0.00046551637283754276,0.0,0.0,0.0001711425866233185,0.4416190054590609,0.0004545579099694705,0.0,0.0,0.0005390056758187711,0.5334006390759132,0.0006534346382037565,0.0,0.04,0.0005164108745520934,0.5222981098851696,0.000944248949030542,0.008521149901984113,0.26138514011172675,0.0,0.0,0.01742342859506607,0.6258804533253601,0.023009297243797952,1.0,1.0,0.015330676920711994,0.6325261719944418,0.03870490402229352,0.0,0.0,0.005983860231935978,0.5680183380553717,0.010754101380365791,1.0,1.0,0.022155627608299255,0.6663196803044553,0.045204515814124525,0.0,0.0,0.0031916601583361626,0.3459967177962789,0.00660286514640378,0.0,1.0,0.010516256093978882,0.6246723360156059,0.01391426469215077,0.0,0.22,0.008349092174321414,0.48456852192941713,0.008766395334618746,,,,,,,,,,,,,,,,,,,,,,,,,,,,,,,,,,,,,
IDRiD_58,test,0.9992863535881042,0.034347377717494965,0.0022193463519215584,7.046353857731447e-05,0.06131510064005852,189749,False,0.00496312789618969,0.02483217604458332,0.029934281603592114,0.024648351242957802,0.27983810191358055,0.0,1.0,0.07340941578149796,0.7204337994330285,0.07884261750708745,0.0,0.0,0.021054107695817947,0.49131998396321425,0.022937774754585704,0.0,0.0,0.04100592061877251,0.5672473230469952,0.03529629356185002,0.0,0.0,0.0063016111962497234,0.3961221041847908,0.02162121271523251,0.0,1.0,0.02821819670498371,0.5180881969048974,0.02931229008362051,0.0,0.0,0.02919231913983822,0.6032471504504577,0.032827179083693335,0.04,0.28,0.02492551028728485,0.508099825652268,0.026716879904851987,0.0015230646801827677,0.08339437889000732,0.0,0.0,0.0023845694959163666,0.4546994391421325,0.002230313981068691,0.0,0.0,0.0009359123650938272,0.47259085486978625,0.0012625110437537558,0.0,0.0,0.0018177679739892483,0.5368621936520691,0.0017582847570576283,0.0,0.0,0.0015745916170999408,0.45441972542966147,0.0015900305576701007,0.0,1.0,0.0021277060732245445,0.5500354811946558,0.002086219699428329,0.0,0.0,0.0015549332601949573,0.5037850753843226,0.001382712622821357,0.0,0.1,0.0015136678377166391,0.4937544234881155,0.0017484953841735774,0.011478321361377398,0.1011441430521373,0.0,1.0,0.03184548020362854,0.7076892662149168,0.03565045741153611,0.0,0.0,0.014758726581931114,0.5801115034774245,0.01453063178043187,0.0,0.0,0.019371796399354935,0.5376697539536645,0.015998355826399614,0.0,0.0,0.0006580303888767958,0.36118451942150204,0.010308246323723957,0.0,0.0,0.012398263439536095,0.556979688599885,0.012662979155729174,0.0,0.0,0.012948347255587578,0.6032555548978605,0.013428179067354135,0.02,0.1,0.011464653722941875,0.5000872420187987,0.013501086726766835,0.011646965201397635,0.13934197281672103,0.0,1.0,0.03917936980724335,0.7592501877921558,0.04526227775422957,0.0,0.0,0.005359470844268799,0.40745312561256375,0.008978041369061609,0.0,0.0,0.019816353917121887,0.5978427436044601,0.018416862378943213,0.0,0.0,0.004068989306688309,0.42593976826014524,0.010295644068003425,0.0,1.0,0.013692227192223072,0.4757683098598573,0.017709951849836113,0.0,0.0,0.014689036644995213,0.6125251134367427,0.020495419012092116,0.02,0.16,0.011947188880294562,0.517434708133282,0.013678115947755176,,,,,,,,,,,,,,,,,,,,,,,,,,,,,,,,,,,,,
IDRiD_59,test,0.9983762502670288,0.0005394487525336444,0.02762387879192829,4.9288505579170305e-06,0.23775449395179749,190204,False,0.002036941470578313,0.03810996562242508,0.03036213749447961,0.051066223633572376,0.36573363336207443,0.0,1.0,0.10601447522640228,0.666291424400387,0.09439123861736613,0.0,0.0,0.007159190718084574,0.2836729507343636,0.04487699608660302,0.0,0.0,0.003079234389588237,0.316873061177791,0.04276959389872625,0.0,0.0,0.005561803467571735,0.2902235083502658,0.044655127965599443,1.0,1.0,0.20619389414787292,0.8071226566657727,0.33212177685730077,0.0,1.0,0.06389176845550537,0.6503960685729873,0.0889735917294659,0.04,0.24,0.05130488313734531,0.5042573859317857,0.05315319505202683,0.002350108304767513,0.11356228049883284,0.0,1.0,0.009320888668298721,0.7138948928398274,0.011193623994302905,0.0,0.0,0.00015563846682198346,0.3482278369515137,0.0019273722902414128,0.0,0.0,0.00010284510062774643,0.3750541108430977,0.0018848712346621911,0.0,0.0,0.00018089656077791005,0.3157210538044345,0.0020006935941493985,0.0,1.0,0.00286600342951715,0.49788572467499614,0.0027439519214083317,0.0,0.0,0.002651659771800041,0.5952190858636504,0.0028106928325629336,0.0,0.06,0.0023120931978337467,0.4882072992986482,0.0024716716414979302,0.010462450842253581,0.0972271876511535,0.0,1.0,0.05008745193481445,0.819538007097775,0.06906743073226865,0.0,0.0,0.005931896157562733,0.446971753353823,0.01007197793908365,0.0,0.0,0.0006084481719881296,0.33044961666353645,0.008786679413313002,0.0,0.0,9.212924487655982e-05,0.2562326643396298,0.00969381089516909,0.0,1.0,0.020451631397008896,0.5473245299287737,0.01939050867171244,0.0,0.0,0.013155749067664146,0.6702373140542192,0.015241152385520616,0.0,0.08,0.01047902014106512,0.49984021187501176,0.012121981418059775,0.016061702172404366,0.19881811108073438,0.0,0.0,0.02381071448326111,0.6778271373408812,0.026431531365462058,0.0,0.0,0.0010917800245806575,0.2843137512294957,0.014184562820957515,0.0,0.0,0.00160542584490031,0.35656181914051566,0.01306632045091849,0.0,0.0,0.0025373888202011585,0.30172428930331197,0.014075124927013224,0.0,0.0,0.06015752628445625,0.8000031928355819,0.08948870405489522,0.0,1.0,0.026861706748604774,0.8221450276822515,0.10116502283286988,0.0,0.14,0.01614302283152938,0.5049253912522178,0.01704226959523835,0.022286597547895942,0.08334735336796281,0.0,0.0,0.02289249747991562,0.566608951574006,0.025042541801894396,0.0,0.0,1.895932109619025e-05,0.21533519504444862,0.021914960645145275,0.0,0.0,0.0007645437144674361,0.2901453527369099,0.019517796276279822,0.0,0.0,0.0027513892855495214,0.31170703958235413,0.01919788138633577,1.0,1.0,0.12316467612981796,0.9458753063170172,0.29696521710014606,0.0,0.0,0.021341612562537193,0.5103732638622211,0.02063347443740252,0.04,0.06,0.02247159827500582,0.507471195806337,0.02623200770674459
IDRiD_60,test,0.9950504899024963,0.014507035724818707,0.04706098884344101,0.00010171582835027948,0.12383224070072174,190165,False,0.0007587478030472994,0.04268419370055199,0.03284516078142666,0.03008965898035916,0.3545499960560566,0.0,1.0,0.08779668807983398,0.7583324787763945,0.09596373400512702,0.0,0.0,0.004279831890016794,0.3390836900260854,0.021466789186379193,0.0,0.0,0.014692937023937702,0.6272183829515074,0.03915395222926684,0.0,0.0,0.005293254740536213,0.26602688964179305,0.0248668968905251,1.0,1.0,0.08331720530986786,0.6657442252181422,0.17958558115862788,0.0,1.0,0.03907850757241249,0.681120497191666,0.04697563894371382,0.06,0.32,0.030467681214213373,0.5088260783316074,0.032055836258157014,0.002140246627928378,0.11788709804643337,0.0,1.0,0.00483119860291481,0.6594901315925452,0.007156823458456252,0.0,0.0,0.0005304132355377078,0.3995259253931366,0.001670187239436738,0.0,0.0,0.0006725851562805474,0.5301501487722466,0.0021180411143875786,0.0,0.0,0.0007748565985821187,0.37467178337371965,0.001736094497036274,0.0,0.0,0.002123370533809066,0.5120161801702593,0.0023803037294220335,0.0,1.0,0.002795217791572213,0.6702756027570197,0.003865559876579683,0.0,0.1,0.002216517061460763,0.5235754323654662,0.0025798958887739863,0.006252464964635974,0.07429337680435412,0.0,1.0,0.019192352890968323,0.7838939672524436,0.02793178883178082,0.0,0.0,0.0004141187819186598,0.2833934667873796,0.004430693659394289,0.0,0.0,0.004978611599653959,0.6623630872092147,0.010808945226268067,0.0,0.0,0.0003802586579695344,0.21853206874068376,0.005746472663080924,0.0,0.0,0.004103265702724457,0.43135397872380954,0.005167531046391953,0.0,0.0,0.007729941047728062,0.6639586138721396,0.00922908454720855,0.02,0.1,0.006330681890249252,0.5058526792563762,0.007486052420249581,0.01137959140746194,0.23120448031972235,0.0,1.0,0.026124507188796997,0.6577632201108008,0.024818019100414025,0.0,0.0,0.0019344203174114227,0.34100831367171913,0.007935187659055423,0.0,0.0,0.0030684962403029203,0.5208185787603189,0.010396017708312652,0.0,0.0,0.0040527936071157455,0.34623530597057467,0.008724757005990116,0.0,0.0,0.016076941043138504,0.6687579827223984,0.018573486802486952,0.0,0.0,0.01612277142703533,0.7196665580227013,0.024706155515629834,0.02,0.22,0.01167485810816288,0.5198437128459715,0.012477292112455754,0.010401493439907449,0.055052191517892354,0.0,1.0,0.03773808106780052,0.8544007229223027,0.046737935003251005,0.0,0.0,0.001407191390171647,0.3679527839663428,0.00782649267052063,0.0,0.0,0.006011785939335823,0.7305115696426594,0.019564346461000526,0.0,0.0,8.583190356148407e-05,0.20038336090225953,0.00973163840476168,1.0,1.0,0.06110081076622009,0.8257133939900936,0.39422337265469304,0.0,0.0,0.012548166327178478,0.6421788177413084,0.014167934875636053,0.02,0.08,0.010332259368151426,0.49564132331870103,0.012900518783401234
IDRiD_61,test,0.9964890480041504,0.004968247842043638,0.0002821265661623329,0.0034079349134117365,0.14132371544837952,189766,False,0.06599308550357819,0.02709011919796467,0.0270912597620227,0.16115637153125428,0.6308137390259583,0.0,1.0,0.12681052088737488,0.4217379788949047,0.1415340060542401,0.0,1.0,0.08455794304609299,0.3869422307240308,0.12688551915887872,0.0,0.0,0.2153402715921402,0.5054474090973077,0.19453261959406082,0.0,1.0,0.1940879225730896,0.4815015148941967,0.17749353134275936,1.0,1.0,0.2847910523414612,0.46698794514913333,0.2034749478384414,0.0,1.0,0.1600547879934311,0.5178248419241553,0.15492372570634774,0.22,0.66,0.15897444695234297,0.4877787568051233,0.15806037483676247,0.0032935299263303227,0.13114045719465026,0.0,0.0,0.006170480512082577,0.6685974967450377,0.0063807581433492164,0.0,0.0,0.0024652397260069847,0.5073666794290534,0.0031291052675388987,0.0,0.0,0.00339665194042027,0.5718077353352286,0.00395097460153839,0.0,0.0,0.0022367292549461126,0.47976864090547067,0.002940457743906874,0.0,0.0,0.0025886306539177895,0.5148438185614935,0.003326164004987444,0.0,0.0,0.0036092442460358143,0.5583344891460191,0.0037662990625827045,0.0,0.1,0.0031609717989340425,0.4702109918755366,0.003081957771479666,0.14927858520493661,0.520256526458902,0.0,1.0,0.11839036643505096,0.4227378419657524,0.13178114798144924,0.0,1.0,0.0736827552318573,0.3697841717434802,0.11605495901124337,0.0,0.0,0.17718631029129028,0.49360830199343103,0.17282293595495135,0.0,1.0,0.18782146275043488,0.4871969151953264,0.1688439995101098,0.0,1.0,0.1944819539785385,0.442592682813376,0.15440353550276784,0.0,0.0,0.14266511797904968,0.49964964303463755,0.13570602356930855,0.22,0.58,0.14715690791606903,0.48740113124427076,0.146559488717798,0.006323577458554219,0.106773605387688,0.0,0.0,0.0022308931220322847,0.4309344811214208,0.004930365218874072,0.0,0.0,0.004880904220044613,0.6012954172447736,0.0070694490257081945,0.0,0.0,0.004814078100025654,0.5296892320408487,0.006158976558334738,0.0,0.0,0.004041670821607113,0.4371949515978067,0.00596991622504905,0.0,0.0,0.01226427685469389,0.762253041239318,0.01576449329910571,0.0,1.0,0.012393953278660774,0.934709860783702,0.08906159230918102,0.0,0.1,0.00640652664937079,0.506167233794374,0.008143324860114196,0.0022870271808437762,0.009084872948789562,0.0,0.0,2.2841401005280204e-05,0.12153630419854158,0.0018624306753645473,0.0,0.0,0.0035499127116054296,0.7638721913705515,0.004601707698801768,0.0,0.0,0.030056074261665344,0.9906445060409217,0.10272368875057844,0.0,0.0,0.0,0.31879350838958126,0.0023220957970066076,1.0,1.0,0.07576526701450348,0.9998414991411331,0.9465412417957304,0.0,0.0,0.0014229955850169063,0.3120975203463936,0.0016556188644107378,0.0,0.0,0.00227709436963778,0.502648412779324,0.005153229839115472
IDRiD_62,test,0.9998393058776855,0.0006896069389767945,0.10186552256345749,0.00015736871864646673,0.001855239039286971,189198,False,0.0,0.019805243238806725,0.020423048869438368,0.010148098817112232,0.1665662427721223,0.0,0.0,0.017501063644886017,0.7636190279407059,0.02158574615340165,0.0,0.0,0.0034512970596551895,0.2938074321922434,0.00829236624694648,0.0,0.0,0.019517261534929276,0.632478937826597,0.019554487593792302,0.0,0.0,0.006988525390625,0.46487398243930184,0.00885718477199528,0.0,1.0,0.029134131968021393,0.6754377510575522,0.08919640182884335,0.0,0.0,0.008104211650788784,0.41039918150794497,0.007742053441003786,0.0,0.14,0.010361083690077067,0.5163344801997796,0.01171789585804234,0.0006765399211408154,0.046395839279484985,0.0,0.0,0.0007726518670096993,0.6681617693664268,0.0013011272640998462,0.0,0.0,0.0008745203958824277,0.6221286384871499,0.0010044405794579778,0.0,0.0,0.00043866061605513096,0.4621103940086525,0.000708220454312683,0.0,0.0,0.0005816511111333966,0.4302937883019088,0.0006972739967620391,0.0,0.0,0.00033570165396668017,0.3559608986524191,0.0005211937518896518,0.0,0.0,0.0005867803120054305,0.40658031609677525,0.0006742489479309494,0.0,0.04,0.0006959315459243953,0.5263412115178834,0.0010486072355519183,0.0015275002907007473,0.012537130413640737,0.0,0.0,0.0003540935576893389,0.679403165138369,0.002272624234345853,0.0,0.0,0.002017653314396739,0.6516403649118849,0.002203932233788197,0.0,0.0,0.00038723717443645,0.4906949760006767,0.0013907240479272024,0.0,0.0,0.0006603904766961932,0.4379179030488421,0.0012571766154390225,0.0,0.0,0.0010176280047744513,0.5140677384719843,0.0015205938671018992,0.0,0.0,0.0007140470552258193,0.1606976719599095,0.0008556939784156333,0.0,0.0,0.0016802917688619346,0.5770964636533009,0.004197445528745101,0.007949344073404582,0.1129081702766414,0.0,0.0,0.01637580804526806,0.7874138659160697,0.019383013703874824,0.0,0.0,0.0005608117207884789,0.19540142343789343,0.007187481371810742,0.0,0.0,0.018695782870054245,0.6749151931129832,0.020128045026380593,0.0,0.0,0.005752113182097673,0.4734313954987626,0.007132331315482271,0.0,1.0,0.027783725410699844,0.7351164183561376,0.10974569911254775,0.0,0.0,0.006805303506553173,0.45955787756376604,0.00660138808775821,0.0,0.1,0.007990852035582065,0.5035672805476348,0.008993836481093994,,,,,,,,,,,,,,,,,,,,,,,,,,,,,,,,,,,,,
IDRiD_63,test,0.9995337724685669,0.0016885092481970787,0.190829336643219,0.022076230496168137,0.017876947298645973,189834,False,0.021010300144553185,0.03224191069602966,0.034061337800394026,0.017041204420704406,0.1702276725981647,0.0,0.0,0.0247401911765337,0.7087334919818197,0.028174335414435852,0.0,0.0,0.027871107682585716,0.6635134074050253,0.031033057241890323,0.0,0.0,0.026311654597520828,0.5803163322185061,0.026319547409028685,0.0,1.0,0.06540895998477936,0.647842661971529,0.07672025056239148,0.0,1.0,0.06869199126958847,0.7366580910728068,0.08605581484465905,0.0,0.0,0.02285696566104889,0.6931092155475518,0.027842738435584807,0.02,0.16,0.016910985019057988,0.49380987801217735,0.01857904804459192,0.00039508201902715,0.0144494663758863,0.0,0.0,0.0014180820435285568,0.9048166266042535,0.0028654843310127248,0.0,0.0,0.002084461972117424,0.7389066944057878,0.0029569670036693474,0.0,0.0,0.0007354208501055837,0.7518654793198292,0.0009702342990118224,0.0,0.0,7.030403503449634e-05,0.4596002192889976,0.00034105605732237586,0.0,0.0,0.0002447316946927458,0.4219550223271811,0.00032788848357308525,0.0,0.0,0.0005035596550442278,0.5824067436052422,0.0032912076273229974,0.0,0.0,0.0003919661112013273,0.49765426371844795,0.00047444970978654193,0.0019332680131061875,0.029852397357691456,0.0,0.0,0.0023651672527194023,0.6662149228245973,0.002958153791983076,0.0,0.0,0.0001757863792590797,0.34111651576085733,0.0014511252178157526,0.0,0.0,0.003557545831426978,0.5924206340290727,0.004398096947916498,0.0,0.0,0.0,0.24014783526927136,0.0019812831970322906,0.0,0.0,0.0011367255356162786,0.44199308005122556,0.0017891364174578298,0.0,0.0,0.0012593530118465424,0.30907209777797745,0.0013216472772107823,0.0,0.04,0.0019501768797636032,0.5037876856366128,0.003157205147157279,0.014712854388571067,0.12909700053731155,0.0,0.0,0.020956940948963165,0.7083909576584624,0.024105436121249536,0.0,0.0,0.02561086229979992,0.7053200919867019,0.030651175077652106,0.0,0.0,0.022018685936927795,0.5736957867116171,0.021946181795140234,0.0,1.0,0.06533864885568619,0.7085244904521644,0.08562970033977038,0.0,1.0,0.06731054186820984,0.7846218312734892,0.09379592418397982,0.0,0.0,0.021094050258398056,0.7482383183752563,0.027469597054312588,0.02,0.12,0.01456884179264307,0.49235759786829997,0.016468014376714496,,,,,,,,,,,,,,,,,,,,,,,,,,,,,,,,,,,,,
IDRiD_64,test,0.9997120499610901,0.0005185322952456772,0.3702980577945709,0.00015443286974914372,0.033697985112667084,190014,False,1.154404799308395e-05,0.04379348084330559,0.03426063342701064,0.025308661467049798,0.35347395455071734,0.0,0.0,0.047996971756219864,0.6461192664200183,0.042368101748884945,0.0,0.0,0.021459514275193214,0.5034989301710526,0.026544594015939074,0.0,0.0,0.033951617777347565,0.6625447017464476,0.04270293790197906,0.0,0.0,0.0014188161585479975,0.2972794618371145,0.02246356929814634,1.0,1.0,0.061627473682165146,0.6798521607261143,0.08348090742784055,0.0,0.0,0.025080373510718346,0.5107638440664884,0.023895898811922042,0.04,0.3,0.025665030516684055,0.5111312384549901,0.02708387869267072,0.002631385055837991,0.13951603566053028,0.0,0.0,0.0054540266282856464,0.6461882709032924,0.007257758062724242,0.0,0.0,0.0014984115259721875,0.4898773374729636,0.002627129186681743,0.0,0.0,0.0031468283850699663,0.6095873739112361,0.004181547534044341,0.0,0.0,0.0005596381379291415,0.4302133197799414,0.0022747965927729535,0.0,0.0,0.002394062001258135,0.5209903285939764,0.002910912188702629,0.0,0.0,0.0023522961419075727,0.4547823608882884,0.0023851803618681715,0.0,0.08,0.002630992466583848,0.5001061646282452,0.003010383732672305,0.0037155156988432432,0.04049701600934668,0.0,0.0,0.004359753802418709,0.4740385183593435,0.004081789600817638,0.0,0.0,0.00399031164124608,0.7217732293522672,0.0064426129280709165,0.0,0.0,0.005325596779584885,0.7330415655656731,0.00670025195952908,0.0,0.0,0.0001471950818086043,0.27297047403308655,0.0035570058039650185,0.0,0.0,0.0025189893785864115,0.5661330324925908,0.0038808202199979787,0.0,0.0,0.0027958897408097982,0.37256726387135475,0.0027093437503160917,0.0,0.02,0.003714106073603034,0.4987279128278134,0.004518202611854624,0.013735829991474312,0.22677276411211805,0.0,0.0,0.03262467309832573,0.6490562606357413,0.02910191857148002,0.0,0.0,0.015448261983692646,0.5005512061152646,0.01704616146667512,0.0,0.0,0.014312809333205223,0.5661575417893999,0.016257939775376474,0.0,0.0,0.0006894831894896924,0.2856916853853946,0.012520368627482195,1.0,1.0,0.049122415482997894,0.7716337671712792,0.1049831150816198,0.0,0.0,0.01703459396958351,0.6600089367400226,0.018617877966270152,0.04,0.2,0.013916049245744943,0.5112689312549691,0.015416045150627661,0.005262770111675982,0.026840127569547508,0.0,0.0,0.0055847689509391785,0.7504552439322426,0.009419910964024798,0.0,0.0,0.0005384894902817905,0.36309590449417495,0.003930523642349808,0.0,0.0,0.011260057799518108,0.8779317794567997,0.023792794054118136,0.0,0.0,5.066628727945499e-05,0.2942180095352911,0.0045569475512703475,0.0,0.0,0.007626032456755638,0.5942219689201937,0.008692504599753549,0.0,0.0,0.002921450650319457,0.252398542468499,0.0033780260823555457,0.0,0.04,0.005441756029613316,0.5246564789872713,0.008338024247724594
IDRiD_65,test,0.998241662979126,0.0007711510406807065,0.003790085669606924,0.37700438499450684,0.00011475728388177231,176479,False,0.007854515686631203,0.016860339790582657,0.024898146521682468,0.021639968494835078,0.43475427671281003,0.0,1.0,0.046822380274534225,0.7024947551971229,0.05031719748559007,0.0,1.0,0.11251813173294067,0.6438109963763181,0.07548973923615797,0.0,1.0,0.08055168390274048,0.8080349017791462,0.09564971556288313,0.0,1.0,0.09355439990758896,0.6448592634240945,0.07549412621069491,1.0,1.0,0.08903471380472183,0.6237996646298419,0.12507066198600877,0.0,1.0,0.029931876808404922,0.6920348844409548,0.05812081857130125,0.0,0.36,0.021086372695863248,0.4810406483988181,0.02190177663345235,0.003586829027816341,0.22300103695057202,0.0,1.0,0.009600826539099216,0.6884048900507928,0.0139999672267469,0.0,1.0,0.010541671887040138,0.5450883797638627,0.0065246172108019106,0.0,1.0,0.009920277632772923,0.6966182226839714,0.011468927966870202,0.0,1.0,0.011517086997628212,0.6833721725787498,0.008739095214967255,0.0,0.0,0.003183339722454548,0.48691453768271825,0.0032829258579495472,0.0,1.0,0.004567704629153013,0.6292002025970649,0.014341839392562998,0.0,0.2,0.003552260831929743,0.4924322211153402,0.003537909889644432,0.006108375500767797,0.10991109423784133,0.0,1.0,0.021463543176651,0.7942534095276711,0.034998753521709655,0.0,0.0,0.008659673854708672,0.5041403006381909,0.006987593003692462,0.0,1.0,0.016997791826725006,0.7850038223877887,0.018791052047017868,0.0,0.0,0.014115111902356148,0.6173953278172687,0.010921530622814004,0.0,0.0,0.0052908980287611485,0.5618658320768025,0.007159111626518772,0.0,1.0,0.006369390059262514,0.5028593150112137,0.025035929423037142,0.0,0.08,0.005973550025373697,0.4815122650076236,0.00858843070971618,0.011950430362819372,0.254069889335275,0.0,0.0,0.015759481117129326,0.6536971413717441,0.01684682317944763,0.0,0.0,0.09331678599119186,0.7427754637000955,0.08102044604657463,0.0,0.0,0.05363968387246132,0.8455752087692787,0.07366114512384477,0.0,1.0,0.0679224282503128,0.644794054198313,0.07288044653398205,1.0,1.0,0.08056047558784485,0.6934271125982372,0.1897752095364719,0.0,0.0,0.018998656421899796,0.8054996371974252,0.039713300898792235,0.0,0.16,0.01156662417575717,0.47790758171147874,0.012171472403789416,,,,,,,,,,,,,,,,,,,,,,,,,,,,,,,,,,,,,
IDRiD_66,test,0.9976381063461304,1.1971637832175475e-05,0.004244022537022829,0.0001891077117761597,0.012567510828375816,190207,False,0.020116187632083893,0.014731462113559246,0.023984395947572908,0.14121457149316272,0.4799823350349882,0.0,1.0,0.10226112604141235,0.40316324581471213,0.11899641833372948,0.0,1.0,0.3222401738166809,0.6243477979450076,0.21295639610515055,0.0,1.0,0.08290375024080276,0.32810880513671237,0.12135963358631767,0.0,0.0,0.08899770677089691,0.37072639179910866,0.1330906936701179,1.0,1.0,0.531024158000946,0.7243570356612452,0.4075188491208381,1.0,1.0,0.2208700329065323,0.8435083542826779,0.3582098347558244,0.02,0.34,0.14034938499331473,0.49484036117976343,0.1409029751771254,0.002176576046097147,0.10322963928772337,0.0,1.0,0.005356399808079004,0.7142825004134603,0.006969770606557346,0.0,0.0,0.009142711758613586,0.6857955908915502,0.005394156624252045,0.0,0.0,0.00048743950901553035,0.26818232303087497,0.0018693645290513024,0.0,0.0,0.0008139503188431263,0.31764332480470087,0.0021444536371705157,0.0,0.0,0.00210069608874619,0.5678183360735213,0.002484169754325054,0.0,1.0,0.0033865489531308413,0.7718238140174399,0.0076222322900166666,0.0,0.06,0.002152703262399882,0.49170277148129055,0.0023308882481353622,0.003643399033684354,0.042027895923914475,0.0,0.0,0.004033879842609167,0.6732327917418877,0.005129239214710502,0.0,0.0,0.0016528940759599209,0.44423663380086104,0.0035469821913265104,0.0,0.0,0.0,0.17100791556728234,0.0035965170571656923,0.0,0.0,0.0,0.28626912928759896,0.0035965170571656923,0.0,0.0,0.001095289597287774,0.35589291610733076,0.003121981450240343,1.0,1.0,0.004314284771680832,0.6575767563147094,0.028353760461323135,0.0,0.02,0.0035789031465537848,0.4860621308768843,0.004511277030643549,0.13544191328394853,0.44721277345208116,0.0,0.0,0.09289585053920746,0.39039506932326806,0.11129386608430122,0.0,1.0,0.3114759624004364,0.6270267790692554,0.2071001096415605,0.0,1.0,0.08242210000753403,0.3362533563954473,0.1169091609804909,0.0,0.0,0.08818376064300537,0.3759868808758197,0.12811971748428186,1.0,1.0,0.5279549956321716,0.7353221424738141,0.4118681779394286,0.0,1.0,0.21324849128723145,0.8459361629358926,0.3496770639103165,0.02,0.32,0.13466447621583938,0.495234291910442,0.1355945404792687,,,,,,,,,,,,,,,,,,,,,,,,,,,,,,,,,,,,,
IDRiD_67,test,0.9867406487464905,0.003641863353550434,0.05054710432887077,0.0015141129260882735,0.10790552943944931,189879,False,0.04325033724308014,0.016089055687189102,0.02532138888450013,0.05813702410482465,0.4180925747449692,0.0,1.0,0.11752606183290482,0.6757027591505668,0.11241571623729948,0.0,0.0,0.009827377274632454,0.3814871687017468,0.0502228055881345,0.0,0.0,0.04290468245744705,0.6673184475036835,0.08882357751768281,0.0,0.0,0.02654939331114292,0.46394870803609495,0.052444022970511206,0.0,1.0,0.11820468306541443,0.5933726936162832,0.1065900338365369,0.0,1.0,0.05497005209326744,0.47987011876569263,0.053755113773414145,0.08,0.58,0.05810292422771454,0.4996354256324472,0.05929802063493026,0.002670121498427946,0.12426861316943949,0.0,0.0,0.0049262805841863155,0.5967190536544149,0.004569303361035696,0.0,0.0,0.0006539645837619901,0.5024406421630756,0.0024786319404920634,0.0,0.0,0.001040183356963098,0.5469405154203633,0.002664915400689338,0.0,0.0,0.0009311623289249837,0.418981326573722,0.0024425851174723124,0.0,0.0,0.0026114254724234343,0.5953793831854668,0.00312780038894794,0.0,0.0,0.0031771748326718807,0.6170294888043937,0.00346694058058963,0.0,0.26,0.002720861015841365,0.5132847672158851,0.00424816276653873,0.044591555674929825,0.26584825072809526,0.0,1.0,0.10653052479028702,0.7156614364603759,0.10688572196135038,0.0,0.0,0.00834154337644577,0.39169551177986517,0.03874663359873471,0.0,0.0,0.03823700174689293,0.7164785033494275,0.0809755922250244,0.0,0.0,0.019350143149495125,0.45030645753011267,0.039965343332109084,0.0,1.0,0.05750329792499542,0.5119821609520216,0.052896146796030594,0.0,0.0,0.039716001600027084,0.4565136001940172,0.0374899252579854,0.08,0.36,0.04437874659895897,0.4962916122142989,0.0458358471300071,0.005650967194897803,0.11996060649150249,0.0,0.0,0.0039455825462937355,0.5318235468908604,0.005776371833042251,0.0,0.0,0.0008318692562170327,0.39085362980063776,0.004989208016883411,0.0,0.0,0.0010506758699193597,0.35723455360522727,0.004645380868217902,0.0,0.0,0.0035692178644239902,0.5545041203952912,0.006118598950714475,0.0,1.0,0.030589275062084198,0.8708411993014193,0.060062631823417076,0.0,1.0,0.009045652113854885,0.7790218265122167,0.023885140893426388,0.0,0.1,0.005678981319069862,0.5032519449814231,0.006909302846915301,0.005245445783893954,0.03030877558866436,0.0,0.0,0.0021264555398374796,0.4988534900941891,0.004663543467397873,0.0,0.0,0.0,0.25341479426526337,0.005140629937848942,0.0,0.0,0.0025886325165629387,0.6285352168613505,0.006383767568276454,0.0,0.0,0.002698872471228242,0.5062828916420556,0.004869428322686737,0.0,1.0,0.027619482949376106,0.9342823733258439,0.049392706364911894,0.0,0.0,0.003044338431209326,0.2684428399284703,0.003322587666879104,0.0,0.0,0.005345521871931851,0.5164808620504701,0.007517211821533234
IDRiD_68,test,0.999349057674408,0.0005370188155211508,0.035930436104536057,0.0014414370525628328,0.11414873600006104,190261,False,0.027880797162652016,0.023596493527293205,0.023373155822790797,0.05432537409137973,0.3446108240785027,0.0,0.0,0.060120873153209686,0.522672997342319,0.0661666765825938,0.0,0.0,0.03558295965194702,0.47130714133437934,0.049911494516068494,0.0,0.0,0.025798989459872246,0.493117839095049,0.049279075861825325,0.0,0.0,0.00773385725915432,0.37988224962493367,0.048412276649961186,1.0,1.0,0.1516682207584381,0.5056487113467542,0.1421954767578692,0.0,1.0,0.05020430311560631,0.4530620402538347,0.04776213228156524,0.02,0.24,0.053761310055851934,0.49327356448654425,0.05644016371265701,0.001366543852917834,0.056306862678110595,0.0,0.0,0.001041038311086595,0.6007123136835799,0.0016865754589376197,0.0,0.0,0.0006296768551692367,0.5495251511986592,0.0013915991640005166,0.0,0.0,0.0008092327043414116,0.394311529960409,0.001200089100057684,0.0,0.0,0.00016485103697050363,0.39314938508497077,0.0012368979759472942,0.0,0.0,0.002229433972388506,0.7806854339219353,0.0032425581610585627,0.0,1.0,0.001734906225465238,0.6653970027446503,0.0037897572873033143,0.0,0.02,0.0013629495690111071,0.49957356715487444,0.0017152749617681804,0.040812357761180695,0.2405432537409138,0.0,0.0,0.05742669850587845,0.6104294008995104,0.06317987645589379,0.0,0.0,0.026284443214535713,0.418205525382054,0.03603513130128146,0.0,0.0,0.021224258467555046,0.508727167585838,0.038257781211557707,0.0,0.0,0.006449013017117977,0.39957062680808986,0.035607493023817105,0.0,0.0,0.02261279709637165,0.3717189301838758,0.0316630704054905,0.0,0.0,0.037585463374853134,0.4482807456597283,0.03602067183030202,0.02,0.18,0.04076255343854427,0.5004934617722521,0.044534076706685084,0.0030747236690651263,0.056800920840319354,0.0,0.0,0.001236757030710578,0.45230142162995446,0.002531250068132179,0.0,0.0,0.0020917830988764763,0.6064750875047442,0.0035762911862185043,0.0,0.0,0.00014819989155512303,0.2792333348561736,0.0021228507217661576,0.0,0.0,0.001119993394240737,0.34830124240336996,0.003081428902048831,0.0,0.0,0.006130824331194162,0.7551690176977467,0.008641911999250679,0.0,0.0,0.004512853920459747,0.774894045460296,0.006262664415248015,0.0,0.06,0.002927813807036728,0.4614832595927223,0.004010364955018049,0.00907700474611192,0.042273508496223605,0.0,0.0,0.0004197975795250386,0.15387295643402363,0.007925720830672925,0.0,0.0,0.006583764683455229,0.6470498719810329,0.012233494283082628,0.0,0.0,0.003617301117628813,0.5124283708012123,0.008770545926725215,0.0,0.0,0.0,0.31949630824068576,0.009207483708219466,1.0,1.0,0.12071121484041214,0.957220893656483,0.48720765004697025,0.0,0.0,0.006378996651619673,0.3415815419009742,0.006370512336378594,0.0,0.02,0.008712640320882202,0.4726831604195659,0.010074302410350806
IDRiD_69,test,0.9991326928138733,0.0012364208232611418,0.002433749847114086,3.263366670580581e-05,0.23675279319286346,190242,False,0.04091009497642517,0.015754446387290955,0.0238590847446936,0.053237455451477594,0.4500425773488504,0.0,1.0,0.06891076266765594,0.5313730430391013,0.065825927533681,0.0,0.0,0.01778123900294304,0.46497963822447275,0.04578181510369376,0.0,0.0,0.03464757651090622,0.5257460752660231,0.05852697640339201,0.0,1.0,0.03420519456267357,0.4689952599056132,0.05088346080978404,0.0,1.0,0.1044885516166687,0.49137024582362127,0.09498240904591208,0.0,1.0,0.05926980450749397,0.5766932657909266,0.06357899221592261,0.02,0.4,0.052886978834867475,0.4950534909911874,0.05387020973133692,0.0023706647322883486,0.14805353181736947,0.0,0.0,0.0042596254497766495,0.6088884031172728,0.0046947799752290196,0.0,0.0,0.001352434977889061,0.5431485123759101,0.0026381245402633305,0.0,0.0,0.0006581934285350144,0.5125787894910518,0.0022667041690521833,0.0,0.0,0.0004531539452727884,0.43566554587888806,0.0023001166991059477,0.0,0.0,0.0013025561347603798,0.4480410926445213,0.002240291222815612,0.0,1.0,0.002862420864403248,0.6190166504581274,0.003655070537695457,0.0,0.18,0.002394650708884001,0.5087680801530435,0.0029712537655939637,0.04134733655028858,0.2947298703756268,0.0,1.0,0.05661637336015701,0.5434806810725856,0.05380687890874361,0.0,0.0,0.012853939086198807,0.4664665931440705,0.03529599742565267,0.0,0.0,0.023958435282111168,0.5146347471416591,0.04292252307860089,0.0,1.0,0.03272304683923721,0.48367078417816517,0.040226305489404195,0.0,1.0,0.04526422917842865,0.43338177966655533,0.0402457202921266,0.0,0.0,0.04397718235850334,0.5576465523198393,0.04417278021233231,0.02,0.26,0.0410316600650549,0.49389798505315485,0.042402791642910345,0.009524710631721701,0.17656984262150313,0.0,0.0,0.008038345724344254,0.4567354224616323,0.00927201479292122,0.0,0.0,0.0035750861279666424,0.4424027107727253,0.008382297443526275,0.0,0.0,0.010031908750534058,0.5732668761934085,0.015547567088896335,0.0,0.0,0.0010289964266121387,0.4189807515172646,0.009141179843056804,0.0,1.0,0.057921841740608215,0.7486229041174981,0.14896769532438625,0.0,1.0,0.012437845580279827,0.6378188036543226,0.025853966988890562,0.0,0.16,0.009465247178450226,0.496947357519121,0.010052238694731796,,,,,,,,,,,,,,,,,,,,,,,,,,,,,,,,,,,,,
IDRiD_70,test,0.9993334412574768,0.0036077317781746387,0.013692117296159267,0.000368281762348488,0.00016284987214021385,189966,False,0.00023148414038587362,0.027214422821998596,0.02681006074771275,0.027862880726024657,0.2177179074150111,0.0,1.0,0.07284314185380936,0.8031887879794111,0.07722054108429016,0.0,0.0,0.04226771742105484,0.7552209384339075,0.06045373399420909,0.0,0.0,0.01281080674380064,0.5444120306073231,0.028304127680145973,0.0,0.0,0.002965691266581416,0.3421171277074482,0.022070202603774836,0.0,0.0,0.006853770464658737,0.3459991209806882,0.021780504603117257,0.0,1.0,0.046595633029937744,0.826897021433367,0.15207423948699464,0.04,0.24,0.02794023375958204,0.49995210088039277,0.030958040668632978,0.001621342766600339,0.0650432182601097,0.0,0.0,0.004523254465311766,0.6870773277003503,0.003990692908345394,0.0,0.0,0.001575672416947782,0.6194893392767439,0.0022399243360610496,0.0,0.0,0.001545506063848734,0.5439014943802559,0.0021660964915502104,0.0,0.0,0.0002521172573324293,0.3466355216471216,0.0012891305641711975,0.0,0.0,0.0018183785723522305,0.6623883350799451,0.0022804321877815436,0.0,0.0,0.002080959267914295,0.6629831235116593,0.0030144254038936822,0.0,0.06,0.0016389205702580512,0.5104240815496984,0.002055650392759404,0.014318351705041955,0.10039164903193203,0.0,1.0,0.04333443194627762,0.8757765329200005,0.0522352378195489,0.0,0.0,0.029053883627057076,0.8432297244853337,0.046435496845274385,0.0,0.0,0.008754550479352474,0.6401688673687477,0.018911173861556475,0.0,0.0,0.0019365503685548902,0.3625145979092729,0.011221239180321666,0.0,0.0,0.0014438953949138522,0.3115510973539094,0.0109465239357795,0.0,1.0,0.026526156812906265,0.8752122582414474,0.18603223333571087,0.02,0.18,0.014535440281033516,0.5088953974735418,0.01803697894644559,0.009149005611530484,0.08047755914216229,0.0,0.0,0.022663680836558342,0.7165478812125963,0.021705117160858555,0.0,0.0,0.008753933012485504,0.6233567930949435,0.012312365760624458,0.0,0.0,0.0021504550240933895,0.3740313891902799,0.007997777239049365,0.0,0.0,0.0007559653604403138,0.309010853978216,0.00781423979632849,0.0,0.0,0.0025962949730455875,0.32923109205604606,0.007496525862385911,0.0,0.0,0.015215756371617317,0.8417660526087469,0.028909406548635302,0.02,0.12,0.008778172051534057,0.46764453318827565,0.010423215388587455,0.002779444742743438,0.01320762662792289,0.0,0.0,0.00232192175462842,0.726962909780293,0.004768684568046972,0.0,0.0,0.0028849008958786726,0.7653787075359842,0.005872391297284867,0.0,0.0,0.0003603885998018086,0.5980447547809654,0.003341729644854676,0.0,0.0,2.105838393617887e-05,0.36956394903223183,0.0021282199478782873,0.0,0.0,0.0010011311387643218,0.42046766337246955,0.002332545500689786,0.0,0.0,0.0027803757693618536,0.5712513256562585,0.0032171297406258306,0.0,0.02,0.0029930818639695646,0.5522904462026009,0.007827360793812426
IDRiD_71,test,0.9981070756912231,2.4727521577005973e-06,0.008150911889970303,1.4948428542993497e-05,0.04956620931625366,189663,False,0.000665133586153388,0.0215896125882864,0.022155085599194362,0.06420862266230103,0.5453304018179613,0.0,0.0,0.07947320491075516,0.5852320163801373,0.07835823830079744,0.0,0.0,0.007973774336278439,0.36366658222534054,0.05545203274052527,0.0,0.0,0.11968164145946503,0.701661103395074,0.1288954264904979,0.0,0.0,0.02143198624253273,0.3254268704375268,0.05484379857170779,0.0,1.0,0.16925771534442902,0.6257400898943475,0.17602064980469395,0.0,1.0,0.07600798457860947,0.617680227475994,0.08611783621103836,0.12,0.52,0.06440824039280414,0.5021323424515167,0.0673809634835034,0.00434454796138414,0.19716022629611468,0.0,0.0,0.005136581137776375,0.4788649021468824,0.005323590098003528,0.0,0.0,0.002076918026432395,0.47682339796372986,0.0038948286748498656,0.0,0.0,0.00298538850620389,0.44568745168232565,0.003585065925098105,0.0,0.0,0.003737151622772217,0.45342904321982336,0.004038200988576608,0.0,0.0,0.0038299597799777985,0.564117065797302,0.004683511492323347,0.0,0.0,0.005464226473122835,0.6286302758468296,0.007582674754596751,0.0,0.22,0.004326864476315678,0.49964997584512,0.00468477547559038,0.007792769280249706,0.09247981946926918,0.0,0.0,0.015977345407009125,0.7098264778894952,0.017531019343724467,0.0,0.0,0.00022913934662938118,0.29540398446278926,0.007622393858935669,0.0,0.0,0.008509419858455658,0.5821030306466065,0.009316813937018165,0.0,0.0,0.0030757435597479343,0.37813519617977775,0.0063782713514492235,0.0,0.0,0.005376565270125866,0.39476231368016335,0.006803972356666748,0.0,0.0,0.0067222523503005505,0.4165128824169892,0.006485723438353597,0.06,0.12,0.007873287862166763,0.5051703823527253,0.010264515352695448,0.04977776371775201,0.4282701423050358,0.0,0.0,0.05307061970233917,0.5586993429926875,0.054748816185409124,0.0,0.0,0.005667479243129492,0.37277132602242025,0.04272064112585393,0.0,0.0,0.10657567530870438,0.7417283585503281,0.12421751093298936,0.0,0.0,0.014619093388319016,0.31573058669468795,0.04320824597600529,0.0,1.0,0.15991269052028656,0.6799514204537466,0.18971204602638517,0.0,1.0,0.061542246490716934,0.6480385721128564,0.0737757161379193,0.04,0.34,0.04995112419128418,0.502458182407877,0.05281178639008473,0.002388446876828902,0.012274402492842567,0.0,0.0,0.0055102515034377575,0.8516575917827304,0.007661095559290686,0.0,0.0,2.3801966619885206e-07,0.28848332216069045,0.002325848303839158,0.0,0.0,0.0018153799464926124,0.6198883285289095,0.002980909807298671,0.0,0.0,0.0,0.22895583689715038,0.002386634844868735,0.0,0.0,0.00017683152691461146,0.3182923580246867,0.001671919216544948,0.0,0.0,0.002384357852861285,0.5696071264099919,0.0027036984320981325,0.02,0.02,0.002346541985170916,0.48694568671659577,0.009275079677458215
IDRiD_72,test,0.9999796152114868,0.0005172532401047647,0.061372533440589905,0.0001448790862923488,0.030523791909217834,190129,False,0.001434010686352849,0.024350276216864586,0.020649138216684463,0.03398219103871582,0.3810570717775826,0.0,1.0,0.04277864098548889,0.6230574351228308,0.045799133379466325,0.0,0.0,0.013751843944191933,0.3966721366164517,0.028576767404064975,0.0,0.0,0.08649085462093353,0.8156965577725728,0.13009639845288157,0.0,0.0,0.004851375240832567,0.24064167002003786,0.02631196295941402,1.0,1.0,0.14654868841171265,0.7584558586916457,0.18988929969113053,0.0,0.0,0.03877580910921097,0.5917112288529043,0.04086159914630311,0.06,0.5,0.03432786919176579,0.5074848559263875,0.036890342735987895,0.0018881917014237702,0.11825655213039568,0.0,1.0,0.004452470690011978,0.6116261100462228,0.00794403339493546,0.0,0.0,0.0010234997607767582,0.5009923209309571,0.0018024845784140224,0.0,0.0,0.002740496303886175,0.6251516466518527,0.0032661686363037634,0.0,0.0,0.0013481172500178218,0.44426502467900103,0.0016000205585715583,0.0,0.0,0.0010583627736195922,0.4469302744019967,0.0015748765582409847,0.0,0.0,0.0015584214124828577,0.40247718001072397,0.0014095323888034788,0.0,0.12,0.001889511134941131,0.5005051544718165,0.002106434351586701,0.001462165161548212,0.03800577502642943,0.0,0.0,0.010735557414591312,0.7569711467253498,0.03144053999139773,0.0,0.0,0.00011105278827017173,0.21566205013050718,0.0013847789922234442,0.0,0.0,0.004180244170129299,0.7890923682857983,0.01143053699867834,0.0,0.0,0.0003188077826052904,0.2924537636359139,0.0011410748523683605,0.0,0.0,0.002157205017283559,0.4801170121052376,0.0023739470550805985,0.0,0.0,0.0018985761562362313,0.6584922185850623,0.0024659368168608187,0.0,0.0,0.0014552671636920422,0.495208919867352,0.0018847939606253554,0.028522739824014223,0.28040435704179795,0.0,0.0,0.02490653470158577,0.6020071278088339,0.03430032908348939,0.0,0.0,0.011697703041136265,0.3830523340508164,0.024213316962535657,0.0,0.0,0.07647085189819336,0.8306527679871374,0.12096791107269346,0.0,0.0,0.00292017450556159,0.21706305101156295,0.023083734215013127,1.0,1.0,0.1432410031557083,0.8227779538868519,0.21005857155965257,0.0,0.0,0.034320853650569916,0.6315424015658255,0.037786127051382935,0.06,0.42,0.02894816666841507,0.5105613056882607,0.03224095177495703,0.002109094351729615,0.01160790831488095,0.0,0.0,0.0026840793434530497,0.7965540170253187,0.004854983094374642,0.0,0.0,0.0009195879683829844,0.6238279304999557,0.0025987587756062403,0.0,0.0,0.0030992610845714808,0.7546443837847148,0.004057212938949966,0.0,0.0,0.0002642752951942384,0.37680809198473886,0.0016057565249534087,0.0,0.0,9.211944416165352e-05,0.33963193578187556,0.0015706203598610836,0.0,0.0,0.000997958704829216,0.17623230008820598,0.0012783450900421419,0.0,0.02,0.0020349246496334673,0.4806712464182634,0.0032216925945678316
IDRiD_73,test,0.9994220733642578,0.0007197716040536761,0.05385678634047508,0.012702682986855507,0.0027728439308702946,189767,False,0.023031627759337425,0.02356914058327675,0.02970484857746605,0.01237306802552604,0.20831862231051765,0.0,0.0,0.02486739493906498,0.6500169910896482,0.02857052145022004,0.0,0.0,0.020161086693406105,0.672223365823585,0.02236144748092146,0.0,0.0,0.01887683942914009,0.7190658762893889,0.02649848792773374,0.0,0.0,0.0065466235391795635,0.4116335400591832,0.010518034045811727,0.0,0.0,0.011970357969403267,0.5354620907997758,0.012913185631351378,0.0,0.0,0.01531253196299076,0.6416691022968761,0.016958001201402825,0.0,0.2,0.012348473221063614,0.498551070157222,0.012669907727151854,0.0021658138664783656,0.10548198580364342,0.0,0.0,0.003626476041972637,0.6747532770609737,0.00434191794072334,0.0,0.0,0.002623314969241619,0.6659948360529998,0.003575258568887169,0.0,0.0,0.002609592629596591,0.7005599717919446,0.003907165347431619,0.0,0.0,0.0018790967296808958,0.4885506427621058,0.002350929892465256,0.0,0.0,0.00280384486541152,0.6336982966121378,0.00295939458789218,0.0,0.0,0.0033247931860387325,0.7877894195560107,0.0053671655614713374,0.0,0.06,0.0021523816464468835,0.4903332600203183,0.002370824117522598,0.0038099353417612126,0.05447733272908356,0.0,0.0,0.010736803524196148,0.8261535171095873,0.016466518159762893,0.0,0.0,0.007833083160221577,0.5746525570950383,0.008853948308270035,0.0,0.0,0.007797241676598787,0.8189260929240763,0.012657579986089728,0.0,0.0,0.0004176511138211936,0.2872596571560241,0.0032730916626999285,0.0,0.0,0.0009831937495619059,0.3227853133246592,0.0028249960450555914,0.0,0.0,0.0036816566716879606,0.49257655003192113,0.0035190477067951836,0.0,0.04,0.0038306862907484173,0.5072503402779068,0.004694712607100422,0.0021658138664783656,0.06370443754709723,0.0,0.0,0.005729883909225464,0.7350932813199255,0.007908360048562586,0.0,0.0,0.00556113850325346,0.8117651715255072,0.007521555642741873,0.0,0.0,0.0029647762421518564,0.7079384877509304,0.00404022297942522,0.0,0.0,0.003677304368466139,0.5549710283111902,0.004548940032708525,0.0,0.0,0.001954576000571251,0.5859605472381244,0.00238518654138281,0.0,0.0,0.0037791223730891943,0.8528519035621492,0.007766838742265161,0.0,0.08,0.0020994708896614612,0.47406437957613734,0.0023406058128752944,0.004310549252504387,0.030179114387643795,0.0,0.0,0.004965770058333874,0.44052322587659426,0.0053825488788004985,0.0,0.0,0.0042884135618805885,0.6889993112923691,0.006381020788387332,0.0,0.0,0.005684284493327141,0.6444907765798068,0.00801349211523544,0.0,0.0,0.0005725710652768612,0.40664326051971655,0.003327979213865685,0.0,0.0,0.006270177662372589,0.6430326904657281,0.006788707988865333,0.0,0.0,0.004600728861987591,0.5858101657717474,0.004858911204620669,0.0,0.04,0.004346024612896144,0.5077014575272181,0.004997039638361544
IDRiD_74,test,0.9998863935470581,1.1559741324163042e-05,0.005337263457477093,3.534687857609242e-05,0.0005162513698451221,190114,False,9.098672308027744e-05,0.01878282241523266,0.01805232649883754,0.02740460986565955,0.4251659530597431,0.0,1.0,0.0981864258646965,0.646750641416421,0.07445366156893839,0.0,1.0,0.0687895268201828,0.6360638150010856,0.05914426505019014,0.0,1.0,0.07242102921009064,0.7022803036139312,0.07482655747023464,1.0,1.0,0.06029761582612991,0.4426389982049899,0.08765941244737195,0.0,0.0,0.0276033878326416,0.4219376622942336,0.028689127141814486,0.0,0.0,0.028538290411233902,0.5381550884969973,0.0285502230434508,0.02,0.5,0.02723796859383583,0.4958932024464469,0.0277182880297384,0.004018641446710921,0.24236510725143862,0.0,0.0,0.014728006906807423,0.6309901312677769,0.010594981591128469,0.0,0.0,0.008680191822350025,0.6006486931541094,0.0072018227254986925,0.0,0.0,0.010218529030680656,0.6632124649742892,0.010086221220132844,0.0,0.0,0.002017149468883872,0.4316612335295355,0.0035257140352503184,0.0,0.0,0.0014764020452275872,0.33902465736566245,0.0028389459845248243,0.0,0.0,0.0043989853002130985,0.572619801477348,0.0042912918268422015,0.02,0.42,0.0040341106057167056,0.5012109998870361,0.004393164530792446,0.015695845650504435,0.19071714865817352,0.0,1.0,0.06016743555665016,0.7132913738734215,0.05488028533080061,0.0,1.0,0.044734369963407516,0.6401018906146434,0.043174570655315714,0.0,1.0,0.04424690082669258,0.752232842004987,0.05066537058168433,1.0,1.0,0.05649846792221069,0.4708611205959066,0.1231200901695555,0.0,0.0,0.013357696123421192,0.4104771728869391,0.015360349986948485,0.0,0.0,0.01282194908708334,0.42203094019987886,0.012206621358024992,0.0,0.24,0.01571826498955488,0.5035901833801515,0.016591060668673167,0.005970102149236774,0.14720641299430867,0.0,0.0,0.023304184898734093,0.5848909436727326,0.017052028297937755,0.0,0.0,0.010891381651163101,0.5762630864863565,0.008988281473111334,0.0,0.0,0.017467960715293884,0.664887736545889,0.020167405824404783,0.0,0.0,0.001721282140351832,0.4000555125037379,0.005586542033612165,0.0,0.0,0.006469068583101034,0.3722145461642601,0.00690719835286762,0.0,0.0,0.007759871892631054,0.6889858132581799,0.009274694550921597,0.0,0.14,0.005860906885936856,0.48567750112006025,0.006372758086622343,0.0017726206381434297,0.018178566544283955,0.0,0.0,0.00012598583998624235,0.28085904176173,0.0015952660274130592,0.0,0.0,0.004522630479186773,0.8432067751215157,0.006904539473658601,0.0,0.0,0.0005825349362567067,0.4313656879277849,0.0014264214254277657,0.0,0.0,6.0717920860042796e-05,0.3774634212875707,0.0016377029530460104,0.0,0.0,0.006322775036096573,0.8929391925404226,0.011572809102216294,0.0,0.0,0.003625968238338828,0.9596508282908441,0.02083807357475815,0.0,0.0,0.0016765372711233795,0.45345736534073994,0.003669095499769643
IDRiD_75,test,0.9999450445175171,0.00048121216241270304,0.0063620093278586864,0.0013128527207300067,0.004610298667103052,190262,False,0.05175001174211502,0.016181282699108124,0.01880039103972417,0.03258138777054798,0.4356045873584846,0.0,1.0,0.08215201646089554,0.746487429444492,0.10074643503898958,0.0,1.0,0.06803371757268906,0.6264859899652857,0.08335855429470077,0.0,1.0,0.08434922248125076,0.7464604323153154,0.10942351825447424,0.0,0.0,0.04788939282298088,0.4895984114988467,0.03907837175286074,1.0,1.0,0.035307593643665314,0.4215299071797886,0.04672192366356206,0.0,1.0,0.03098350390791893,0.49389234074348,0.03001335504361995,0.0,0.22,0.0322567980363965,0.49147448488636447,0.03472233262752915,0.00567638309278784,0.2855273254774994,0.0,1.0,0.01017986610531807,0.6264952750032678,0.011403039162209772,0.0,1.0,0.006789866369217634,0.526872352041091,0.007234181489017208,0.0,1.0,0.010350862517952919,0.6583950389456605,0.011228355052161272,0.0,0.0,0.003981790971010923,0.4496720567768525,0.00534193920048448,0.0,1.0,0.005068476777523756,0.5038898372202102,0.005513259440245321,0.0,0.0,0.0060022505931556225,0.5487730771300932,0.00613874563124653,0.0,0.16,0.0055779543984681365,0.4856439536189092,0.005724598653693881,0.020676751006506816,0.1844141236820805,0.0,1.0,0.05969236418604851,0.7904018179879904,0.08350392820305105,0.0,0.0,0.036362018436193466,0.595034165502424,0.037653118263828084,0.0,1.0,0.05446620285511017,0.747787162213196,0.06961949965133257,0.0,0.0,0.019154205918312073,0.4455137384940679,0.02011117754065708,0.0,1.0,0.012447926215827465,0.28452077444682833,0.0187445731737905,0.0,0.0,0.01754714734852314,0.4393982710943708,0.016753330763479884,0.0,0.08,0.020472220722585917,0.4907733313566026,0.02336780625898326,0.004278310960675279,0.1062692497713679,0.0,0.0,0.0048986682668328285,0.5812607204116638,0.0054657587736193485,0.0,1.0,0.007793078664690256,0.7179887760651681,0.008864976362757512,0.0,0.0,0.006856242194771767,0.7128745544990367,0.007718465027326281,0.0,0.0,0.002427503699436784,0.5240367815954562,0.004375234093607009,1.0,1.0,0.015165530145168304,0.8203800379709262,0.08034950363874951,0.0,1.0,0.0061769792810082436,0.7484054103589308,0.0096223475245566,0.0,0.04,0.004296664297580719,0.5046882698525588,0.00592348289503031,0.0019551986208491447,0.012524834176030947,0.0,0.0,0.007387674879282713,0.9343672946268604,0.013709569924914317,0.0,1.0,0.01709996722638607,0.9948781996700549,0.18406239941766075,0.0,0.0,0.012682689353823662,0.986829687971192,0.0718167325150829,0.0,0.0,0.02233203686773777,0.9842027655083109,0.05478711090385659,0.0,0.0,0.00265709706582129,0.7277275912227485,0.0035031315362070176,0.0,0.0,0.001264197751879692,0.33084799017260036,0.0014482855215499704,0.0,0.02,0.0019151509914081544,0.4886626465683927,0.0029994317021551603
IDRiD_76,test,0.9999940395355225,3.833478785963962e-06,0.07414250075817108,0.00010926731920335442,0.0003959067980758846,190492,False,0.0014987202594056726,0.029733842238783836,0.02598534321651303,0.029770279066837452,0.3841893622829305,0.0,1.0,0.07389018684625626,0.6864005599731441,0.06774510706200351,0.0,1.0,0.02810596115887165,0.4860707384519246,0.02956009105979838,0.0,1.0,0.05614950880408287,0.6536479272676108,0.07060932198677254,0.0,1.0,0.022808121517300606,0.4678307800181524,0.028707458966043757,1.0,1.0,0.08751582354307175,0.5495003066950487,0.11847054776661076,0.0,0.0,0.031980834901332855,0.5543178324294478,0.03278924886936155,0.0,0.34,0.029604698941111566,0.4949673703554246,0.031082976622422355,0.005123574743296306,0.21828738214728177,0.0,1.0,0.014072181656956673,0.6899661979710175,0.014353894431922882,0.0,1.0,0.00725000211969018,0.5339353436683054,0.006755186624173511,0.0,1.0,0.006980950478464365,0.5716234656224113,0.007437498755031054,0.0,1.0,0.0034979323390871286,0.4354316697685927,0.0057234374868970345,0.0,0.0,0.0024496372789144516,0.34743132550859035,0.004016572144992777,0.0,0.0,0.004880388267338276,0.47919305455445227,0.004712175033835489,0.0,0.18,0.005100747691467404,0.4937153322646929,0.005174425372225678,0.01225773260819352,0.1498278142914138,0.0,0.0,0.03385433927178383,0.6941597534224397,0.03383518239991799,0.0,0.0,0.017322205007076263,0.5518119978861993,0.01483340660748966,0.0,0.0,0.01511911116540432,0.5218964889206297,0.015741993517319284,0.0,0.0,0.01255304366350174,0.5425758344690754,0.013253822245600917,0.0,0.0,0.006352868862450123,0.419270782502414,0.010295789269481524,0.0,0.0,0.010787750594317913,0.4522129856661113,0.010312021504692818,0.0,0.14,0.012174096703529359,0.49395728466156796,0.013386655366091259,0.012399470843919954,0.1409770489049409,0.0,0.0,0.02601678855717182,0.6688575386051456,0.024183351161577077,0.0,0.0,0.0035467897541821003,0.40310259573194346,0.010686688962748662,0.0,0.0,0.03406868502497673,0.8085209033662017,0.06068805803730397,0.0,0.0,0.006757145747542381,0.4095581193857677,0.01179705918563035,1.0,1.0,0.07871462404727936,0.7564760979192917,0.22009919550606447,0.0,0.0,0.01631985791027546,0.682003050277064,0.020525382145700828,0.0,0.14,0.012340178452432156,0.4966921593863405,0.014078217850175401,,,,,,,,,,,,,,,,,,,,,,,,,,,,,,,,,,,,,
IDRiD_77,test,0.9989221096038818,5.160681757843122e-05,0.0440051443874836,0.0002426373539492488,0.0035790575202554464,189917,False,0.0,0.023046204820275307,0.024694998341380708,0.030623904126539488,0.4578315790582202,0.0,1.0,0.07749378681182861,0.7380875175682908,0.07260095699810785,0.0,0.0,0.018918009474873543,0.4463679395703428,0.028954094313205392,0.0,1.0,0.077377550303936,0.7821307503913096,0.08509050428511511,0.0,0.0,0.007743396330624819,0.38771681356775,0.022899809375307955,0.0,1.0,0.08463402092456818,0.48988662303693165,0.07015164910622669,0.0,1.0,0.036921337246894836,0.6100508401467486,0.04674129592494397,0.04,0.5,0.03025158543139696,0.49020768244524987,0.029634890031949142,0.002996045640990538,0.1764402344181932,0.0,1.0,0.008010603487491608,0.636300975540973,0.008891610379221412,0.0,0.0,0.0017901631072163582,0.4900054878156141,0.002978545478061513,0.0,0.0,0.004877198487520218,0.6648846678362368,0.005499969027962744,0.0,0.0,0.0009451208752579987,0.38117074090245495,0.0023893218221897063,0.0,0.0,0.0034225252456963062,0.4916576029179969,0.0036292410502608875,0.0,0.0,0.002944281091913581,0.4828236845776993,0.0029564326607977704,0.0,0.24,0.0029827581346035005,0.4928406747601467,0.003212107701779447,0.006150055024036816,0.08565320640069082,0.0,0.0,0.016161585226655006,0.7718605672765264,0.01659296476191897,0.0,0.0,0.0012598829343914986,0.39872580199935875,0.005126691278289054,0.0,0.0,0.011707164347171783,0.7675855871632611,0.014527464401658238,0.0,0.0,0.0010652134660631418,0.4140927567763307,0.004661485697153051,0.0,0.0,0.0046793087385594845,0.5136717590558847,0.00578542785479542,0.0,0.0,0.005123851355165243,0.4313894668574211,0.004832066153490964,0.0,0.1,0.006134110409766436,0.4974428434468757,0.0072114449089222534,0.02156205079060853,0.3362679486301911,0.0,0.0,0.05345411226153374,0.738814029015597,0.050223914139153544,0.0,0.0,0.015895674005150795,0.4546149094552784,0.021757309311351475,0.0,1.0,0.060947123914957047,0.7981985765569162,0.06899734194523574,0.0,0.0,0.0057559022679924965,0.38394690916913077,0.01625327895729847,0.0,1.0,0.07662109285593033,0.48295480077084524,0.07498184924176665,0.0,1.0,0.028969772160053253,0.6794228962615931,0.04420074443118025,0.04,0.4,0.021216277927160264,0.4878100505273496,0.020799181632465916,,,,,,,,,,,,,,,,,,,,,,,,,,,,,,,,,,,,,
IDRiD_78,test,0.9984588623046875,0.0017428576247766614,0.6893762946128845,0.0027522447053343058,0.06504102796316147,190018,False,0.0,0.0375560000538826,0.028213116652106643,0.03007083539454157,0.34633561031060217,1.0,1.0,0.09410148113965988,0.6960308726855569,0.0879288663169202,0.0,0.0,0.056296270340681076,0.437948970499001,0.04406219830261012,1.0,1.0,0.0984223410487175,0.8813047476610405,0.18230104603703065,0.0,0.0,0.07285501062870026,0.5141902165087272,0.05128697927946477,0.0,0.0,0.08531993627548218,0.8292409919141798,0.12070802356145084,0.0,0.0,0.03754766657948494,0.6480200405786141,0.042635527241686975,0.04,0.24,0.02939808163791895,0.48188016703753567,0.03081864545821546,0.0031839088928417307,0.18574029828753066,0.0,0.0,0.006420754827558994,0.5595069548594241,0.005796008511013027,0.0,0.0,0.002511035418137908,0.5080642968040388,0.0034917084137268965,0.0,0.0,0.004632539115846157,0.5897832349337784,0.004798957481783172,0.0,0.0,0.0024529406800866127,0.435554672482626,0.0030212737611079042,0.0,0.0,0.0027153363917022943,0.474873524006675,0.0031858700301518553,0.0,0.0,0.0032067447900772095,0.5029715257387888,0.003214582006418889,0.0,0.2,0.003172227703034878,0.4971325225491646,0.004266155857085241,0.009272805734193602,0.08382890041996022,0.0,1.0,0.02196894958615303,0.5045198452063646,0.0196108107875999,0.0,0.0,0.044257473200559616,0.7079533704443406,0.04998010497417037,0.0,0.0,0.0334976501762867,0.9176318801038014,0.07115298449916041,0.0,0.0,0.05638301745057106,0.7328398468084192,0.06232396887120807,0.0,0.0,0.030426591634750366,0.8771078617407398,0.05312392200365086,0.0,0.0,0.014167001470923424,0.7680440672452623,0.02475397367904358,0.02,0.08,0.009241591356694698,0.49519546970236467,0.012168221486902364,0.017850940437221737,0.20253870685935016,1.0,1.0,0.0662003606557846,0.8142486637747519,0.07061124603813798,0.0,0.0,0.010493209585547447,0.2884093382685621,0.014853540253409656,1.0,1.0,0.061070360243320465,0.9082009340937548,0.12463489998231177,0.0,0.0,0.015342947095632553,0.41742568093145554,0.015359754448367492,0.0,0.0,0.05295167118310928,0.8642132098893114,0.07559707454112162,0.0,0.0,0.020541410893201828,0.6107868735164993,0.02099814835699823,0.02,0.06,0.017217070944607258,0.4723207022717946,0.01826682757429359,,,,,,,,,,,,,,,,,,,,,,,,,,,,,,,,,,,,,
IDRiD_79,test,0.9984037280082703,3.2246239811684063e-07,0.0021567456424236298,3.0032636004762026e-06,0.04185319319367409,190328,False,0.029066266492009163,0.022186722606420517,0.023464755579841116,0.07859064352065907,0.6238913874994746,0.0,1.0,0.07007162272930145,0.49062040507280247,0.07613780547486387,0.0,1.0,0.08557344228029251,0.48919516250927797,0.08380319017953536,1.0,1.0,0.182296484708786,0.7242231297177099,0.292581668928884,0.0,0.0,0.024690503254532814,0.38753231300078045,0.07087474625625503,1.0,1.0,0.29753440618515015,0.6585951653956825,0.27733649879157285,0.0,0.0,0.08517155051231384,0.5582381354247182,0.09031417388534718,0.12,0.64,0.07887478440999984,0.5025246196058064,0.08049223093047347,0.004534277668025724,0.23281387919801605,0.0,1.0,0.007228897884488106,0.5285997414323069,0.006345048432016774,0.0,1.0,0.005475581157952547,0.5587791200236774,0.005547867666515856,0.0,1.0,0.005926089361310005,0.5756223593724199,0.006243146334088878,0.0,0.0,0.0028526773676276207,0.42620706865662755,0.004374817561750099,0.0,1.0,0.004816786386072636,0.5382934035631992,0.005305937311281313,0.0,0.0,0.004588942974805832,0.5112257382678753,0.004550382500323242,0.0,0.26,0.0045822267606854435,0.5083710435891037,0.0050125831343993425,0.016939178681013828,0.17442520280778445,0.0,1.0,0.027622807770967484,0.5492401152498201,0.02423810276002869,0.0,1.0,0.010471360757946968,0.4623020668958122,0.014918347751679339,0.0,0.0,0.02230766974389553,0.6021778432479359,0.02309623273604028,0.0,0.0,0.01733073778450489,0.54778464139102,0.018831737234523326,0.0,0.0,0.01700635813176632,0.5780992507655043,0.01981097328433929,0.0,0.0,0.011976825073361397,0.34411852656439135,0.011834431168825906,0.04,0.26,0.01687385471537709,0.495571194894852,0.018153703764440164,0.05716972804842167,0.44960279097137573,0.0,0.0,0.03528595715761185,0.4694599661537482,0.05086876112268252,0.0,0.0,0.06962966173887253,0.49191017028436257,0.06538125440690916,1.0,1.0,0.1541353464126587,0.7637985152059144,0.3085725313053283,0.0,0.0,0.004519437439739704,0.3397531901276051,0.05333041630270982,1.0,1.0,0.2757510840892792,0.6863151424016145,0.3029806821148147,0.0,0.0,0.06864754110574722,0.6263075502611941,0.08069070664075105,0.08,0.46,0.057470200136303905,0.5040604824192967,0.05946665452570758,,,,,,,,,,,,,,,,,,,,,,,,,,,,,,,,,,,,,
IDRiD_80,test,0.8274543285369873,0.018605731427669525,0.36812394857406616,0.09298153221607208,0.3448132276535034,190186,False,0.09752657264471054,0.02522074244916439,0.023645273574290433,0.0038856698179676736,0.089617532310475,0.0,1.0,0.03578273206949234,0.8262422959276845,0.3822200158652199,0.0,0.0,0.020901458337903023,0.7674470416362309,0.02829845683238601,0.0,0.0,0.004140350967645645,0.7128832633308986,0.008412872583042883,0.0,0.0,0.0037171023432165384,0.6428047959276845,0.006355063904565238,0.0,0.0,0.001167159411124885,0.2388381117604091,0.002956405637180638,0.0,1.0,0.0035063319373875856,0.4289099023009496,0.005844608334897523,0.0,0.04,0.0038397108018398286,0.48913098634952523,0.005001428194265207,0.00016299832795263583,0.017404015016878212,0.0,0.0,7.42059710319154e-05,0.4985558009887452,0.00022771056592075037,0.0,0.0,1.168189828604227e-05,0.3475186704533501,0.00016272899460931012,0.0,0.0,6.0024922277079895e-06,0.4673756179657094,0.00019691843375684183,0.0,0.0,0.00011238824663450941,0.6742221520984537,0.0003411181830655719,0.0,0.0,3.795491284108721e-05,0.3290207215735773,0.00016099728450077777,0.0,0.0,0.00019271360361017287,0.6069054380982434,0.0004379596764271086,0.0,0.04,0.00016014199412893503,0.4825781424213737,0.00030794422323571257,0.00226620255959955,0.008780877667125866,0.0,1.0,0.03390321508049965,0.9993474549194626,0.6389861249379594,0.0,0.0,0.02020099386572838,0.9758542847881568,0.04262874648947815,0.0,0.0,0.003344292053952813,0.8895682526567908,0.009525277454713545,0.0,0.0,0.003231770358979702,0.8374654096954197,0.006464890406756747,0.0,0.0,0.0,0.04677881777552911,0.0022925649384793354,0.0,0.0,0.001280476339161396,0.26039701198563237,0.001521590681947239,0.0,0.0,0.002211813775356859,0.47919006274799225,0.0038541782893979394,0.001456468930415488,0.064826012429937,0.0,0.0,0.0018053113017231226,0.5884611186955382,0.0017712089825392924,0.0,0.0,0.0006887828931212425,0.4857448939148217,0.0012552726383550411,0.0,0.0,0.0007900568889454007,0.45737637118036867,0.001322436012600111,0.0,0.0,0.0003729439340531826,0.3160299896541182,0.0010901907965698372,0.0,0.0,0.0011292045237496495,0.5435503543193259,0.0014579049304543415,0.0,1.0,0.002033142140135169,0.6803644290585886,0.00951880077389089,0.0,0.0,0.0014677549968473613,0.5065897746180609,0.0019291012979456867,,,,,,,,,,,,,,,,,,,,,,,,,,,,,,,,,,,,,
IDRiD_81,test,0.9978868365287781,0.0004923761589452624,0.00915578193962574,0.00016454828437417746,5.881798642803915e-05,190188,False,6.882929301355034e-05,0.02994871512055397,0.025937493427555892,0.058668265085073716,0.43656276947020844,0.0,1.0,0.08341289311647415,0.5455493548545651,0.07357582282825634,0.0,0.0,0.03806205838918686,0.5054376612522812,0.059492227776960546,0.0,0.0,0.029238244518637657,0.33123126282270604,0.05082308876297552,0.0,0.0,0.22928790748119354,0.7077654472037871,0.23159232897387244,1.0,1.0,0.17554526031017303,0.6387220684809377,0.1325690098706528,0.0,1.0,0.0706418976187706,0.634451778126002,0.0871335780291104,0.02,0.38,0.059488779976963994,0.5103984666996325,0.0632747006018041,0.0027025890171829977,0.12784192483227122,0.0,1.0,0.0072102854028344154,0.6658189624379033,0.008602663888110425,0.0,0.0,0.005115446634590626,0.721876344957249,0.00592100708482538,0.0,0.0,0.0011546771274879575,0.40695222014870114,0.0020359787287483637,0.0,0.0,0.0018357738154008985,0.44321836616989274,0.002281086806425355,0.0,0.0,0.0013563439715653658,0.49226576616605944,0.0024362967869092397,0.0,0.0,0.0036063564475625753,0.6652311453329222,0.0044975892856353485,0.0,0.08,0.0026378776179626583,0.479034788108792,0.0025926627550645785,0.006714408900666709,0.07985782488905714,0.0,1.0,0.008023847825825214,0.3814309590099722,0.007262831188897215,0.0,0.0,0.004371433984488249,0.41332877241642146,0.006625307644460284,0.0,0.0,0.001823702361434698,0.33586852385086063,0.0056117729350124955,0.0,0.0,0.0040050712414085865,0.4084718921365205,0.006032764848960349,0.0,0.0,0.0014400184154510498,0.4139856503144121,0.006019838384772437,0.0,0.0,0.005701997317373753,0.3856690057906883,0.006225861828227378,0.0,0.02,0.006655953219160437,0.4903260775497025,0.00784745888799016,0.04925652512251036,0.30174879592823944,0.0,1.0,0.06817924976348877,0.56151516577936,0.06293903454956425,0.0,0.0,0.028582341969013214,0.5067423781981881,0.04910599417553938,0.0,0.0,0.026261450722813606,0.3298868378605515,0.043718166513564666,0.0,0.0,0.223477303981781,0.7605532578793295,0.2513151851331906,1.0,1.0,0.172758087515831,0.675884383141774,0.13619676041410578,0.0,1.0,0.061335477977991104,0.6655337702120225,0.07924183981845502,0.02,0.3,0.05020039021968842,0.5147477325075347,0.05515269403170373,,,,,,,,,,,,,,,,,,,,,,,,,,,,,,,,,,,,,
