filename,ID,eye,D,G,C,A,H,D_eye,dr_grade_eye,dr_suspected_eye,dr_adjacent_eye,N,M,O
1_right.jpg,1,right,0,0,0,0,0,0,0,False,False,1,0,0
4_right.jpg,4,right,1,0,0,0,0,1,1,False,False,0,0,1
5_right.jpg,5,right,1,0,0,0,0,1,2,False,False,0,0,0
6_right.jpg,6,right,1,0,0,0,0,1,2,False,False,0,0,1
7_right.jpg,7,right,1,0,0,0,0,1,1,False,False,0,0,1
8_right.jpg,8,right,0,0,0,0,0,0,0,False,False,1,0,0
9_right.jpg,9,right,0,0,0,0,0,0,0,False,False,0,0,1
10_right.jpg,10,right,0,0,0,0,0,0,0,False,False,0,0,1
11_right.jpg,11,right,1,0,0,0,1,1,2,False,False,0,0,0
13_right.jpg,13,right,0,0,0,0,0,0,0,False,False,0,1,0
14_right.jpg,14,right,0,0,0,0,0,0,0,False,False,0,0,1
16_right.jpg,16,right,0,0,0,0,0,0,0,False,False,0,1,0
17_right.jpg,17,right,0,0,0,0,0,0,0,False,False,0,0,1
19_right.jpg,19,right,1,0,0,0,0,1,1,False,False,0,0,0
23_right.jpg,23,right,0,0,0,0,1,0,0,False,False,0,0,0
24_right.jpg,24,right,0,0,1,0,0,0,0,False,False,0,0,0
29_right.jpg,29,right,0,0,0,0,0,0,0,False,False,0,0,1
31_right.jpg,31,right,0,0,0,0,0,0,0,False,False,0,0,1
32_right.jpg,32,right,0,0,0,0,1,0,0,False,False,0,0,0
38_right.jpg,38,right,0,0,0,0,0,0,0,False,False,0,0,1
42_right.jpg,42,right,0,0,0,0,0,0,0,False,False,0,0,1
43_right.jpg,43,right,0,1,0,1,0,0,0,False,False,0,0,0
45_right.jpg,45,right,0,0,0,0,1,0,0,False,False,0,0,0
47_right.jpg,47,right,1,0,0,0,0,0,0,False,False,0,0,1
50_right.jpg,50,right,1,0,0,0,0,1,2,False,True,0,0,1
51_right.jpg,51,right,0,0,0,0,0,0,0,False,False,0,0,1
53_right.jpg,53,right,0,0,0,1,0,0,0,False,False,0,0,0
54_right.jpg,54,right,1,0,0,0,0,1,2,False,False,0,1,0
62_right.jpg,62,right,0,0,0,0,1,0,0,False,False,0,0,0
64_right.jpg,64,right,1,0,0,0,0,1,-1,False,False,0,0,1
65_right.jpg,65,right,0,0,0,0,0,0,0,False,False,0,0,1
66_right.jpg,66,right,0,0,0,0,0,0,0,False,False,0,0,1
67_right.jpg,67,right,1,0,0,0,0,1,-1,False,False,0,0,0
71_right.jpg,71,right,1,0,0,1,0,1,-1,False,False,0,0,0
73_right.jpg,73,right,0,0,0,0,0,0,0,False,False,0,0,1
74_right.jpg,74,right,1,0,0,0,0,0,0,False,False,0,0,1
77_right.jpg,77,right,1,0,0,0,0,0,0,False,False,0,0,1
78_right.jpg,78,right,0,0,0,0,0,0,0,False,False,0,0,1
81_right.jpg,81,right,1,0,1,0,0,1,2,False,False,0,0,0
84_right.jpg,84,right,0,0,0,0,0,0,0,False,False,1,0,0
88_right.jpg,88,right,0,0,0,0,0,0,0,False,False,0,0,1
89_right.jpg,89,right,1,0,0,0,0,1,2,False,False,0,0,1
90_right.jpg,90,right,1,0,0,0,0,1,2,False,True,0,0,1
91_right.jpg,91,right,0,0,0,0,0,0,0,False,False,0,0,1
93_right.jpg,93,right,1,0,0,0,0,1,2,False,False,0,0,1
94_right.jpg,94,right,1,0,0,0,0,1,1,False,False,0,0,1
96_right.jpg,96,right,1,0,0,0,0,1,2,False,False,0,0,1
97_right.jpg,97,right,0,0,0,0,0,0,0,False,False,0,0,1
98_right.jpg,98,right,0,0,0,0,0,0,0,False,False,0,0,1
99_right.jpg,99,right,0,0,0,0,0,0,0,False,False,0,0,1
101_right.jpg,101,right,0,0,0,0,0,0,0,False,False,0,0,1
102_right.jpg,102,right,0,0,0,1,0,0,0,False,False,0,0,0
103_right.jpg,103,right,0,0,1,0,0,0,0,False,False,0,0,0
105_right.jpg,105,right,0,0,0,0,0,0,0,False,False,0,0,1
106_right.jpg,106,right,0,0,0,0,0,0,0,False,False,0,1,0
107_right.jpg,107,right,1,0,0,0,0,1,2,False,False,0,0,1
108_right.jpg,108,right,1,0,0,0,0,0,0,False,False,0,0,1
110_right.jpg,110,right,0,0,0,0,0,0,0,False,False,0,0,1
112_right.jpg,112,right,0,0,1,0,0,0,0,False,False,0,0,0
114_right.jpg,114,right,0,0,0,0,0,0,0,False,False,0,0,1
117_right.jpg,117,right,0,0,0,0,0,0,0,False,False,0,0,1
119_right.jpg,119,right,0,0,1,0,0,0,0,False,False,0,0,1
120_right.jpg,120,right,1,0,0,0,1,1,4,False,False,0,0,0
121_right.jpg,121,right,1,0,0,0,0,0,0,False,False,0,0,1
123_right.jpg,123,right,1,0,0,0,0,1,1,False,False,0,0,1
125_right.jpg,125,right,0,0,0,0,0,0,0,False,False,0,0,1
126_right.jpg,126,right,0,0,0,1,0,0,0,False,False,0,0,0
127_right.jpg,127,right,1,0,0,0,1,1,4,False,False,0,0,0
130_right.jpg,130,right,1,0,0,0,0,1,1,False,False,0,0,1
133_right.jpg,133,right,1,0,0,0,0,1,2,False,False,0,0,1
135_right.jpg,135,right,0,0,0,0,0,0,0,False,False,0,0,1
136_right.jpg,136,right,0,0,0,1,0,0,0,False,False,0,0,1
137_right.jpg,137,right,1,0,0,0,0,1,2,False,False,0,0,1
139_right.jpg,139,right,1,0,0,0,1,1,3,False,False,0,0,0
140_right.jpg,140,right,0,0,0,0,0,0,0,False,False,0,0,1
141_right.jpg,141,right,0,0,0,0,0,0,0,False,False,0,0,1
142_right.jpg,142,right,0,0,0,0,0,0,0,False,False,0,0,1
145_right.jpg,145,right,0,0,0,0,0,0,0,False,False,0,1,0
146_right.jpg,146,right,0,0,0,0,0,0,0,False,False,0,0,1
148_right.jpg,148,right,1,0,0,0,0,1,2,False,False,0,0,1
150_right.jpg,150,right,0,0,0,0,0,0,0,False,False,0,0,1
152_right.jpg,152,right,0,0,0,1,0,0,0,False,False,0,0,0
153_right.jpg,153,right,0,1,0,1,0,0,0,False,False,0,0,0
156_right.jpg,156,right,0,0,0,0,0,0,0,False,False,0,0,1
157_right.jpg,157,right,1,0,0,0,0,1,2,False,False,0,0,0
160_right.jpg,160,right,0,0,0,1,0,0,0,False,False,0,0,0
161_right.jpg,161,right,1,0,0,0,0,1,1,False,False,0,0,1
163_right.jpg,163,right,1,0,0,0,0,0,0,False,False,0,0,1
164_right.jpg,164,right,0,0,0,1,0,0,0,False,False,0,0,0
165_right.jpg,165,right,0,0,0,0,0,0,0,False,False,0,0,1
166_right.jpg,166,right,0,0,0,0,0,0,0,False,False,0,0,1
168_right.jpg,168,right,0,0,0,1,0,0,0,False,False,0,0,0
169_right.jpg,169,right,1,0,0,0,0,1,2,False,False,0,0,1
170_right.jpg,170,right,0,0,0,0,0,0,0,False,False,0,0,1
172_right.jpg,172,right,0,0,0,0,0,0,0,False,False,0,0,1
174_right.jpg,174,right,0,0,0,0,0,0,0,False,False,0,1,0
175_right.jpg,175,right,1,0,0,0,0,1,2,False,False,0,0,1
176_right.jpg,176,right,1,0,0,0,1,1,2,False,False,0,0,0
179_right.jpg,179,right,0,0,0,0,1,0,0,False,False,0,0,0
180_right.jpg,180,right,0,0,0,0,0,0,0,False,False,0,0,1
181_right.jpg,181,right,0,0,0,0,0,0,0,False,False,0,0,1
184_right.jpg,184,right,1,0,0,0,0,1,2,False,False,0,0,1
192_right.jpg,192,right,0,0,0,0,0,0,0,False,False,0,0,1
193_right.jpg,193,right,1,0,0,0,0,1,1,False,False,0,0,1
194_right.jpg,194,right,0,0,0,0,0,0,0,False,False,0,0,1
199_right.jpg,199,right,1,0,0,0,0,1,2,False,False,0,0,1
204_right.jpg,204,right,0,0,0,0,0,0,0,False,False,0,0,1
207_right.jpg,207,right,1,0,0,0,0,1,1,False,False,0,0,1
212_right.jpg,212,right,1,0,0,1,0,1,-1,False,False,0,0,0
213_right.jpg,213,right,0,0,0,1,0,0,0,False,False,0,0,0
214_right.jpg,214,right,0,0,0,0,0,0,0,False,False,0,1,0
215_right.jpg,215,right,0,0,0,0,0,0,0,False,False,0,0,1
218_right.jpg,218,right,0,0,1,0,0,0,0,False,False,0,0,1
221_right.jpg,221,right,1,0,0,0,0,1,2,False,False,0,0,1
222_right.jpg,222,right,0,0,0,0,0,0,0,False,False,0,0,1
223_right.jpg,223,right,1,0,0,0,0,1,2,False,False,0,0,0
225_right.jpg,225,right,1,0,0,0,0,1,2,False,False,0,1,0
227_right.jpg,227,right,0,0,0,0,0,0,0,False,False,0,0,1
228_right.jpg,228,right,0,0,0,0,0,0,0,False,False,0,0,1
231_right.jpg,231,right,1,0,0,0,0,0,0,False,False,0,0,1
234_right.jpg,234,right,1,0,0,0,0,1,-1,False,False,0,0,0
235_right.jpg,235,right,0,0,0,1,0,0,0,False,False,0,0,0
236_right.jpg,236,right,0,0,0,0,0,0,0,False,False,0,0,1
238_right.jpg,238,right,0,1,0,1,0,0,0,False,False,0,0,0
239_right.jpg,239,right,0,0,0,0,0,0,0,False,False,0,0,1
240_right.jpg,240,right,0,0,0,0,0,0,0,False,False,0,0,1
242_right.jpg,242,right,0,0,0,0,0,0,0,False,False,0,0,1
243_right.jpg,243,right,0,0,0,1,0,0,0,False,False,0,0,0
245_right.jpg,245,right,0,0,0,0,0,0,0,False,False,0,0,1
247_right.jpg,247,right,0,1,0,1,0,0,0,False,False,0,0,0
249_right.jpg,249,right,1,0,0,0,0,1,4,False,False,0,0,0
250_right.jpg,250,right,1,0,0,0,0,0,0,False,False,0,0,1
252_right.jpg,252,right,0,0,0,0,0,0,0,False,False,0,0,1
253_right.jpg,253,right,0,0,0,0,0,0,0,False,False,0,0,1
257_right.jpg,257,right,1,0,0,0,0,1,2,False,False,0,0,1
258_right.jpg,258,right,0,0,0,0,0,0,0,False,False,0,0,1
259_right.jpg,259,right,0,0,0,0,0,0,0,False,False,0,0,1
260_right.jpg,260,right,0,0,0,1,0,0,0,False,False,0,0,0
261_right.jpg,261,right,0,0,0,0,0,0,0,False,True,0,0,1
264_right.jpg,264,right,0,0,0,1,0,0,0,False,False,0,0,0
265_right.jpg,265,right,0,0,0,1,0,0,0,False,False,0,0,0
266_right.jpg,266,right,0,0,0,1,0,0,0,False,False,0,0,0
269_right.jpg,269,right,0,0,0,0,0,0,0,False,False,0,0,1
274_right.jpg,274,right,1,0,0,0,0,1,1,False,False,0,0,1
277_right.jpg,277,right,0,0,0,0,0,0,0,False,False,0,0,1
278_right.jpg,278,right,0,0,0,0,0,0,0,False,False,0,0,1
281_right.jpg,281,right,1,0,0,0,0,1,1,False,False,0,0,1
283_right.jpg,283,right,0,0,0,0,0,0,0,False,False,0,0,1
284_right.jpg,284,right,1,0,0,0,0,1,2,False,False,0,0,0
285_right.jpg,285,right,0,0,0,0,0,0,0,False,False,0,0,1
287_right.jpg,287,right,0,0,0,0,0,0,0,False,False,0,0,1
288_right.jpg,288,right,1,0,0,0,0,1,2,False,False,0,0,1
289_right.jpg,289,right,1,0,0,0,0,1,1,False,False,0,0,1
291_right.jpg,291,right,1,0,0,0,0,1,2,False,False,0,0,1
292_right.jpg,292,right,0,0,0,1,0,0,0,False,False,0,0,0
296_right.jpg,296,right,1,0,0,0,1,1,2,False,False,0,0,0
297_right.jpg,297,right,0,0,0,0,0,0,0,False,False,0,0,1
298_right.jpg,298,right,0,0,0,0,0,0,0,False,False,0,0,1
299_right.jpg,299,right,1,0,0,0,0,1,2,False,False,0,0,1
300_right.jpg,300,right,0,0,0,0,1,0,0,False,False,0,0,0
301_right.jpg,301,right,0,0,0,0,0,0,0,False,False,0,0,1
302_right.jpg,302,right,0,0,0,0,0,0,0,False,False,0,0,1
303_right.jpg,303,right,0,0,0,0,0,0,0,False,False,0,0,1
306_right.jpg,306,right,0,0,0,0,0,0,0,False,False,0,0,1
308_right.jpg,308,right,1,0,0,0,0,0,0,False,False,0,0,1
309_right.jpg,309,right,1,0,0,0,0,1,2,False,False,0,0,0
310_right.jpg,310,right,0,0,0,0,0,0,0,False,False,0,0,1
313_right.jpg,313,right,0,0,0,0,0,0,0,False,False,0,0,1
316_right.jpg,316,right,0,0,0,0,0,0,0,False,False,0,0,1
319_right.jpg,319,right,0,0,0,1,0,0,0,False,False,0,0,0
324_right.jpg,324,right,1,0,0,0,0,1,2,False,True,0,0,1
325_right.jpg,325,right,0,0,0,0,0,0,0,False,False,0,0,1
327_right.jpg,327,right,1,0,0,0,0,1,2,False,False,0,0,0
329_right.jpg,329,right,0,0,0,0,0,0,0,False,False,0,0,1
334_right.jpg,334,right,0,0,0,1,0,0,0,False,False,0,0,0
335_right.jpg,335,right,0,0,0,0,0,0,0,False,False,0,0,1
336_right.jpg,336,right,0,0,0,0,0,0,0,False,False,0,0,1
337_right.jpg,337,right,0,0,0,0,0,0,0,False,False,0,0,1
338_right.jpg,338,right,1,0,0,0,0,1,2,False,False,0,0,1
341_right.jpg,341,right,1,0,0,0,0,1,2,False,False,0,0,1
345_right.jpg,345,right,0,0,1,0,1,0,0,False,False,0,0,0
348_right.jpg,348,right,1,0,0,0,0,1,2,False,False,0,0,0
351_right.jpg,351,right,0,0,0,0,0,0,0,False,False,0,0,1
353_right.jpg,353,right,0,0,0,0,0,0,0,False,False,0,0,1
354_right.jpg,354,right,0,0,1,0,0,0,0,False,False,0,0,0
355_right.jpg,355,right,0,0,0,0,1,0,0,False,False,0,0,0
357_right.jpg,357,right,0,0,0,0,0,0,0,False,False,0,0,1
360_right.jpg,360,right,1,0,0,0,0,1,2,False,False,0,0,1
363_right.jpg,363,right,0,0,0,0,0,0,0,False,False,0,0,1
365_right.jpg,365,right,0,1,0,0,1,0,0,False,False,0,0,0
366_right.jpg,366,right,0,0,0,0,0,0,0,False,False,0,0,1
367_right.jpg,367,right,1,0,0,0,0,1,2,False,False,0,0,1
368_right.jpg,368,right,1,0,0,0,0,0,0,False,False,0,0,1
370_right.jpg,370,right,0,0,0,0,0,0,0,False,False,0,0,1
371_right.jpg,371,right,0,0,0,0,0,0,0,False,False,0,0,1
374_right.jpg,374,right,0,0,0,0,1,0,0,False,False,0,0,0
376_right.jpg,376,right,1,0,0,0,0,1,2,False,False,0,0,1
377_right.jpg,377,right,0,0,0,1,0,0,0,False,False,0,0,0
379_right.jpg,379,right,0,0,0,0,0,0,0,False,False,0,1,0
382_right.jpg,382,right,0,0,0,0,0,0,0,False,False,0,1,0
383_right.jpg,383,right,1,0,0,0,0,1,1,False,False,0,0,1
384_right.jpg,384,right,0,0,0,0,0,0,0,False,False,0,0,1
386_right.jpg,386,right,1,0,0,0,0,1,2,False,False,0,0,1
390_right.jpg,390,right,0,0,0,0,0,0,0,False,False,0,1,0
392_right.jpg,392,right,1,0,0,0,0,1,1,False,False,0,0,1
393_right.jpg,393,right,0,0,0,0,0,0,0,False,False,0,0,1
394_right.jpg,394,right,0,0,0,0,0,0,0,False,False,1,0,0
396_right.jpg,396,right,0,0,0,0,0,0,0,False,False,0,0,1
397_right.jpg,397,right,1,0,0,0,0,1,1,False,False,0,0,1
398_right.jpg,398,right,1,0,0,0,0,1,2,False,False,0,0,1
399_right.jpg,399,right,1,0,0,0,0,0,0,False,False,0,0,1
402_right.jpg,402,right,0,0,0,0,0,0,0,False,False,0,0,1
403_right.jpg,403,right,0,0,0,0,0,0,0,False,False,0,0,1
404_right.jpg,404,right,0,0,0,0,0,0,0,False,False,0,0,1
405_right.jpg,405,right,0,0,0,0,0,0,0,False,False,0,0,1
406_right.jpg,406,right,0,0,0,0,0,0,0,False,False,0,0,1
407_right.jpg,407,right,1,0,0,0,0,1,1,False,False,0,0,1
410_right.jpg,410,right,0,0,0,1,0,0,0,False,False,0,0,1
411_right.jpg,411,right,1,0,0,0,0,1,2,False,False,0,0,0
412_right.jpg,412,right,1,0,0,0,0,1,4,False,False,0,0,0
413_right.jpg,413,right,1,0,0,0,1,1,2,False,False,0,0,0
414_right.jpg,414,right,1,0,0,0,0,1,2,False,True,0,0,1
416_right.jpg,416,right,0,0,0,0,0,0,0,False,False,0,0,1
417_right.jpg,417,right,0,0,0,0,0,0,0,False,False,0,0,1
418_right.jpg,418,right,0,0,0,0,0,0,0,False,False,0,0,1
419_right.jpg,419,right,0,0,0,1,0,0,0,False,False,0,0,0
421_right.jpg,421,right,0,0,0,0,0,0,0,False,False,0,0,1
422_right.jpg,422,right,1,0,0,0,0,0,0,False,False,0,0,1
425_right.jpg,425,right,0,0,0,0,0,0,0,False,False,0,0,1
428_right.jpg,428,right,1,0,0,0,0,1,2,False,False,0,0,1
431_right.jpg,431,right,1,0,0,0,0,1,1,False,False,0,0,1
434_right.jpg,434,right,0,0,0,0,0,0,0,False,False,0,0,1
435_right.jpg,435,right,1,0,0,0,0,1,2,False,False,0,0,1
437_right.jpg,437,right,1,0,0,0,0,1,1,False,False,0,0,1
439_right.jpg,439,right,0,0,0,0,0,0,0,False,False,0,0,1
441_right.jpg,441,right,1,0,0,0,0,1,2,False,False,0,0,1
442_right.jpg,442,right,1,0,0,0,0,1,2,False,False,0,0,0
443_right.jpg,443,right,0,0,0,0,0,0,0,False,False,0,0,1
446_right.jpg,446,right,1,0,0,0,0,1,2,False,False,0,0,1
447_right.jpg,447,right,0,0,0,1,0,0,0,False,False,0,0,0
450_right.jpg,450,right,0,0,0,0,0,0,0,False,False,0,0,1
451_right.jpg,451,right,1,0,0,0,0,1,2,False,False,0,0,1
452_right.jpg,452,right,1,0,0,0,0,1,2,False,False,0,0,1
455_right.jpg,455,right,0,0,0,1,0,0,0,False,False,0,0,0
458_right.jpg,458,right,0,0,0,0,0,0,0,False,False,0,0,1
460_right.jpg,460,right,0,0,0,0,0,0,0,False,False,0,0,1
461_right.jpg,461,right,0,0,0,0,0,0,0,False,False,0,0,1
464_right.jpg,464,right,0,0,0,1,0,0,0,False,False,0,0,0
465_right.jpg,465,right,0,0,1,0,0,0,0,False,False,0,0,1
468_right.jpg,468,right,0,0,0,0,0,0,0,False,False,0,0,1
469_right.jpg,469,right,1,0,0,0,0,1,2,False,False,0,0,0
471_right.jpg,471,right,0,0,0,0,0,0,0,False,False,0,0,1
473_right.jpg,473,right,1,0,0,0,0,0,0,False,False,0,0,1
477_right.jpg,477,right,0,0,1,0,0,0,0,False,False,0,0,0
480_right.jpg,480,right,0,0,0,0,0,0,0,False,False,0,0,1
482_right.jpg,482,right,0,0,0,0,0,0,0,False,False,0,0,1
484_right.jpg,484,right,1,0,0,0,0,1,1,False,False,0,0,1
485_right.jpg,485,right,1,0,0,0,0,1,1,False,False,0,0,1
486_right.jpg,486,right,1,0,0,0,0,0,0,False,False,0,0,0
488_right.jpg,488,right,0,0,0,0,0,0,0,False,False,0,0,1
492_right.jpg,492,right,1,0,0,0,0,1,2,False,False,0,0,0
494_right.jpg,494,right,1,0,0,0,0,1,2,False,False,0,0,0
496_right.jpg,496,right,0,0,0,0,0,0,0,False,False,0,0,1
497_right.jpg,497,right,1,0,0,0,0,1,2,False,True,0,0,1
501_right.jpg,501,right,0,0,0,0,0,0,0,False,False,0,0,1
503_right.jpg,503,right,0,0,0,0,0,0,0,False,False,0,0,1
504_right.jpg,504,right,0,0,0,0,0,0,0,False,False,0,1,0
509_right.jpg,509,right,0,0,0,0,0,0,0,False,False,0,0,1
510_right.jpg,510,right,0,0,0,0,0,0,0,False,False,0,0,1
511_right.jpg,511,right,0,0,0,0,0,0,0,False,False,0,0,1
512_right.jpg,512,right,1,0,0,0,0,0,0,False,False,0,0,1
515_right.jpg,515,right,0,0,0,0,0,0,0,False,False,0,0,1
516_right.jpg,516,right,1,0,0,0,0,1,2,False,False,0,0,1
517_right.jpg,517,right,0,0,0,0,0,0,0,False,False,0,0,1
518_right.jpg,518,right,1,0,0,0,0,1,1,False,False,0,0,1
519_right.jpg,519,right,1,0,0,0,0,1,2,False,False,0,0,1
521_right.jpg,521,right,0,0,0,0,0,0,0,False,False,0,0,1
522_right.jpg,522,right,1,0,0,0,0,1,1,False,False,0,0,1
525_right.jpg,525,right,0,0,0,0,0,0,0,False,False,0,1,0
527_right.jpg,527,right,0,0,0,0,0,0,0,False,False,0,0,1
530_right.jpg,530,right,0,0,0,0,0,0,0,False,False,1,0,0
531_right.jpg,531,right,0,0,0,0,0,0,0,False,False,0,0,1
532_right.jpg,532,right,0,0,0,1,0,0,0,False,False,0,0,0
533_right.jpg,533,right,1,0,0,0,0,1,3,False,False,0,0,0
538_right.jpg,538,right,1,0,0,0,0,1,2,False,False,0,0,1
540_right.jpg,540,right,1,0,0,1,0,1,-1,False,False,0,0,0
542_right.jpg,542,right,1,0,0,0,0,0,0,False,True,0,0,1
543_right.jpg,543,right,1,0,0,0,1,0,0,False,False,0,0,0
544_right.jpg,544,right,1,0,0,0,0,1,2,False,False,0,0,1
545_right.jpg,545,right,0,0,0,0,0,0,0,False,False,0,0,1
546_right.jpg,546,right,1,0,0,0,0,1,2,False,False,0,0,1
547_right.jpg,547,right,0,0,0,1,0,0,0,False,False,0,0,0
548_right.jpg,548,right,0,0,0,0,0,0,0,False,False,0,0,1
549_right.jpg,549,right,1,0,0,0,0,0,0,False,False,0,0,1
550_right.jpg,550,right,1,0,0,0,0,1,2,False,False,0,0,0
551_right.jpg,551,right,1,0,0,0,0,1,3,False,False,0,0,0
553_right.jpg,553,right,0,0,1,0,0,0,0,False,False,0,0,0
554_right.jpg,554,right,0,0,0,0,0,0,0,False,False,0,0,1
555_right.jpg,555,right,0,0,0,0,0,0,0,False,False,0,0,1
558_right.jpg,558,right,1,0,0,0,0,0,0,False,False,0,0,1
559_right.jpg,559,right,0,0,0,0,0,0,0,False,False,0,0,1
560_right.jpg,560,right,0,0,1,0,0,0,0,False,False,0,0,0
562_right.jpg,562,right,1,0,0,0,0,1,3,False,False,0,0,0
563_right.jpg,563,right,1,0,0,0,0,1,2,False,False,0,0,0
564_right.jpg,564,right,0,0,0,1,0,0,0,False,False,0,0,0
565_right.jpg,565,right,0,0,0,1,0,0,0,False,False,0,0,0
569_right.jpg,569,right,1,0,0,0,0,1,2,False,False,0,0,0
570_right.jpg,570,right,0,0,0,0,0,0,0,False,False,0,0,1
571_right.jpg,571,right,1,0,0,0,1,1,1,False,False,0,0,0
572_right.jpg,572,right,0,0,0,1,0,0,0,False,False,0,0,0
573_right.jpg,573,right,0,0,0,0,0,0,0,False,False,0,0,1
576_right.jpg,576,right,1,0,0,0,0,1,2,False,False,0,0,1
579_right.jpg,579,right,1,0,0,0,0,1,1,False,False,0,0,1
580_right.jpg,580,right,0,0,0,0,0,0,0,False,False,0,0,1
582_right.jpg,582,right,1,0,0,0,0,1,3,False,False,0,0,0
584_right.jpg,584,right,0,0,0,0,0,0,0,False,False,0,0,1
585_right.jpg,585,right,0,0,0,0,0,0,0,False,False,0,0,1
589_right.jpg,589,right,0,0,0,0,0,0,0,False,False,0,0,1
591_right.jpg,591,right,0,0,0,0,0,0,0,False,False,0,0,1
592_right.jpg,592,right,1,0,0,0,0,1,2,False,True,0,0,1
593_right.jpg,593,right,1,0,0,0,0,1,3,False,False,0,0,1
594_right.jpg,594,right,1,0,1,0,0,1,2,False,False,0,0,0
596_right.jpg,596,right,1,0,0,0,0,1,2,False,False,0,0,1
598_right.jpg,598,right,1,0,0,0,0,0,0,False,False,0,0,0
603_right.jpg,603,right,0,0,0,1,0,0,0,False,False,0,0,0
604_right.jpg,604,right,1,0,0,0,0,1,2,False,True,0,0,1
609_right.jpg,609,right,1,0,0,0,0,1,2,False,False,0,0,1
610_right.jpg,610,right,0,0,0,1,0,0,0,False,False,0,0,0
612_right.jpg,612,right,1,0,0,0,0,1,2,False,True,0,0,1
613_right.jpg,613,right,0,0,0,0,0,0,0,False,False,0,0,1
615_right.jpg,615,right,0,0,0,1,0,0,0,False,False,0,0,0
616_right.jpg,616,right,1,0,0,0,0,1,2,False,False,0,0,0
617_right.jpg,617,right,0,0,0,0,0,0,0,False,False,0,0,1
619_right.jpg,619,right,1,0,0,0,0,1,2,False,False,0,0,0
621_right.jpg,621,right,1,0,0,0,0,1,1,False,False,0,0,1
623_right.jpg,623,right,0,0,0,0,0,0,0,False,False,0,0,1
624_right.jpg,624,right,0,0,0,0,0,0,0,False,False,0,0,1
625_right.jpg,625,right,0,1,1,0,0,0,0,False,False,0,0,1
627_right.jpg,627,right,1,0,0,0,0,1,1,False,False,0,0,1
632_right.jpg,632,right,1,0,0,0,0,1,1,False,False,0,0,1
635_right.jpg,635,right,1,0,0,0,0,0,0,False,False,0,0,1
636_right.jpg,636,right,0,0,0,0,0,0,0,False,False,0,0,1
639_right.jpg,639,right,1,0,0,0,0,0,0,False,False,0,0,1
643_right.jpg,643,right,0,0,0,0,0,0,0,False,False,0,0,1
645_right.jpg,645,right,1,0,0,0,0,1,2,False,False,0,0,1
649_right.jpg,649,right,1,0,0,0,0,1,1,False,False,0,0,1
650_right.jpg,650,right,0,0,0,0,0,0,0,False,False,0,0,1
652_right.jpg,652,right,0,0,0,0,0,0,0,False,False,0,0,1
653_right.jpg,653,right,1,0,0,0,0,0,0,False,False,0,0,1
654_right.jpg,654,right,1,0,0,0,0,1,2,False,False,0,0,0
655_right.jpg,655,right,0,0,0,0,0,0,0,False,False,0,0,1
657_right.jpg,657,right,0,0,0,0,0,0,0,False,False,0,0,1
661_right.jpg,661,right,0,0,0,0,0,0,0,False,False,0,0,1
664_right.jpg,664,right,1,0,0,0,0,0,0,False,False,0,0,1
665_right.jpg,665,right,0,0,0,0,0,0,0,False,False,0,0,1
667_right.jpg,667,right,1,0,0,0,0,1,2,False,False,0,0,0
668_right.jpg,668,right,1,0,0,0,0,1,2,False,False,0,0,1
672_right.jpg,672,right,1,0,0,0,0,1,1,False,False,0,0,1
674_right.jpg,674,right,0,0,0,0,0,0,0,False,False,0,0,1
676_right.jpg,676,right,1,0,0,0,0,1,2,False,False,0,0,1
677_right.jpg,677,right,1,0,0,0,0,0,0,False,False,0,0,1
678_right.jpg,678,right,1,0,0,0,0,1,2,False,False,0,0,0
679_right.jpg,679,right,0,0,0,0,0,0,0,False,False,0,0,1
680_right.jpg,680,right,0,0,0,0,0,0,0,False,False,0,0,1
682_right.jpg,682,right,1,0,0,0,0,1,1,False,False,0,0,1
686_right.jpg,686,right,0,0,0,0,1,0,0,False,False,0,0,0
687_right.jpg,687,right,1,0,0,0,0,1,2,False,False,0,0,0
688_right.jpg,688,right,1,0,0,0,0,1,2,False,True,0,0,1
689_right.jpg,689,right,0,0,0,0,0,0,0,False,False,0,0,1
690_right.jpg,690,right,1,0,0,0,0,1,2,False,False,0,0,1
691_right.jpg,691,right,1,0,1,0,0,1,2,False,False,0,0,0
692_right.jpg,692,right,1,0,0,0,0,1,2,False,True,0,0,1
694_right.jpg,694,right,0,0,0,0,0,0,0,False,False,0,0,1
695_right.jpg,695,right,0,0,0,0,0,0,0,False,False,1,0,0
697_right.jpg,697,right,1,0,0,0,0,1,2,False,False,0,0,1
698_right.jpg,698,right,1,0,0,0,0,0,0,False,False,0,1,0
700_right.jpg,700,right,1,0,0,0,0,0,0,False,False,0,0,1
701_right.jpg,701,right,1,0,0,0,0,1,2,False,False,0,0,1
702_right.jpg,702,right,0,0,0,0,0,0,0,False,False,0,0,1
703_right.jpg,703,right,1,0,0,0,0,1,2,False,True,0,0,1
705_right.jpg,705,right,0,0,0,0,0,0,0,False,False,0,0,1
707_right.jpg,707,right,1,0,0,0,0,1,1,False,False,0,0,1
708_right.jpg,708,right,1,0,0,0,0,1,1,False,False,0,0,1
712_right.jpg,712,right,1,0,0,1,0,1,-1,False,False,0,0,0
713_right.jpg,713,right,1,0,0,0,0,1,1,False,False,0,0,1
714_right.jpg,714,right,1,0,0,0,0,1,2,False,False,0,0,0
715_right.jpg,715,right,0,0,0,0,0,0,0,False,False,0,0,1
717_right.jpg,717,right,0,0,0,0,0,0,0,False,False,0,0,1
722_right.jpg,722,right,1,0,0,0,0,0,0,False,False,0,1,0
723_right.jpg,723,right,0,0,0,0,1,0,0,False,False,0,0,0
724_right.jpg,724,right,0,0,0,0,0,0,0,False,False,0,0,1
725_right.jpg,725,right,0,0,0,0,0,0,0,False,False,0,0,1
727_right.jpg,727,right,0,0,0,0,0,0,0,False,False,0,0,1
728_right.jpg,728,right,0,0,0,0,0,0,0,False,False,0,0,1
730_right.jpg,730,right,1,0,0,0,0,1,1,False,False,0,0,1
731_right.jpg,731,right,0,0,0,0,0,0,0,False,False,0,0,1
733_right.jpg,733,right,1,0,0,0,0,1,2,False,False,0,0,1
735_right.jpg,735,right,1,0,0,0,0,1,1,False,False,0,0,1
737_right.jpg,737,right,0,0,0,0,0,0,0,False,False,0,1,0
738_right.jpg,738,right,0,0,0,0,0,0,0,False,False,0,0,1
739_right.jpg,739,right,0,0,0,0,0,0,0,False,False,0,0,1
740_right.jpg,740,right,1,0,0,0,0,1,1,False,False,0,0,0
741_right.jpg,741,right,0,0,0,0,0,0,0,False,False,0,1,0
742_right.jpg,742,right,0,0,0,0,0,0,0,False,False,0,0,1
743_right.jpg,743,right,1,0,0,0,0,0,0,False,False,0,0,1
744_right.jpg,744,right,1,0,0,0,0,1,2,False,False,0,0,1
745_right.jpg,745,right,1,0,0,0,0,0,0,False,False,0,0,1
747_right.jpg,747,right,0,0,0,0,0,0,0,False,True,0,0,1
749_right.jpg,749,right,0,0,0,0,0,0,0,False,False,0,0,1
750_right.jpg,750,right,1,0,1,0,0,1,2,False,False,0,0,0
751_right.jpg,751,right,0,0,0,0,0,0,0,False,False,0,0,1
752_right.jpg,752,right,1,0,0,0,0,0,0,False,False,0,0,1
755_right.jpg,755,right,1,0,0,0,0,1,3,False,False,0,0,0
756_right.jpg,756,right,0,0,0,0,0,0,0,False,False,0,0,1
758_right.jpg,758,right,0,0,0,0,0,0,0,False,False,0,0,1
759_right.jpg,759,right,0,0,0,0,1,0,0,False,False,0,0,0
761_right.jpg,761,right,0,0,0,1,0,0,0,False,False,0,0,0
763_right.jpg,763,right,1,0,0,0,0,1,2,False,False,0,0,1
765_right.jpg,765,right,1,0,0,0,0,1,3,False,False,0,0,0
767_right.jpg,767,right,0,0,0,0,0,0,0,False,False,0,0,1
771_right.jpg,771,right,0,0,0,0,0,0,0,False,False,0,1,0
772_right.jpg,772,right,0,0,0,0,0,0,0,False,False,0,0,1
773_right.jpg,773,right,0,0,0,0,0,0,0,False,False,0,0,1
774_right.jpg,774,right,0,0,0,0,0,0,0,False,False,0,0,1
776_right.jpg,776,right,0,0,0,0,0,0,0,False,False,0,0,1
780_right.jpg,780,right,0,0,0,0,0,0,0,False,False,0,0,1
784_right.jpg,784,right,1,0,0,0,0,1,2,False,False,0,0,0
785_right.jpg,785,right,1,0,0,0,0,1,1,False,False,0,0,1
786_right.jpg,786,right,1,0,0,0,0,1,3,False,False,0,0,0
789_right.jpg,789,right,0,0,0,0,0,0,0,False,False,0,0,1
791_right.jpg,791,right,1,0,0,0,0,1,2,False,True,0,0,1
792_right.jpg,792,right,1,0,0,0,0,1,2,False,False,0,0,1
794_right.jpg,794,right,1,0,0,0,0,1,2,False,False,0,0,0
795_right.jpg,795,right,1,0,0,0,0,0,0,False,False,0,0,1
796_right.jpg,796,right,1,0,0,0,0,1,2,False,False,0,0,1
800_right.jpg,800,right,0,0,0,0,0,0,0,False,False,0,0,1
801_right.jpg,801,right,1,0,0,0,0,1,2,False,False,0,0,0
803_right.jpg,803,right,1,0,0,0,0,1,1,False,False,0,0,1
805_right.jpg,805,right,0,0,0,0,0,0,0,False,False,0,0,1
810_right.jpg,810,right,1,0,0,0,0,1,1,False,False,0,0,1
812_right.jpg,812,right,1,0,0,0,0,1,2,False,False,0,0,0
815_right.jpg,815,right,0,0,0,1,0,0,0,False,False,0,0,0
818_right.jpg,818,right,1,0,0,0,1,0,0,False,False,0,0,0
819_right.jpg,819,right,1,0,0,0,0,1,2,False,False,0,0,1
821_right.jpg,821,right,0,0,0,1,0,0,0,False,False,0,0,0
822_right.jpg,822,right,0,0,0,0,0,0,0,False,False,0,0,1
824_right.jpg,824,right,0,0,1,0,0,0,0,False,False,0,0,0
829_right.jpg,829,right,0,0,0,0,0,0,0,False,False,0,0,1
831_right.jpg,831,right,1,0,0,0,0,1,2,False,False,0,1,0
835_right.jpg,835,right,0,0,0,0,0,0,0,False,False,0,0,1
837_right.jpg,837,right,0,0,0,0,0,0,0,False,False,0,0,1
841_right.jpg,841,right,0,0,0,0,0,0,0,False,False,0,0,1
844_right.jpg,844,right,0,0,0,0,0,0,0,False,False,0,0,1
847_right.jpg,847,right,0,0,0,1,0,0,0,False,True,0,0,1
848_right.jpg,848,right,0,0,0,0,0,0,0,False,False,0,0,1
850_right.jpg,850,right,1,0,0,0,0,1,2,False,False,0,0,1
853_right.jpg,853,right,0,0,0,0,0,0,0,False,True,0,0,1
854_right.jpg,854,right,0,0,0,0,0,0,0,False,False,0,0,1
856_right.jpg,856,right,0,0,0,0,0,0,0,False,False,0,0,1
861_right.jpg,861,right,1,0,0,0,1,1,4,False,False,0,0,0
864_right.jpg,864,right,1,0,0,0,0,1,3,False,False,0,0,0
865_right.jpg,865,right,1,0,0,0,0,1,1,False,False,0,0,1
868_right.jpg,868,right,1,0,0,0,0,1,2,False,False,0,0,1
870_right.jpg,870,right,0,0,0,1,0,0,0,False,False,0,0,0
871_right.jpg,871,right,1,0,0,0,0,0,0,False,False,0,0,1
872_right.jpg,872,right,0,0,0,0,0,0,0,False,False,0,0,1
873_right.jpg,873,right,0,0,0,0,0,0,0,False,False,0,0,1
874_right.jpg,874,right,1,0,1,0,0,1,2,False,False,0,0,0
875_right.jpg,875,right,0,0,0,0,0,0,0,False,False,0,0,1
877_right.jpg,877,right,0,0,0,0,0,0,0,False,False,0,0,1
879_right.jpg,879,right,0,0,0,0,0,0,0,False,False,0,0,1
881_right.jpg,881,right,1,0,0,0,0,0,0,False,False,0,0,1
883_right.jpg,883,right,0,0,0,0,0,0,0,False,False,0,0,1
885_right.jpg,885,right,0,0,0,1,0,0,0,False,False,0,0,0
886_right.jpg,886,right,0,0,0,1,0,0,0,False,False,0,0,1
889_right.jpg,889,right,0,0,0,1,0,0,0,False,False,0,0,0
890_right.jpg,890,right,1,0,0,0,0,1,2,False,False,0,0,1
891_right.jpg,891,right,0,0,0,0,0,0,0,False,False,0,0,1
893_right.jpg,893,right,0,0,0,0,0,0,0,False,False,0,0,1
894_right.jpg,894,right,0,0,0,0,0,0,0,False,False,0,0,1
896_right.jpg,896,right,0,0,0,0,0,0,0,False,False,0,0,1
899_right.jpg,899,right,0,0,0,0,0,0,0,False,False,0,0,1
901_right.jpg,901,right,0,0,0,0,0,0,0,False,False,0,0,1
902_right.jpg,902,right,0,0,0,0,0,0,0,False,False,0,0,1
903_right.jpg,903,right,0,0,0,0,0,0,0,False,False,0,0,1
904_right.jpg,904,right,1,0,0,0,0,0,0,False,False,0,0,1
905_right.jpg,905,right,1,0,0,0,0,1,2,False,True,0,0,1
908_right.jpg,908,right,0,0,0,0,0,0,0,False,False,0,1,0
910_right.jpg,910,right,0,0,0,1,0,0,0,False,False,0,0,0
911_right.jpg,911,right,1,0,0,0,0,1,2,False,False,0,0,1
913_right.jpg,913,right,1,0,0,0,0,1,1,False,False,0,0,1
917_right.jpg,917,right,1,0,0,0,0,1,2,False,False,0,0,0
918_right.jpg,918,right,0,0,0,0,0,0,0,False,False,0,0,1
922_right.jpg,922,right,0,0,0,0,0,0,0,False,False,0,0,1
923_right.jpg,923,right,1,0,0,0,0,1,2,False,False,0,0,1
927_right.jpg,927,right,0,0,0,1,0,0,0,False,False,0,0,0
928_right.jpg,928,right,0,0,0,0,0,0,0,False,False,0,0,1
930_right.jpg,930,right,0,0,0,0,0,0,0,False,False,0,0,1
933_right.jpg,933,right,0,0,0,0,0,0,0,False,False,0,0,1
934_right.jpg,934,right,1,0,0,1,0,1,-1,False,False,0,0,0
939_right.jpg,939,right,0,0,0,0,0,0,0,False,False,1,0,0
940_right.jpg,940,right,0,0,0,0,0,0,0,False,False,0,0,1
941_right.jpg,941,right,0,0,0,0,0,0,0,False,False,0,0,1
942_right.jpg,942,right,0,0,0,0,0,0,0,False,False,0,0,1
943_right.jpg,943,right,0,0,0,0,0,0,0,False,False,0,0,1
945_right.jpg,945,right,0,0,0,0,0,0,0,False,True,0,0,1
946_right.jpg,946,right,0,0,0,0,0,0,0,False,False,0,0,1
948_right.jpg,948,right,1,0,0,0,0,1,2,False,False,0,0,1
949_right.jpg,949,right,1,0,1,0,0,0,0,False,False,0,0,0
951_right.jpg,951,right,0,0,0,0,0,0,0,False,False,1,0,0
952_right.jpg,952,right,1,0,0,0,0,1,1,False,False,0,0,1
953_right.jpg,953,right,1,0,0,0,0,1,2,False,False,0,0,1
954_right.jpg,954,right,0,0,0,0,0,0,0,False,False,0,0,1
955_right.jpg,955,right,0,0,1,0,0,0,0,False,False,0,0,0
957_right.jpg,957,right,0,0,0,0,1,0,0,False,False,0,0,0
959_right.jpg,959,right,1,0,0,0,0,0,0,False,False,0,0,1
962_right.jpg,962,right,1,0,0,0,0,0,0,False,False,0,0,1
963_right.jpg,963,right,0,0,0,0,0,0,0,False,False,0,0,1
964_right.jpg,964,right,1,0,0,0,0,1,2,False,False,0,0,1
965_right.jpg,965,right,0,0,0,0,0,0,0,False,False,0,0,1
966_right.jpg,966,right,1,0,0,0,0,0,0,False,False,0,0,1
968_right.jpg,968,right,0,0,0,0,1,0,0,False,False,0,0,0
970_right.jpg,970,right,1,0,1,0,0,0,0,False,False,0,0,0
971_right.jpg,971,right,0,0,0,1,0,0,0,False,False,0,0,0
972_right.jpg,972,right,1,0,0,0,0,1,1,False,False,0,0,1
973_right.jpg,973,right,0,0,0,0,0,0,0,False,False,0,0,1
976_right.jpg,976,right,1,0,0,0,0,1,2,False,False,0,0,1
977_right.jpg,977,right,0,0,0,1,0,0,0,False,False,0,0,0
978_right.jpg,978,right,1,0,0,1,0,1,-1,False,False,0,0,0
986_right.jpg,986,right,0,0,0,0,0,0,0,False,False,0,0,1
987_right.jpg,987,right,0,0,0,0,0,0,0,False,False,0,0,1
990_right.jpg,990,right,0,0,0,0,0,0,0,False,False,0,0,1
991_right.jpg,991,right,1,0,0,0,0,1,1,False,False,0,0,1
992_right.jpg,992,right,0,0,0,1,0,0,0,False,False,0,0,0
993_right.jpg,993,right,1,0,0,0,0,1,1,False,True,0,0,1
996_right.jpg,996,right,0,0,0,0,0,0,0,False,False,0,0,1
997_right.jpg,997,right,1,0,0,0,0,1,-1,False,True,0,0,1
999_right.jpg,999,right,0,0,1,0,0,0,0,False,False,0,0,0
1006_right.jpg,1006,right,0,0,0,0,0,0,0,False,False,0,0,1
1010_right.jpg,1010,right,0,0,0,0,0,0,0,False,False,0,0,1
1011_right.jpg,1011,right,0,0,0,0,0,0,0,False,False,0,0,1
1012_right.jpg,1012,right,0,0,0,0,0,0,0,False,False,0,1,1
1014_right.jpg,1014,right,0,0,0,0,0,0,0,False,False,0,0,1
1015_right.jpg,1015,right,0,0,0,0,0,0,0,False,False,0,0,1
1016_right.jpg,1016,right,0,0,0,0,0,0,0,False,False,0,0,1
1018_right.jpg,1018,right,0,0,0,0,0,0,0,False,False,0,0,1
1021_right.jpg,1021,right,0,0,0,0,0,0,0,False,False,0,0,1
1022_right.jpg,1022,right,1,0,0,0,0,1,2,False,False,0,0,0
1023_right.jpg,1023,right,0,0,0,0,0,0,0,False,False,0,0,1
1024_right.jpg,1024,right,1,0,0,0,1,1,1,False,False,0,0,0
1028_right.jpg,1028,right,0,0,0,0,0,0,0,False,False,0,0,1
1031_right.jpg,1031,right,0,0,0,0,1,0,0,False,False,0,0,1
1034_right.jpg,1034,right,0,0,0,0,0,0,0,False,False,1,0,0
1039_right.jpg,1039,right,0,0,0,0,0,0,0,False,False,0,0,1
1040_right.jpg,1040,right,0,0,0,0,0,0,0,False,False,0,0,1
1043_right.jpg,1043,right,0,0,0,1,0,0,0,False,False,0,0,0
1046_right.jpg,1046,right,0,0,0,0,1,0,0,False,False,0,0,0
1048_right.jpg,1048,right,0,0,0,0,1,0,0,False,False,0,0,0
1050_right.jpg,1050,right,0,0,0,0,0,0,0,False,False,0,0,1
1052_right.jpg,1052,right,0,0,0,0,0,0,0,False,False,0,0,1
1053_right.jpg,1053,right,0,0,0,0,0,0,0,False,False,0,0,1
1054_right.jpg,1054,right,0,0,0,0,0,0,0,False,False,1,0,0
1056_right.jpg,1056,right,0,0,0,0,1,0,0,False,False,0,0,1
1059_right.jpg,1059,right,0,0,0,0,0,0,0,False,False,0,0,1
1060_right.jpg,1060,right,0,0,0,0,0,0,0,False,False,1,0,0
1061_right.jpg,1061,right,0,0,0,0,0,0,0,False,False,0,0,1
1064_right.jpg,1064,right,0,0,0,1,0,0,0,False,False,0,0,0
1068_right.jpg,1068,right,1,0,0,0,0,1,2,False,False,0,0,0
1071_right.jpg,1071,right,1,0,0,0,0,1,1,False,False,0,0,0
1072_right.jpg,1072,right,0,0,0,0,0,0,0,False,False,1,0,0
1074_right.jpg,1074,right,0,0,0,0,0,0,0,False,False,0,0,1
1077_right.jpg,1077,right,0,0,0,0,0,0,0,False,False,0,0,1
1079_right.jpg,1079,right,0,0,0,0,0,0,0,False,False,0,0,1
1080_right.jpg,1080,right,0,0,0,0,0,0,0,False,False,0,0,1
1082_right.jpg,1082,right,1,0,0,0,0,1,2,False,False,0,0,0
1083_right.jpg,1083,right,1,0,1,0,0,1,2,False,False,0,0,0
1085_right.jpg,1085,right,0,0,0,1,0,0,0,False,False,0,0,0
1090_right.jpg,1090,right,0,0,0,0,0,0,0,False,False,0,0,1
1091_right.jpg,1091,right,0,0,0,1,0,0,0,False,False,0,0,0
1093_right.jpg,1093,right,0,0,0,0,0,0,0,False,False,0,0,1
1094_right.jpg,1094,right,1,0,0,0,0,1,2,False,False,0,0,0
1097_right.jpg,1097,right,0,0,0,0,0,0,0,False,False,0,0,1
1098_right.jpg,1098,right,0,0,0,1,0,0,0,False,False,0,0,0
1099_right.jpg,1099,right,0,0,0,0,0,0,0,False,False,0,0,1
1103_right.jpg,1103,right,0,0,0,0,0,0,0,False,False,0,1,0
1106_right.jpg,1106,right,1,0,0,0,0,1,2,False,False,0,0,0
1109_right.jpg,1109,right,0,0,0,0,0,0,0,False,True,0,0,1
1111_right.jpg,1111,right,0,0,0,1,0,0,0,False,False,0,0,0
1113_right.jpg,1113,right,1,0,0,0,0,1,1,False,False,0,0,0
1114_right.jpg,1114,right,0,0,0,0,0,0,0,False,False,0,0,1
1117_right.jpg,1117,right,0,0,0,0,0,0,0,False,True,0,0,1
1119_right.jpg,1119,right,0,0,0,0,0,0,0,False,False,0,0,1
1120_right.jpg,1120,right,0,0,0,0,0,0,0,False,False,0,0,1
1121_right.jpg,1121,right,0,0,0,0,0,0,0,False,False,0,0,1
1122_right.jpg,1122,right,0,0,0,0,0,0,0,False,False,0,0,1
1124_right.jpg,1124,right,0,0,0,0,0,0,0,False,False,0,0,1
1125_right.jpg,1125,right,0,0,0,1,0,0,0,False,False,0,0,0
1126_right.jpg,1126,right,0,0,1,0,0,0,0,False,False,0,0,0
1127_right.jpg,1127,right,0,0,0,0,0,0,0,False,False,0,0,1
1129_right.jpg,1129,right,0,0,0,0,0,0,0,False,False,0,0,1
1130_right.jpg,1130,right,0,0,0,0,0,0,0,False,False,0,0,1
1133_right.jpg,1133,right,0,0,0,0,0,0,0,False,False,0,0,1
1136_right.jpg,1136,right,1,0,0,0,0,1,2,False,False,0,0,0
1138_right.jpg,1138,right,1,0,0,0,0,1,2,False,False,0,0,0
1142_right.jpg,1142,right,0,0,0,0,0,0,0,False,False,0,0,1
1143_right.jpg,1143,right,0,0,0,0,0,0,0,False,False,0,0,1
1145_right.jpg,1145,right,0,0,0,0,0,0,0,False,False,0,0,1
1147_right.jpg,1147,right,1,0,0,0,0,1,2,False,False,0,0,0
1148_right.jpg,1148,right,0,0,0,0,0,0,0,False,False,0,0,1
1150_right.jpg,1150,right,0,0,0,0,0,0,0,False,False,0,1,0
1153_right.jpg,1153,right,1,0,0,0,0,1,3,False,False,0,0,0
1154_right.jpg,1154,right,0,0,0,1,0,0,0,False,False,0,0,0
1157_right.jpg,1157,right,1,0,0,0,0,1,2,False,False,0,0,0
1164_right.jpg,1164,right,0,0,1,0,0,0,0,False,False,0,0,0
1165_right.jpg,1165,right,0,0,0,0,0,0,0,False,False,0,0,1
1171_right.jpg,1171,right,0,0,0,0,0,0,0,False,False,0,0,1
1172_right.jpg,1172,right,0,0,0,0,0,0,0,False,False,0,0,1
1173_right.jpg,1173,right,0,0,0,0,0,0,0,False,False,0,0,1
1174_right.jpg,1174,right,0,0,0,0,0,0,0,False,False,0,0,1
1177_right.jpg,1177,right,0,0,0,0,0,0,0,False,False,0,0,1
1186_right.jpg,1186,right,0,0,0,0,0,0,0,False,False,0,0,1
1191_right.jpg,1191,right,1,0,0,1,0,0,0,False,False,0,0,0
1195_right.jpg,1195,right,0,0,0,0,0,0,0,False,False,0,0,1
1196_right.jpg,1196,right,0,0,0,1,0,0,0,False,False,0,0,0
1197_right.jpg,1197,right,0,0,0,1,0,0,0,False,False,0,0,0
1198_right.jpg,1198,right,0,0,0,0,0,0,0,False,False,0,0,1
1205_right.jpg,1205,right,1,0,0,0,0,1,2,False,False,0,0,0
1206_right.jpg,1206,right,1,0,0,0,0,0,0,False,False,0,1,0
1209_right.jpg,1209,right,0,1,0,0,0,0,0,False,False,0,0,0
1212_right.jpg,1212,right,0,1,0,0,0,0,0,False,False,0,0,0
1213_right.jpg,1213,right,0,1,0,0,0,0,0,False,False,0,1,0
1215_right.jpg,1215,right,0,1,0,0,0,0,0,False,False,0,0,0
1217_right.jpg,1217,right,0,1,0,0,0,0,0,False,False,0,0,0
1218_right.jpg,1218,right,0,1,0,0,0,0,0,False,False,0,0,0
1220_right.jpg,1220,right,0,1,0,0,0,0,0,False,False,0,0,0
1222_right.jpg,1222,right,0,1,0,0,0,0,0,False,False,0,0,0
1225_right.jpg,1225,right,0,1,0,0,0,0,0,False,False,0,1,0
1227_right.jpg,1227,right,0,1,0,0,0,0,0,False,False,0,0,0
1231_right.jpg,1231,right,0,1,0,0,0,0,0,False,False,0,0,0
1232_right.jpg,1232,right,0,1,0,0,0,0,0,False,False,0,0,0
1234_right.jpg,1234,right,0,1,0,0,0,0,0,False,False,0,0,0
1238_right.jpg,1238,right,1,1,0,0,0,1,-1,False,False,0,0,0
1241_right.jpg,1241,right,0,1,0,0,0,0,0,False,False,0,0,0
1242_right.jpg,1242,right,0,0,0,0,0,0,0,False,False,0,0,1
1245_right.jpg,1245,right,0,0,0,0,0,0,0,False,False,0,0,1
1247_right.jpg,1247,right,0,1,0,0,0,0,0,False,False,0,0,0
1248_right.jpg,1248,right,0,1,0,0,0,0,0,False,False,0,0,0
1253_right.jpg,1253,right,0,0,0,0,0,0,0,False,False,1,0,0
1256_right.jpg,1256,right,0,1,0,0,0,0,0,False,False,0,0,0
1259_right.jpg,1259,right,0,1,0,0,0,0,0,False,False,0,0,0
1260_right.jpg,1260,right,0,1,0,0,0,0,0,False,False,0,0,0
1264_right.jpg,1264,right,0,1,0,0,0,0,0,False,False,0,0,1
1265_right.jpg,1265,right,0,1,0,0,0,0,0,False,False,0,0,0
1268_right.jpg,1268,right,0,1,0,0,0,0,0,False,False,0,0,0
1269_right.jpg,1269,right,0,1,0,0,0,0,0,False,False,0,0,0
1270_right.jpg,1270,right,0,1,0,0,0,0,0,False,False,0,0,0
1272_right.jpg,1272,right,0,1,0,0,0,0,0,False,False,0,0,0
1273_right.jpg,1273,right,0,1,0,0,0,0,0,False,True,0,0,1
1276_right.jpg,1276,right,0,1,0,0,0,0,0,False,False,0,0,0
1281_right.jpg,1281,right,1,1,0,0,0,1,-1,False,False,0,0,0
1282_right.jpg,1282,right,0,1,0,0,0,0,0,False,False,0,0,0
1284_right.jpg,1284,right,0,1,0,0,0,0,0,False,False,0,0,0
1285_right.jpg,1285,right,1,0,1,0,0,1,2,False,False,0,0,0
1287_right.jpg,1287,right,0,1,0,0,0,0,0,False,False,0,0,0
1289_right.jpg,1289,right,0,1,0,0,0,0,0,False,False,0,1,0
1290_right.jpg,1290,right,0,1,0,0,1,0,0,False,False,0,0,0
1291_right.jpg,1291,right,0,1,0,0,0,0,0,False,False,0,0,1
1295_right.jpg,1295,right,0,0,0,1,0,0,0,False,False,0,0,0
1296_right.jpg,1296,right,0,0,0,0,0,0,0,False,False,0,0,1
1297_right.jpg,1297,right,0,1,0,0,0,0,0,False,False,0,0,1
1299_right.jpg,1299,right,0,0,0,0,0,0,0,False,False,0,0,1
1303_right.jpg,1303,right,0,1,0,0,1,0,0,False,False,0,0,1
1308_right.jpg,1308,right,0,0,0,0,0,0,0,False,False,0,0,1
1309_right.jpg,1309,right,0,1,0,0,1,0,0,False,False,0,0,0
1311_right.jpg,1311,right,0,0,0,0,0,0,0,False,False,0,0,1
1314_right.jpg,1314,right,0,1,0,1,0,0,0,False,False,0,0,0
1318_right.jpg,1318,right,0,1,0,0,0,0,0,False,False,0,0,0
1319_right.jpg,1319,right,0,1,0,0,0,0,0,False,False,0,0,0
1325_right.jpg,1325,right,0,1,0,0,0,0,0,False,False,0,0,0
1327_right.jpg,1327,right,0,1,0,0,0,0,0,False,False,0,0,1
1330_right.jpg,1330,right,0,1,0,0,0,0,0,False,False,0,0,0
1334_right.jpg,1334,right,0,1,0,0,0,0,0,False,False,0,0,0
1344_right.jpg,1344,right,0,1,0,0,0,0,0,False,False,0,0,0
1345_right.jpg,1345,right,0,1,0,0,0,0,0,False,False,0,0,0
1349_right.jpg,1349,right,0,0,0,0,0,0,0,False,False,0,1,0
1351_right.jpg,1351,right,0,1,0,0,0,0,0,False,False,0,0,0
1352_right.jpg,1352,right,0,1,0,0,0,0,0,False,False,0,0,0
1353_right.jpg,1353,right,0,1,0,0,0,0,0,False,False,0,0,0
1362_right.jpg,1362,right,0,1,0,0,0,0,0,False,False,0,0,0
1364_right.jpg,1364,right,1,0,0,0,0,1,2,False,False,0,1,0
1371_right.jpg,1371,right,0,1,0,0,0,0,0,False,False,0,0,0
1374_right.jpg,1374,right,0,1,0,0,0,0,0,False,False,0,0,0
1377_right.jpg,1377,right,0,1,0,0,1,0,0,False,False,0,0,0
1378_right.jpg,1378,right,0,1,0,0,0,0,0,False,False,0,0,0
1383_right.jpg,1383,right,0,1,0,0,0,0,0,False,False,0,0,1
1388_right.jpg,1388,right,1,1,0,0,0,0,0,False,False,0,0,0
1389_right.jpg,1389,right,0,1,0,0,0,0,0,False,False,0,0,0
1392_right.jpg,1392,right,0,1,0,0,0,0,0,False,False,0,0,0
1396_right.jpg,1396,right,0,1,0,0,0,0,0,False,False,0,0,1
1397_right.jpg,1397,right,0,1,0,0,0,0,0,False,False,0,0,0
1404_right.jpg,1404,right,0,1,0,0,0,0,0,False,False,0,0,0
1405_right.jpg,1405,right,0,1,0,0,0,0,0,False,False,0,0,1
1406_right.jpg,1406,right,1,1,0,0,0,0,0,False,False,0,0,0
1408_right.jpg,1408,right,0,1,0,0,0,0,0,False,False,0,0,1
1410_right.jpg,1410,right,1,1,0,0,0,1,1,False,False,0,0,1
1412_right.jpg,1412,right,0,1,0,0,0,0,0,False,False,0,0,1
1413_right.jpg,1413,right,1,1,0,0,0,0,0,False,False,0,0,0
1414_right.jpg,1414,right,0,1,0,0,0,0,0,False,False,0,0,0
1415_right.jpg,1415,right,0,1,1,0,0,0,0,False,False,0,0,0
1417_right.jpg,1417,right,0,1,0,0,0,0,0,False,False,0,0,0
1418_right.jpg,1418,right,0,1,0,0,0,0,0,False,False,0,0,0
1421_right.jpg,1421,right,0,1,0,0,0,0,0,False,False,0,0,0
1424_right.jpg,1424,right,0,1,0,0,0,0,0,False,False,0,0,0
1425_right.jpg,1425,right,0,1,0,0,0,0,0,False,False,0,0,0
1426_right.jpg,1426,right,0,1,0,0,0,0,0,False,False,0,0,1
1427_right.jpg,1427,right,0,1,0,0,0,0,0,False,False,0,0,0
1428_right.jpg,1428,right,1,1,0,0,0,0,0,False,False,0,0,0
1429_right.jpg,1429,right,0,1,0,0,0,0,0,False,False,0,0,0
1433_right.jpg,1433,right,0,1,0,0,0,0,0,False,False,0,0,0
1434_right.jpg,1434,right,1,1,0,0,0,1,2,False,False,0,0,0
1435_right.jpg,1435,right,0,0,1,0,0,0,0,False,False,0,0,0
1436_right.jpg,1436,right,0,1,0,0,0,0,0,False,False,0,0,0
1440_right.jpg,1440,right,0,1,0,0,0,0,0,False,False,0,0,0
1443_right.jpg,1443,right,0,1,0,0,0,0,0,False,False,0,0,0
1444_right.jpg,1444,right,0,0,1,0,0,0,0,False,False,0,0,0
1452_right.jpg,1452,right,0,0,1,0,0,0,0,False,False,0,0,0
1453_right.jpg,1453,right,0,1,0,0,0,0,0,False,False,0,0,0
1462_right.jpg,1462,right,0,1,0,0,0,0,0,False,False,0,0,1
1465_right.jpg,1465,right,0,1,0,0,0,0,0,False,False,0,0,0
1468_right.jpg,1468,right,0,0,1,0,0,0,0,False,False,0,0,0
1470_right.jpg,1470,right,0,1,0,0,0,0,0,False,False,0,0,0
1471_right.jpg,1471,right,0,1,0,0,0,0,0,False,False,0,0,1
1473_right.jpg,1473,right,0,1,0,0,0,0,0,False,False,0,0,0
1474_right.jpg,1474,right,1,1,0,0,0,0,0,False,False,0,0,1
1475_right.jpg,1475,right,0,1,0,0,0,0,0,False,False,0,0,0
1476_right.jpg,1476,right,0,1,0,0,0,0,0,False,False,0,0,0
1478_right.jpg,1478,right,0,1,0,0,0,0,0,False,False,0,0,0
1479_right.jpg,1479,right,0,1,0,0,0,0,0,False,False,0,0,0
1480_right.jpg,1480,right,0,1,0,0,0,0,0,False,False,0,0,1
1483_right.jpg,1483,right,0,0,1,0,0,0,0,False,False,0,0,0
1485_right.jpg,1485,right,0,1,0,0,0,0,0,False,False,0,0,0
1486_right.jpg,1486,right,0,1,0,0,0,0,0,False,False,0,0,0
1487_right.jpg,1487,right,0,1,0,0,0,0,0,False,False,0,0,0
1488_right.jpg,1488,right,1,1,0,0,0,1,2,False,False,0,0,0
1490_right.jpg,1490,right,0,0,1,0,0,0,0,False,False,0,0,0
1491_right.jpg,1491,right,0,1,0,0,0,0,0,False,False,0,0,0
1494_right.jpg,1494,right,0,1,0,0,0,0,0,False,False,0,0,0
1495_right.jpg,1495,right,0,1,0,0,0,0,0,False,False,0,0,0
1496_right.jpg,1496,right,1,1,0,0,0,1,2,False,False,0,0,0
1498_right.jpg,1498,right,0,1,0,0,0,0,0,False,False,0,0,0
1503_right.jpg,1503,right,0,1,0,0,0,0,0,False,False,0,0,0
1513_right.jpg,1513,right,0,0,0,0,0,0,0,False,False,0,1,0
1514_right.jpg,1514,right,0,1,0,0,0,0,0,False,False,0,0,0
1515_right.jpg,1515,right,0,1,0,0,0,0,0,False,False,0,0,0
1516_right.jpg,1516,right,0,0,0,0,0,0,0,False,False,0,0,1
1519_right.jpg,1519,right,0,0,0,0,0,0,0,False,False,0,1,0
1520_right.jpg,1520,right,0,0,0,0,0,0,0,False,False,0,1,1
1523_right.jpg,1523,right,0,0,0,0,0,0,0,False,False,0,1,0
1526_right.jpg,1526,right,0,0,0,0,0,0,0,False,False,0,1,0
1528_right.jpg,1528,right,0,0,0,0,0,0,0,False,False,0,1,1
1530_right.jpg,1530,right,0,0,0,0,0,0,0,False,False,0,1,0
1531_right.jpg,1531,right,0,0,0,0,0,0,0,False,False,0,1,0
1534_right.jpg,1534,right,0,0,0,0,0,0,0,False,False,0,1,0
1535_right.jpg,1535,right,0,0,0,0,0,0,0,False,False,0,1,0
1537_right.jpg,1537,right,0,0,0,0,0,0,0,False,False,0,1,0
1539_right.jpg,1539,right,0,0,0,0,0,0,0,False,False,0,1,0
1540_right.jpg,1540,right,0,0,0,0,0,0,0,False,False,0,1,0
1543_right.jpg,1543,right,1,0,0,0,0,0,0,False,False,0,1,0
1544_right.jpg,1544,right,0,0,0,0,0,0,0,False,False,0,1,0
1546_right.jpg,1546,right,0,0,0,0,0,0,0,False,False,0,1,0
1547_right.jpg,1547,right,0,0,0,0,0,0,0,False,False,0,1,0
1549_right.jpg,1549,right,0,0,0,0,0,0,0,False,False,0,1,0
1550_right.jpg,1550,right,0,0,0,0,0,0,0,False,False,0,1,0
1552_right.jpg,1552,right,0,0,0,0,0,0,0,False,False,0,1,0
1553_right.jpg,1553,right,0,0,0,0,0,0,0,False,False,0,1,0
1554_right.jpg,1554,right,0,0,0,0,0,0,0,False,False,0,1,0
1555_right.jpg,1555,right,0,0,0,0,0,0,0,False,False,0,1,0
1557_right.jpg,1557,right,0,0,0,0,0,0,0,False,False,0,1,1
1558_right.jpg,1558,right,0,0,0,0,0,0,0,False,False,0,1,0
1560_right.jpg,1560,right,0,0,0,0,0,0,0,False,False,0,1,1
1561_right.jpg,1561,right,0,0,0,0,0,0,0,False,False,0,1,0
1562_right.jpg,1562,right,0,0,0,0,0,0,0,False,False,0,1,0
1563_right.jpg,1563,right,0,0,0,0,0,0,0,False,False,0,1,0
1564_right.jpg,1564,right,0,0,0,0,0,0,0,False,False,0,1,0
1565_right.jpg,1565,right,0,0,0,0,0,0,0,False,False,0,1,0
1567_right.jpg,1567,right,0,0,0,0,0,0,0,False,False,0,1,1
1568_right.jpg,1568,right,0,0,0,0,0,0,0,False,False,0,1,0
1570_right.jpg,1570,right,0,0,0,0,0,0,0,False,False,0,1,0
1572_right.jpg,1572,right,0,0,0,0,0,0,0,False,False,0,1,0
1573_right.jpg,1573,right,0,0,0,0,0,0,0,False,False,0,1,1
1576_right.jpg,1576,right,0,0,0,0,0,0,0,False,False,0,1,0
1578_right.jpg,1578,right,0,0,0,0,0,0,0,False,False,0,1,0
1580_right.jpg,1580,right,0,0,0,0,0,0,0,False,False,0,1,0
1581_right.jpg,1581,right,0,0,0,0,0,0,0,False,False,0,1,1
1583_right.jpg,1583,right,0,0,0,0,0,0,0,False,False,0,1,0
1585_right.jpg,1585,right,0,0,0,0,0,0,0,False,False,0,1,1
1588_right.jpg,1588,right,0,0,0,0,0,0,0,False,False,0,1,0
1590_right.jpg,1590,right,0,0,0,0,0,0,0,False,False,0,1,0
1593_right.jpg,1593,right,0,0,0,0,0,0,0,False,False,0,1,0
1594_right.jpg,1594,right,0,0,0,0,0,0,0,False,False,0,1,0
1597_right.jpg,1597,right,0,0,0,0,0,0,0,False,False,0,1,1
1599_right.jpg,1599,right,0,0,0,0,0,0,0,False,False,0,1,0
1600_right.jpg,1600,right,0,0,0,0,0,0,0,False,False,0,1,0
1601_right.jpg,1601,right,0,0,0,0,0,0,0,False,False,0,1,0
1602_right.jpg,1602,right,0,0,0,0,0,0,0,False,False,0,1,0
1603_right.jpg,1603,right,0,0,0,0,0,0,0,False,False,0,1,0
1606_right.jpg,1606,right,0,0,0,0,0,0,0,False,False,0,1,0
1607_right.jpg,1607,right,0,0,0,0,0,0,0,False,False,0,1,0
1609_right.jpg,1609,right,0,0,0,0,0,0,0,False,False,0,1,1
1610_right.jpg,1610,right,0,0,0,0,0,0,0,False,False,0,1,0
1611_right.jpg,1611,right,0,0,0,0,0,0,0,False,False,0,1,0
1612_right.jpg,1612,right,0,0,0,0,0,0,0,False,False,0,1,0
1613_right.jpg,1613,right,0,0,0,0,0,0,0,False,False,0,1,0
1614_right.jpg,1614,right,0,0,0,0,0,0,0,False,False,0,1,1
1616_right.jpg,1616,right,0,0,0,0,0,0,0,False,False,0,1,0
1618_right.jpg,1618,right,0,0,0,0,0,0,0,False,False,0,1,0
1619_right.jpg,1619,right,0,0,0,0,0,0,0,False,False,0,1,0
1620_right.jpg,1620,right,0,0,0,0,0,0,0,False,False,0,1,0
1623_right.jpg,1623,right,0,0,0,0,0,0,0,False,False,0,1,0
1630_right.jpg,1630,right,0,0,0,0,0,0,0,False,False,0,1,0
1644_right.jpg,1644,right,0,0,0,0,0,0,0,False,False,0,1,1
1652_right.jpg,1652,right,0,0,0,0,0,0,0,False,False,0,1,1
1657_right.jpg,1657,right,1,0,0,0,0,1,1,False,False,0,1,0
1659_right.jpg,1659,right,0,0,0,0,0,0,0,False,False,0,1,1
1663_right.jpg,1663,right,0,0,0,0,0,0,0,False,False,0,1,0
1664_right.jpg,1664,right,0,0,0,0,0,0,0,False,False,0,1,1
1673_right.jpg,1673,right,0,0,0,0,0,0,0,False,False,0,1,1
1674_right.jpg,1674,right,1,0,0,0,0,0,0,False,False,0,1,1
1677_right.jpg,1677,right,0,0,0,0,0,0,0,False,False,0,1,1
1681_right.jpg,1681,right,0,0,0,0,0,0,0,False,False,0,1,1
1683_right.jpg,1683,right,0,0,0,0,0,0,0,False,False,0,1,1
1686_right.jpg,1686,right,0,0,0,0,0,0,0,False,False,0,1,0
1694_right.jpg,1694,right,0,0,0,0,0,0,0,False,False,0,1,1
1706_right.jpg,1706,right,1,0,0,0,0,1,2,False,False,0,1,0
1718_right.jpg,1718,right,1,0,0,0,0,1,2,False,False,0,1,1
1799_right.jpg,1799,right,0,0,0,1,0,0,0,False,False,0,0,1
1801_right.jpg,1801,right,0,0,0,1,0,0,0,False,False,0,0,1
1817_right.jpg,1817,right,0,0,0,1,0,0,0,False,False,0,0,0
1819_right.jpg,1819,right,0,0,0,1,0,0,0,False,False,0,0,0
1830_right.jpg,1830,right,0,0,0,1,0,0,0,False,False,0,0,0
1831_right.jpg,1831,right,0,0,0,1,0,0,0,False,False,0,0,0
1834_right.jpg,1834,right,0,0,0,1,0,0,0,False,False,0,0,0
1835_right.jpg,1835,right,0,0,0,1,0,0,0,False,False,0,0,0
1837_right.jpg,1837,right,0,0,0,1,0,0,0,False,False,0,0,0
1840_right.jpg,1840,right,0,0,0,1,0,0,0,False,False,0,0,0
1841_right.jpg,1841,right,0,0,0,1,0,0,0,False,False,0,0,0
1844_right.jpg,1844,right,0,0,0,1,0,0,0,False,False,0,0,0
1845_right.jpg,1845,right,0,0,0,1,0,0,0,False,False,0,0,0
1846_right.jpg,1846,right,0,0,0,1,0,0,0,False,False,0,0,0
1847_right.jpg,1847,right,0,0,0,1,0,0,0,False,False,0,0,0
1853_right.jpg,1853,right,0,0,0,1,1,0,0,False,False,0,0,0
1868_right.jpg,1868,right,0,0,0,1,0,0,0,False,False,0,0,0
1873_right.jpg,1873,right,0,0,0,1,0,0,0,False,False,0,0,0
1876_right.jpg,1876,right,0,0,0,1,0,0,0,False,False,0,0,0
1877_right.jpg,1877,right,0,0,0,1,0,0,0,False,False,0,0,0
1878_right.jpg,1878,right,0,0,0,1,0,0,0,False,False,0,0,0
1879_right.jpg,1879,right,0,0,0,1,0,0,0,False,False,0,0,0
1881_right.jpg,1881,right,0,1,0,1,0,0,0,False,False,0,0,0
1884_right.jpg,1884,right,0,0,0,1,0,0,0,False,False,0,0,1
1885_right.jpg,1885,right,0,0,0,1,0,0,0,False,False,0,0,0
1886_right.jpg,1886,right,0,0,0,1,0,0,0,False,False,0,0,0
1891_right.jpg,1891,right,0,0,0,1,0,0,0,False,False,0,0,1
1892_right.jpg,1892,right,0,0,0,1,0,0,0,False,False,0,0,0
1919_right.jpg,1919,right,0,0,0,1,0,0,0,False,False,0,0,1
1942_right.jpg,1942,right,1,0,0,1,0,1,-1,False,False,0,0,0
1963_right.jpg,1963,right,1,1,0,0,0,0,0,False,False,0,0,0
1975_right.jpg,1975,right,0,1,0,0,0,0,0,False,False,0,0,0
1977_right.jpg,1977,right,0,1,0,0,0,0,0,False,False,0,0,0
1987_right.jpg,1987,right,0,0,1,0,0,0,0,False,False,0,0,1
1994_right.jpg,1994,right,1,0,1,0,0,1,1,False,False,0,0,1
1999_right.jpg,1999,right,0,1,0,0,0,0,0,False,False,0,0,1
2004_right.jpg,2004,right,0,0,0,0,1,0,0,False,False,0,0,0
2020_right.jpg,2020,right,0,1,0,0,0,0,0,False,False,0,0,1
2032_right.jpg,2032,right,1,1,0,0,0,1,2,False,False,0,0,0
2034_right.jpg,2034,right,0,0,0,1,0,0,0,False,False,0,0,1
2052_right.jpg,2052,right,0,0,1,0,1,0,0,False,False,0,0,0
2064_right.jpg,2064,right,1,0,0,0,1,1,-1,False,False,0,0,0
2070_right.jpg,2070,right,0,0,0,0,1,0,0,False,False,0,0,0
2074_right.jpg,2074,right,0,1,1,0,0,0,0,False,False,0,0,0
2096_right.jpg,2096,right,1,0,1,0,0,0,0,False,False,0,0,0
2097_right.jpg,2097,right,0,0,1,0,0,0,0,False,False,0,0,0
2101_right.jpg,2101,right,0,0,1,0,0,0,0,False,False,0,0,0
2102_right.jpg,2102,right,0,0,1,0,0,0,0,False,True,0,0,1
2103_right.jpg,2103,right,1,0,1,0,0,0,0,False,False,0,0,0
2104_right.jpg,2104,right,0,0,1,0,0,0,0,False,False,0,0,0
2113_right.jpg,2113,right,0,0,1,0,0,0,0,False,False,0,0,0
2115_right.jpg,2115,right,1,0,1,0,0,0,0,False,False,0,0,0
2116_right.jpg,2116,right,0,0,1,0,0,0,0,False,False,0,0,0
2117_right.jpg,2117,right,1,0,1,0,0,1,1,False,False,0,0,0
2118_right.jpg,2118,right,0,0,1,0,0,0,0,False,False,0,0,1
2124_right.jpg,2124,right,0,0,1,0,0,0,0,False,False,0,0,1
2126_right.jpg,2126,right,0,0,1,0,0,0,0,False,False,0,0,0
2127_right.jpg,2127,right,0,0,1,0,0,0,0,False,False,0,0,0
2128_right.jpg,2128,right,0,0,1,0,0,0,0,False,False,0,0,0
2129_right.jpg,2129,right,0,0,1,0,0,0,0,False,False,0,0,0
2130_right.jpg,2130,right,0,0,1,0,0,0,0,False,False,0,0,0
2132_right.jpg,2132,right,0,0,1,0,0,0,0,False,False,0,0,0
2133_right.jpg,2133,right,0,0,1,0,0,0,0,False,False,0,0,0
2136_right.jpg,2136,right,0,0,1,0,0,0,0,False,False,0,0,0
2137_right.jpg,2137,right,0,0,1,0,0,0,0,False,False,0,0,0
2138_right.jpg,2138,right,0,0,1,0,0,0,0,False,False,0,0,0
2139_right.jpg,2139,right,0,0,1,0,0,0,0,False,False,0,0,0
2140_right.jpg,2140,right,0,0,1,0,0,0,0,False,False,0,0,0
2141_right.jpg,2141,right,1,0,1,0,0,0,0,False,False,0,0,0
2142_right.jpg,2142,right,0,0,1,0,0,0,0,False,False,0,0,0
2143_right.jpg,2143,right,0,0,1,0,0,0,0,False,False,0,0,0
2144_right.jpg,2144,right,0,0,1,0,0,0,0,False,False,0,0,0
2145_right.jpg,2145,right,0,0,1,0,0,0,0,False,False,0,0,1
2146_right.jpg,2146,right,0,0,1,0,0,0,0,False,False,0,0,0
2147_right.jpg,2147,right,0,0,1,0,0,0,0,False,False,0,0,1
2150_right.jpg,2150,right,0,0,1,0,0,0,0,False,False,0,0,0
2151_right.jpg,2151,right,0,0,1,0,0,0,0,False,False,0,0,0
2152_right.jpg,2152,right,0,0,1,0,0,0,0,False,False,0,0,0
2153_right.jpg,2153,right,0,0,1,0,0,0,0,False,False,0,0,0
2155_right.jpg,2155,right,0,0,1,0,0,0,0,False,False,0,0,0
2157_right.jpg,2157,right,0,0,1,0,0,0,0,False,False,0,0,0
2160_right.jpg,2160,right,0,0,1,0,0,0,0,False,False,0,0,0
2161_right.jpg,2161,right,1,0,1,0,0,0,0,False,False,0,0,0
2162_right.jpg,2162,right,0,0,1,0,0,0,0,False,False,0,0,0
2165_right.jpg,2165,right,1,0,1,0,0,0,0,False,False,0,0,0
2166_right.jpg,2166,right,1,0,1,0,0,1,2,False,False,0,0,0
2167_right.jpg,2167,right,0,0,1,0,0,0,0,False,False,0,0,0
2168_right.jpg,2168,right,1,0,1,0,0,1,2,False,True,0,0,1
2171_right.jpg,2171,right,0,0,1,0,0,0,0,False,False,0,0,0
2172_right.jpg,2172,right,0,0,1,0,0,0,0,False,False,0,0,0
2173_right.jpg,2173,right,0,0,1,0,0,0,0,False,False,0,0,1
2174_right.jpg,2174,right,0,0,1,0,0,0,0,False,False,0,0,0
2175_right.jpg,2175,right,0,0,1,0,0,0,0,False,False,0,0,0
2176_right.jpg,2176,right,0,0,1,0,0,0,0,False,False,0,0,0
2177_right.jpg,2177,right,0,0,1,0,0,0,0,False,False,0,0,0
2178_right.jpg,2178,right,0,0,1,0,0,0,0,False,False,0,0,0
2179_right.jpg,2179,right,0,0,1,0,0,0,0,False,False,0,0,0
2180_right.jpg,2180,right,0,0,1,0,0,0,0,False,False,0,0,0
2181_right.jpg,2181,right,0,0,1,0,0,0,0,False,False,0,0,0
2183_right.jpg,2183,right,0,0,1,0,0,0,0,False,False,0,0,0
2184_right.jpg,2184,right,0,0,1,0,0,0,0,False,False,0,0,0
2187_right.jpg,2187,right,0,0,1,0,0,0,0,False,False,0,0,0
2189_right.jpg,2189,right,0,0,1,0,0,0,0,False,False,0,0,0
2190_right.jpg,2190,right,0,0,1,0,0,0,0,False,False,0,0,0
2191_right.jpg,2191,right,0,0,1,0,0,0,0,False,False,0,0,0
2192_right.jpg,2192,right,0,0,1,0,0,0,0,False,False,0,0,0
2193_right.jpg,2193,right,0,0,1,0,0,0,0,False,False,0,0,0
2194_right.jpg,2194,right,0,0,1,0,0,0,0,False,False,0,0,0
2195_right.jpg,2195,right,0,0,1,0,0,0,0,False,False,0,0,0
2196_right.jpg,2196,right,0,0,1,0,0,0,0,False,False,0,0,0
2198_right.jpg,2198,right,0,0,1,0,0,0,0,False,False,0,0,0
2200_right.jpg,2200,right,1,0,1,0,0,1,2,False,True,0,0,1
2203_right.jpg,2203,right,0,0,1,0,0,0,0,False,False,0,0,0
2204_right.jpg,2204,right,0,0,1,0,0,0,0,False,False,0,0,1
2205_right.jpg,2205,right,0,0,1,0,0,0,0,False,False,0,0,0
2207_right.jpg,2207,right,0,0,1,0,0,0,0,False,False,0,0,0
2208_right.jpg,2208,right,0,0,1,0,0,0,0,False,False,0,0,0
2209_right.jpg,2209,right,0,0,1,0,0,0,0,False,False,0,0,0
2210_right.jpg,2210,right,0,0,1,0,0,0,0,False,False,0,0,0
2213_right.jpg,2213,right,0,0,1,0,0,0,0,False,False,0,0,0
2215_right.jpg,2215,right,0,0,1,0,0,0,0,False,False,0,0,0
2216_right.jpg,2216,right,0,0,1,0,0,0,0,False,False,0,0,0
2217_right.jpg,2217,right,0,0,1,0,0,0,0,False,False,0,0,0
2220_right.jpg,2220,right,1,0,1,0,0,0,0,False,False,0,0,0
2221_right.jpg,2221,right,0,0,1,0,0,0,0,False,False,0,0,0
2222_right.jpg,2222,right,0,0,1,0,0,0,0,False,False,0,0,1
2225_right.jpg,2225,right,0,0,1,0,0,0,0,False,False,0,0,0
2231_right.jpg,2231,right,0,0,1,0,0,0,0,False,False,0,0,0
2233_right.jpg,2233,right,0,0,1,0,0,0,0,False,False,0,0,0
2235_right.jpg,2235,right,0,0,1,0,0,0,0,False,False,0,0,0
2236_right.jpg,2236,right,0,0,1,0,0,0,0,False,False,0,0,0
2237_right.jpg,2237,right,0,0,1,0,0,0,0,False,False,0,0,0
2239_right.jpg,2239,right,0,0,1,0,0,0,0,False,False,0,0,0
2240_right.jpg,2240,right,0,0,1,0,0,0,0,False,False,0,0,0
2242_right.jpg,2242,right,0,0,1,0,0,0,0,False,False,0,0,0
2246_right.jpg,2246,right,0,0,1,0,0,0,0,False,False,0,0,0
2248_right.jpg,2248,right,0,0,1,0,0,0,0,False,False,0,0,0
2251_right.jpg,2251,right,0,0,1,0,0,0,0,False,False,0,0,0
2282_right.jpg,2282,right,1,0,1,0,0,0,0,False,False,0,0,1
2329_right.jpg,2329,right,0,0,0,0,0,0,0,False,False,1,0,0
2331_right.jpg,2331,right,0,0,0,0,0,0,0,False,False,1,0,0
2332_right.jpg,2332,right,0,0,0,0,0,0,0,False,False,1,0,0
2333_right.jpg,2333,right,0,0,0,0,0,0,0,False,False,1,0,0
2334_right.jpg,2334,right,0,0,0,0,0,0,0,False,False,1,0,0
2335_right.jpg,2335,right,0,0,0,0,0,0,0,False,False,1,0,0
2336_right.jpg,2336,right,0,0,0,0,0,0,0,False,False,1,0,0
2341_right.jpg,2341,right,0,0,0,0,0,0,0,False,False,1,0,0
2343_right.jpg,2343,right,0,0,0,0,0,0,0,False,False,1,0,0
2346_right.jpg,2346,right,0,0,0,0,0,0,0,False,False,1,0,0
2347_right.jpg,2347,right,0,0,0,0,0,0,0,False,False,1,0,0
2348_right.jpg,2348,right,0,0,0,0,0,0,0,False,False,1,0,0
2349_right.jpg,2349,right,0,0,0,0,0,0,0,False,False,1,0,0
2353_right.jpg,2353,right,0,0,0,0,0,0,0,False,False,1,0,0
2354_right.jpg,2354,right,0,0,0,0,0,0,0,False,False,1,0,0
2356_right.jpg,2356,right,0,0,0,0,0,0,0,False,False,1,0,0
2357_right.jpg,2357,right,0,0,0,0,0,0,0,False,False,1,0,0
2360_right.jpg,2360,right,0,0,0,0,0,0,0,False,False,1,0,0
2361_right.jpg,2361,right,0,0,0,0,0,0,0,False,False,1,0,0
2363_right.jpg,2363,right,0,0,0,0,0,0,0,False,False,1,0,0
2364_right.jpg,2364,right,0,0,0,0,0,0,0,False,False,1,0,0
2365_right.jpg,2365,right,0,0,0,0,0,0,0,False,False,1,0,0
2366_right.jpg,2366,right,0,0,0,0,0,0,0,False,False,1,0,0
2369_right.jpg,2369,right,0,0,0,0,0,0,0,False,False,1,0,0
2371_right.jpg,2371,right,0,0,0,0,0,0,0,False,False,1,0,0
2373_right.jpg,2373,right,0,0,0,0,0,0,0,False,False,1,0,0
2374_right.jpg,2374,right,0,0,0,0,0,0,0,False,False,1,0,0
2376_right.jpg,2376,right,0,0,0,0,0,0,0,False,False,1,0,0
2379_right.jpg,2379,right,0,0,0,0,0,0,0,False,False,1,0,0
2380_right.jpg,2380,right,0,0,0,0,0,0,0,False,False,1,0,0
2382_right.jpg,2382,right,0,0,0,0,0,0,0,False,False,1,0,0
2385_right.jpg,2385,right,0,0,0,0,0,0,0,False,False,1,0,0
2386_right.jpg,2386,right,0,0,0,0,0,0,0,False,False,1,0,0
2387_right.jpg,2387,right,0,0,0,0,0,0,0,False,False,1,0,0
2388_right.jpg,2388,right,0,0,0,0,0,0,0,False,False,1,0,0
2390_right.jpg,2390,right,0,0,0,0,0,0,0,False,False,1,0,0
2392_right.jpg,2392,right,0,0,0,0,0,0,0,False,False,1,0,0
2393_right.jpg,2393,right,0,0,0,0,0,0,0,False,False,1,0,0
2394_right.jpg,2394,right,0,0,0,0,0,0,0,False,False,1,0,0
2395_right.jpg,2395,right,0,0,0,0,0,0,0,False,False,1,0,0
2396_right.jpg,2396,right,0,0,0,0,0,0,0,False,False,1,0,0
2397_right.jpg,2397,right,0,0,0,0,0,0,0,False,False,1,0,0
2398_right.jpg,2398,right,0,0,0,0,0,0,0,False,False,1,0,0
2400_right.jpg,2400,right,0,0,0,0,0,0,0,False,False,1,0,0
2401_right.jpg,2401,right,0,0,0,0,0,0,0,False,False,1,0,0
2402_right.jpg,2402,right,0,0,0,0,0,0,0,False,False,1,0,0
2403_right.jpg,2403,right,0,0,0,0,0,0,0,False,False,1,0,0
2404_right.jpg,2404,right,0,0,0,0,0,0,0,False,False,1,0,0
2406_right.jpg,2406,right,0,0,0,0,0,0,0,False,False,1,0,0
2408_right.jpg,2408,right,0,0,0,0,0,0,0,False,False,1,0,0
2410_right.jpg,2410,right,0,0,0,0,0,0,0,False,False,1,0,0
2411_right.jpg,2411,right,0,0,0,0,0,0,0,False,False,1,0,0
2412_right.jpg,2412,right,0,0,0,0,0,0,0,False,False,1,0,0
2413_right.jpg,2413,right,0,0,0,0,0,0,0,False,False,1,0,0
2414_right.jpg,2414,right,0,0,0,0,0,0,0,False,False,1,0,0
2416_right.jpg,2416,right,0,0,0,0,0,0,0,False,False,1,0,0
2417_right.jpg,2417,right,0,0,0,0,0,0,0,False,False,1,0,0
2419_right.jpg,2419,right,0,0,0,0,0,0,0,False,False,1,0,0
2424_right.jpg,2424,right,0,0,0,0,0,0,0,False,False,1,0,0
2425_right.jpg,2425,right,0,0,0,0,0,0,0,False,False,1,0,0
2426_right.jpg,2426,right,0,0,0,0,0,0,0,False,False,1,0,0
2430_right.jpg,2430,right,0,0,0,0,0,0,0,False,False,1,0,0
2432_right.jpg,2432,right,0,0,0,0,0,0,0,False,False,1,0,0
2433_right.jpg,2433,right,0,0,0,0,0,0,0,False,False,1,0,0
2434_right.jpg,2434,right,0,0,0,0,0,0,0,False,False,1,0,0
2437_right.jpg,2437,right,0,0,0,0,0,0,0,False,False,1,0,0
2439_right.jpg,2439,right,0,0,0,0,0,0,0,False,False,1,0,0
2441_right.jpg,2441,right,0,0,0,0,0,0,0,False,False,1,0,0
2442_right.jpg,2442,right,0,0,0,0,0,0,0,False,False,1,0,0
2446_right.jpg,2446,right,0,0,0,0,0,0,0,False,False,1,0,0
2447_right.jpg,2447,right,0,0,0,0,0,0,0,False,False,1,0,0
2449_right.jpg,2449,right,0,0,0,0,0,0,0,False,False,1,0,0
2451_right.jpg,2451,right,0,0,0,0,0,0,0,False,False,1,0,0
2456_right.jpg,2456,right,0,0,0,0,0,0,0,False,False,1,0,0
2457_right.jpg,2457,right,0,0,0,0,0,0,0,False,False,1,0,0
2458_right.jpg,2458,right,0,0,0,0,0,0,0,False,False,1,0,0
2460_right.jpg,2460,right,0,0,0,0,0,0,0,False,False,1,0,0
2461_right.jpg,2461,right,0,0,0,0,0,0,0,False,False,1,0,0
2462_right.jpg,2462,right,0,0,0,0,0,0,0,False,False,1,0,0
2463_right.jpg,2463,right,0,0,0,0,0,0,0,False,False,1,0,0
2465_right.jpg,2465,right,0,0,0,0,0,0,0,False,False,1,0,0
2469_right.jpg,2469,right,0,0,0,0,0,0,0,False,False,1,0,0
2470_right.jpg,2470,right,0,0,0,0,0,0,0,False,False,1,0,0
2471_right.jpg,2471,right,0,0,0,0,0,0,0,False,False,1,0,0
2476_right.jpg,2476,right,0,0,0,0,0,0,0,False,False,1,0,0
2479_right.jpg,2479,right,0,0,0,0,0,0,0,False,False,1,0,0
2480_right.jpg,2480,right,0,0,0,0,0,0,0,False,False,1,0,0
2481_right.jpg,2481,right,0,0,0,0,0,0,0,False,False,1,0,0
2483_right.jpg,2483,right,0,0,0,0,0,0,0,False,False,1,0,0
2484_right.jpg,2484,right,0,0,0,0,0,0,0,False,False,1,0,0
2485_right.jpg,2485,right,0,0,0,0,0,0,0,False,False,1,0,0
2486_right.jpg,2486,right,0,0,0,0,0,0,0,False,False,1,0,0
2487_right.jpg,2487,right,0,0,0,0,0,0,0,False,False,1,0,0
2488_right.jpg,2488,right,0,0,0,0,0,0,0,False,False,1,0,0
2490_right.jpg,2490,right,0,0,0,0,0,0,0,False,False,1,0,0
2492_right.jpg,2492,right,0,0,0,0,0,0,0,False,False,1,0,0
2495_right.jpg,2495,right,0,0,0,0,0,0,0,False,False,1,0,0
2497_right.jpg,2497,right,0,0,0,0,0,0,0,False,False,1,0,0
2499_right.jpg,2499,right,0,0,0,0,0,0,0,False,False,1,0,0
2500_right.jpg,2500,right,0,0,0,0,0,0,0,False,False,1,0,0
2501_right.jpg,2501,right,0,0,0,0,0,0,0,False,False,1,0,0
2502_right.jpg,2502,right,0,0,0,0,0,0,0,False,False,1,0,0
2503_right.jpg,2503,right,0,0,0,0,0,0,0,False,False,1,0,0
2504_right.jpg,2504,right,0,0,0,0,0,0,0,False,False,1,0,0
2506_right.jpg,2506,right,0,0,0,0,0,0,0,False,False,1,0,0
2507_right.jpg,2507,right,0,0,0,0,0,0,0,False,False,1,0,0
2509_right.jpg,2509,right,0,0,0,0,0,0,0,False,False,1,0,0
2511_right.jpg,2511,right,0,0,0,0,0,0,0,False,False,1,0,0
2512_right.jpg,2512,right,0,0,0,0,0,0,0,False,False,1,0,0
2518_right.jpg,2518,right,0,0,0,0,0,0,0,False,False,1,0,0
2519_right.jpg,2519,right,0,0,0,0,0,0,0,False,False,1,0,0
2520_right.jpg,2520,right,0,0,0,0,0,0,0,False,False,1,0,0
2521_right.jpg,2521,right,0,0,0,0,0,0,0,False,False,1,0,0
2523_right.jpg,2523,right,0,0,0,0,0,0,0,False,False,1,0,0
2524_right.jpg,2524,right,0,0,0,0,0,0,0,False,False,1,0,0
2525_right.jpg,2525,right,0,0,0,0,0,0,0,False,False,1,0,0
2528_right.jpg,2528,right,0,0,0,0,0,0,0,False,False,1,0,0
2529_right.jpg,2529,right,0,0,0,0,0,0,0,False,False,1,0,0
2530_right.jpg,2530,right,0,0,0,0,0,0,0,False,False,1,0,0
2531_right.jpg,2531,right,0,0,0,0,0,0,0,False,False,1,0,0
2532_right.jpg,2532,right,0,0,0,0,0,0,0,False,False,1,0,0
2534_right.jpg,2534,right,0,0,0,0,0,0,0,False,False,1,0,0
2535_right.jpg,2535,right,0,0,0,0,0,0,0,False,False,1,0,0
2539_right.jpg,2539,right,0,0,0,0,0,0,0,False,False,1,0,0
2540_right.jpg,2540,right,0,0,0,0,0,0,0,False,False,1,0,0
2542_right.jpg,2542,right,0,0,0,0,0,0,0,False,False,1,0,0
2544_right.jpg,2544,right,0,0,0,0,0,0,0,False,False,1,0,0
2545_right.jpg,2545,right,0,0,0,0,0,0,0,False,False,1,0,0
2547_right.jpg,2547,right,0,0,0,0,0,0,0,False,False,1,0,0
2548_right.jpg,2548,right,0,0,0,0,0,0,0,False,False,1,0,0
2549_right.jpg,2549,right,0,0,0,0,0,0,0,False,False,1,0,0
2554_right.jpg,2554,right,0,0,0,0,0,0,0,False,False,1,0,0
2555_right.jpg,2555,right,0,0,0,0,0,0,0,False,False,1,0,0
2558_right.jpg,2558,right,0,0,0,0,0,0,0,False,False,1,0,0
2560_right.jpg,2560,right,0,0,0,0,0,0,0,False,False,1,0,0
2561_right.jpg,2561,right,0,0,0,0,0,0,0,False,False,1,0,0
2562_right.jpg,2562,right,0,0,0,0,0,0,0,False,False,1,0,0
2563_right.jpg,2563,right,0,0,0,0,0,0,0,False,False,1,0,0
2564_right.jpg,2564,right,0,0,0,0,0,0,0,False,False,1,0,0
2565_right.jpg,2565,right,0,0,0,0,0,0,0,False,False,1,0,0
2566_right.jpg,2566,right,0,0,0,0,0,0,0,False,False,1,0,0
2567_right.jpg,2567,right,0,0,0,0,0,0,0,False,False,1,0,0
2569_right.jpg,2569,right,0,0,0,0,0,0,0,False,False,1,0,0
2570_right.jpg,2570,right,0,0,0,0,0,0,0,False,False,1,0,0
2574_right.jpg,2574,right,0,0,0,0,0,0,0,False,False,1,0,0
2577_right.jpg,2577,right,0,0,0,0,0,0,0,False,False,1,0,0
2579_right.jpg,2579,right,0,0,0,0,0,0,0,False,False,1,0,0
2580_right.jpg,2580,right,0,0,0,0,0,0,0,False,False,1,0,0
2583_right.jpg,2583,right,0,0,0,0,0,0,0,False,False,1,0,0
2585_right.jpg,2585,right,0,0,0,0,0,0,0,False,False,1,0,0
2586_right.jpg,2586,right,0,0,0,0,0,0,0,False,False,1,0,0
2587_right.jpg,2587,right,0,0,0,0,0,0,0,False,False,1,0,0
2588_right.jpg,2588,right,0,0,0,0,0,0,0,False,False,1,0,0
2589_right.jpg,2589,right,0,0,0,0,0,0,0,False,False,1,0,0
2590_right.jpg,2590,right,0,0,0,0,0,0,0,False,False,1,0,0
2591_right.jpg,2591,right,0,0,0,0,0,0,0,False,False,1,0,0
2592_right.jpg,2592,right,0,0,0,0,0,0,0,False,False,1,0,0
2594_right.jpg,2594,right,0,0,0,0,0,0,0,False,False,1,0,0
2595_right.jpg,2595,right,0,0,0,0,0,0,0,False,False,1,0,0
2598_right.jpg,2598,right,0,0,0,0,0,0,0,False,False,1,0,0
2599_right.jpg,2599,right,0,0,0,0,0,0,0,False,False,1,0,0
2601_right.jpg,2601,right,0,0,0,0,0,0,0,False,False,1,0,0
2602_right.jpg,2602,right,0,0,0,0,0,0,0,False,False,1,0,0
2603_right.jpg,2603,right,0,0,0,0,0,0,0,False,False,1,0,0
2604_right.jpg,2604,right,0,0,0,0,0,0,0,False,False,1,0,0
2608_right.jpg,2608,right,0,0,0,0,0,0,0,False,False,1,0,0
2609_right.jpg,2609,right,0,0,0,0,0,0,0,False,False,1,0,0
2610_right.jpg,2610,right,0,0,0,0,0,0,0,False,False,1,0,0
2611_right.jpg,2611,right,0,0,0,0,0,0,0,False,False,1,0,0
2612_right.jpg,2612,right,0,0,0,0,0,0,0,False,False,1,0,0
2613_right.jpg,2613,right,0,0,0,0,0,0,0,False,False,1,0,0
2614_right.jpg,2614,right,0,0,0,0,0,0,0,False,False,1,0,0
2616_right.jpg,2616,right,0,0,0,0,0,0,0,False,False,1,0,0
2617_right.jpg,2617,right,0,0,0,0,0,0,0,False,False,1,0,0
2618_right.jpg,2618,right,0,0,0,0,0,0,0,False,False,1,0,0
2626_right.jpg,2626,right,0,0,0,0,0,0,0,False,False,1,0,0
2628_right.jpg,2628,right,0,0,0,0,0,0,0,False,False,1,0,0
2631_right.jpg,2631,right,0,0,0,0,0,0,0,False,False,1,0,0
2632_right.jpg,2632,right,0,0,0,0,0,0,0,False,False,1,0,0
2633_right.jpg,2633,right,0,0,0,0,0,0,0,False,False,1,0,0
2634_right.jpg,2634,right,0,0,0,0,0,0,0,False,False,1,0,0
2636_right.jpg,2636,right,0,0,0,0,0,0,0,False,False,1,0,0
2637_right.jpg,2637,right,0,0,0,0,0,0,0,False,False,1,0,0
2638_right.jpg,2638,right,0,0,0,0,0,0,0,False,False,1,0,0
2639_right.jpg,2639,right,0,0,0,0,0,0,0,False,False,1,0,0
2640_right.jpg,2640,right,0,0,0,0,0,0,0,False,False,1,0,0
2641_right.jpg,2641,right,0,0,0,0,0,0,0,False,False,1,0,0
2644_right.jpg,2644,right,0,0,0,0,0,0,0,False,False,1,0,0
2646_right.jpg,2646,right,0,0,0,0,0,0,0,False,False,1,0,0
2647_right.jpg,2647,right,0,0,0,0,0,0,0,False,False,1,0,0
2649_right.jpg,2649,right,0,0,0,0,0,0,0,False,False,1,0,0
2651_right.jpg,2651,right,0,0,0,0,0,0,0,False,False,1,0,0
2652_right.jpg,2652,right,0,0,0,0,0,0,0,False,False,1,0,0
2654_right.jpg,2654,right,0,0,0,0,0,0,0,False,False,1,0,0
2655_right.jpg,2655,right,0,0,0,0,0,0,0,False,False,1,0,0
2658_right.jpg,2658,right,0,0,0,0,0,0,0,False,False,1,0,0
2659_right.jpg,2659,right,0,0,0,0,0,0,0,False,False,1,0,0
2660_right.jpg,2660,right,0,0,0,0,0,0,0,False,False,1,0,0
2665_right.jpg,2665,right,0,0,0,0,0,0,0,False,False,1,0,0
2666_right.jpg,2666,right,0,0,0,0,0,0,0,False,False,1,0,0
2669_right.jpg,2669,right,0,0,0,0,0,0,0,False,False,1,0,0
2670_right.jpg,2670,right,0,0,0,0,0,0,0,False,False,1,0,0
2675_right.jpg,2675,right,0,0,0,0,0,0,0,False,False,1,0,0
2676_right.jpg,2676,right,0,0,0,0,0,0,0,False,False,1,0,0
2677_right.jpg,2677,right,0,0,0,0,0,0,0,False,False,1,0,0
2679_right.jpg,2679,right,0,0,0,0,0,0,0,False,False,1,0,0
2682_right.jpg,2682,right,0,0,0,0,0,0,0,False,False,1,0,0
2684_right.jpg,2684,right,0,0,0,0,0,0,0,False,False,1,0,0
2685_right.jpg,2685,right,0,0,0,0,0,0,0,False,False,1,0,0
2687_right.jpg,2687,right,0,0,0,0,0,0,0,False,False,1,0,0
2688_right.jpg,2688,right,0,0,0,0,0,0,0,False,False,1,0,0
2689_right.jpg,2689,right,0,0,0,0,0,0,0,False,False,1,0,0
2690_right.jpg,2690,right,0,0,0,0,0,0,0,False,False,1,0,0
2693_right.jpg,2693,right,0,0,0,0,0,0,0,False,False,1,0,0
2695_right.jpg,2695,right,0,0,0,0,0,0,0,False,False,1,0,0
2696_right.jpg,2696,right,0,0,0,0,0,0,0,False,False,1,0,0
2703_right.jpg,2703,right,0,0,0,0,0,0,0,False,False,1,0,0
2704_right.jpg,2704,right,0,0,0,0,0,0,0,False,False,1,0,0
2706_right.jpg,2706,right,0,0,0,0,0,0,0,False,False,1,0,0
2708_right.jpg,2708,right,0,0,0,0,0,0,0,False,False,1,0,0
2709_right.jpg,2709,right,0,0,0,0,0,0,0,False,False,1,0,0
2711_right.jpg,2711,right,0,0,0,0,0,0,0,False,False,1,0,0
2712_right.jpg,2712,right,0,0,0,0,0,0,0,False,False,1,0,0
2713_right.jpg,2713,right,0,0,0,0,0,0,0,False,False,1,0,0
2714_right.jpg,2714,right,0,0,0,0,0,0,0,False,False,1,0,0
2716_right.jpg,2716,right,0,0,0,0,0,0,0,False,False,1,0,0
2717_right.jpg,2717,right,0,0,0,0,0,0,0,False,False,1,0,0
2718_right.jpg,2718,right,0,0,0,0,0,0,0,False,False,1,0,0
2720_right.jpg,2720,right,0,0,0,0,0,0,0,False,False,1,0,0
2722_right.jpg,2722,right,0,0,0,0,0,0,0,False,False,1,0,0
2723_right.jpg,2723,right,0,0,0,0,0,0,0,False,False,1,0,0
2730_right.jpg,2730,right,0,0,0,0,0,0,0,False,False,1,0,0
2731_right.jpg,2731,right,0,0,0,0,0,0,0,False,False,1,0,0
2732_right.jpg,2732,right,0,0,0,0,0,0,0,False,False,1,0,0
2733_right.jpg,2733,right,0,0,0,0,0,0,0,False,False,1,0,0
2737_right.jpg,2737,right,0,0,0,0,0,0,0,False,False,1,0,0
2738_right.jpg,2738,right,0,0,0,0,0,0,0,False,False,1,0,0
2742_right.jpg,2742,right,0,0,0,0,0,0,0,False,False,1,0,0
2743_right.jpg,2743,right,0,0,0,0,0,0,0,False,False,1,0,0
2744_right.jpg,2744,right,0,0,0,0,0,0,0,False,False,1,0,0
2745_right.jpg,2745,right,0,0,0,0,0,0,0,False,False,1,0,0
2746_right.jpg,2746,right,0,0,0,0,0,0,0,False,False,1,0,0
2748_right.jpg,2748,right,0,0,0,0,0,0,0,False,False,1,0,0
2749_right.jpg,2749,right,0,0,0,0,0,0,0,False,False,1,0,0
2755_right.jpg,2755,right,0,0,0,0,0,0,0,False,False,1,0,0
2756_right.jpg,2756,right,0,0,0,0,0,0,0,False,False,1,0,0
2758_right.jpg,2758,right,0,0,0,0,0,0,0,False,False,1,0,0
2762_right.jpg,2762,right,0,0,0,0,0,0,0,False,False,1,0,0
2763_right.jpg,2763,right,0,0,0,0,0,0,0,False,False,1,0,0
2764_right.jpg,2764,right,0,0,0,0,0,0,0,False,False,1,0,0
2768_right.jpg,2768,right,0,0,0,0,0,0,0,False,False,1,0,0
2769_right.jpg,2769,right,0,0,0,0,0,0,0,False,False,1,0,0
2770_right.jpg,2770,right,0,0,0,0,0,0,0,False,False,1,0,0
2771_right.jpg,2771,right,0,0,0,0,0,0,0,False,False,1,0,0
2772_right.jpg,2772,right,0,0,0,0,0,0,0,False,False,1,0,0
2774_right.jpg,2774,right,0,0,0,0,0,0,0,False,False,1,0,0
2775_right.jpg,2775,right,0,0,0,0,0,0,0,False,False,1,0,0
2776_right.jpg,2776,right,0,0,0,0,0,0,0,False,False,1,0,0
2777_right.jpg,2777,right,0,0,0,0,0,0,0,False,False,1,0,0
2778_right.jpg,2778,right,0,0,0,0,0,0,0,False,False,1,0,0
2781_right.jpg,2781,right,0,0,0,0,0,0,0,False,False,1,0,0
2783_right.jpg,2783,right,0,0,0,0,0,0,0,False,False,1,0,0
2784_right.jpg,2784,right,0,0,0,0,0,0,0,False,False,1,0,0
2786_right.jpg,2786,right,0,0,0,0,0,0,0,False,False,1,0,0
2788_right.jpg,2788,right,0,0,0,0,0,0,0,False,False,1,0,0
2790_right.jpg,2790,right,0,0,0,0,0,0,0,False,False,1,0,0
2791_right.jpg,2791,right,0,0,0,0,0,0,0,False,False,1,0,0
2793_right.jpg,2793,right,0,0,0,0,0,0,0,False,False,1,0,0
2795_right.jpg,2795,right,0,0,0,0,0,0,0,False,False,1,0,0
2796_right.jpg,2796,right,0,0,0,0,0,0,0,False,False,1,0,0
2797_right.jpg,2797,right,0,0,0,0,0,0,0,False,False,1,0,0
2798_right.jpg,2798,right,0,0,0,0,0,0,0,False,False,1,0,0
2799_right.jpg,2799,right,0,0,0,0,0,0,0,False,False,1,0,0
2800_right.jpg,2800,right,0,0,0,0,0,0,0,False,False,1,0,0
2801_right.jpg,2801,right,0,0,0,0,0,0,0,False,False,1,0,0
2802_right.jpg,2802,right,0,0,0,0,0,0,0,False,False,1,0,0
2804_right.jpg,2804,right,0,0,0,0,0,0,0,False,False,1,0,0
2805_right.jpg,2805,right,0,0,0,0,0,0,0,False,False,1,0,0
2807_right.jpg,2807,right,0,0,0,0,0,0,0,False,False,1,0,0
2811_right.jpg,2811,right,0,0,0,0,0,0,0,False,False,1,0,0
2812_right.jpg,2812,right,0,0,0,0,0,0,0,False,False,1,0,0
2813_right.jpg,2813,right,0,0,0,0,0,0,0,False,False,1,0,0
2818_right.jpg,2818,right,0,0,0,0,0,0,0,False,False,1,0,0
2819_right.jpg,2819,right,0,0,0,0,0,0,0,False,False,1,0,0
2821_right.jpg,2821,right,0,0,0,0,0,0,0,False,False,1,0,0
2822_right.jpg,2822,right,0,0,0,0,0,0,0,False,False,1,0,0
2823_right.jpg,2823,right,0,0,0,0,0,0,0,False,False,1,0,0
2824_right.jpg,2824,right,0,0,0,0,0,0,0,False,False,1,0,0
2825_right.jpg,2825,right,0,0,0,0,0,0,0,False,False,1,0,0
2827_right.jpg,2827,right,0,0,0,0,0,0,0,False,False,1,0,0
2828_right.jpg,2828,right,0,0,0,0,0,0,0,False,False,1,0,0
2829_right.jpg,2829,right,0,0,0,0,0,0,0,False,False,1,0,0
2830_right.jpg,2830,right,0,0,0,0,0,0,0,False,False,1,0,0
2832_right.jpg,2832,right,0,0,0,0,0,0,0,False,False,1,0,0
2833_right.jpg,2833,right,0,0,0,0,0,0,0,False,False,1,0,0
2835_right.jpg,2835,right,0,0,0,0,0,0,0,False,False,1,0,0
2836_right.jpg,2836,right,0,0,0,0,0,0,0,False,False,1,0,0
2838_right.jpg,2838,right,0,0,0,0,0,0,0,False,False,1,0,0
2841_right.jpg,2841,right,0,0,0,0,0,0,0,False,False,1,0,0
2842_right.jpg,2842,right,0,0,0,0,0,0,0,False,False,1,0,0
2843_right.jpg,2843,right,0,0,0,0,0,0,0,False,False,1,0,0
2844_right.jpg,2844,right,0,0,0,0,0,0,0,False,False,1,0,0
2846_right.jpg,2846,right,0,0,0,0,0,0,0,False,False,1,0,0
2847_right.jpg,2847,right,0,0,0,0,0,0,0,False,False,1,0,0
2848_right.jpg,2848,right,0,0,0,0,0,0,0,False,False,1,0,0
2849_right.jpg,2849,right,0,0,0,0,0,0,0,False,False,1,0,0
2852_right.jpg,2852,right,0,0,0,0,0,0,0,False,False,1,0,0
2854_right.jpg,2854,right,0,0,0,0,0,0,0,False,False,1,0,0
2855_right.jpg,2855,right,0,0,0,0,0,0,0,False,False,1,0,0
2856_right.jpg,2856,right,0,0,0,0,0,0,0,False,False,1,0,0
2857_right.jpg,2857,right,0,0,0,0,0,0,0,False,False,1,0,0
2860_right.jpg,2860,right,0,0,0,0,0,0,0,False,False,1,0,0
2861_right.jpg,2861,right,0,0,0,0,0,0,0,False,False,1,0,0
2862_right.jpg,2862,right,0,0,0,0,0,0,0,False,False,1,0,0
2864_right.jpg,2864,right,0,0,0,0,0,0,0,False,False,1,0,0
2866_right.jpg,2866,right,0,0,0,0,0,0,0,False,False,1,0,0
2867_right.jpg,2867,right,0,0,0,0,0,0,0,False,False,1,0,0
2868_right.jpg,2868,right,0,0,0,0,0,0,0,False,False,1,0,0
2871_right.jpg,2871,right,0,0,0,0,0,0,0,False,False,1,0,0
2874_right.jpg,2874,right,0,0,0,0,0,0,0,False,False,1,0,0
2876_right.jpg,2876,right,0,0,0,0,0,0,0,False,False,1,0,0
2877_right.jpg,2877,right,0,0,0,0,0,0,0,False,False,1,0,0
2878_right.jpg,2878,right,0,0,0,0,0,0,0,False,False,1,0,0
2879_right.jpg,2879,right,0,0,0,0,0,0,0,False,False,1,0,0
2880_right.jpg,2880,right,0,0,0,0,0,0,0,False,False,1,0,0
2881_right.jpg,2881,right,0,0,0,0,0,0,0,False,False,1,0,0
2882_right.jpg,2882,right,0,0,0,0,0,0,0,False,False,1,0,0
2883_right.jpg,2883,right,0,0,0,0,0,0,0,False,False,1,0,0
2885_right.jpg,2885,right,0,0,0,0,0,0,0,False,False,1,0,0
2886_right.jpg,2886,right,0,0,0,0,0,0,0,False,False,1,0,0
2887_right.jpg,2887,right,0,0,0,0,0,0,0,False,False,1,0,0
2890_right.jpg,2890,right,0,0,0,0,0,0,0,False,False,1,0,0
2893_right.jpg,2893,right,0,0,0,0,0,0,0,False,False,1,0,0
2895_right.jpg,2895,right,0,0,0,0,0,0,0,False,False,1,0,0
2897_right.jpg,2897,right,0,0,0,0,0,0,0,False,False,1,0,0
2898_right.jpg,2898,right,0,0,0,0,0,0,0,False,False,1,0,0
2899_right.jpg,2899,right,0,0,0,0,0,0,0,False,False,1,0,0
2902_right.jpg,2902,right,0,0,0,0,0,0,0,False,False,1,0,0
2903_right.jpg,2903,right,0,0,0,0,0,0,0,False,False,1,0,0
2905_right.jpg,2905,right,0,0,0,0,0,0,0,False,False,1,0,0
2908_right.jpg,2908,right,0,0,0,0,0,0,0,False,False,1,0,0
2909_right.jpg,2909,right,0,0,0,0,0,0,0,False,False,1,0,0
2911_right.jpg,2911,right,0,0,0,0,0,0,0,False,False,1,0,0
2915_right.jpg,2915,right,0,0,0,0,0,0,0,False,False,1,0,0
2918_right.jpg,2918,right,0,0,0,0,0,0,0,False,False,1,0,0
2920_right.jpg,2920,right,0,0,0,0,0,0,0,False,False,1,0,0
2923_right.jpg,2923,right,0,0,0,0,0,0,0,False,False,1,0,0
2925_right.jpg,2925,right,0,0,0,0,0,0,0,False,False,1,0,0
2929_right.jpg,2929,right,0,0,0,0,0,0,0,False,False,1,0,0
2930_right.jpg,2930,right,0,0,0,0,0,0,0,False,False,1,0,0
2931_right.jpg,2931,right,0,0,0,0,0,0,0,False,False,1,0,0
2932_right.jpg,2932,right,0,0,0,0,0,0,0,False,False,1,0,0
2933_right.jpg,2933,right,0,0,0,0,0,0,0,False,False,1,0,0
2934_right.jpg,2934,right,0,0,0,0,0,0,0,False,False,1,0,0
2935_right.jpg,2935,right,0,0,0,0,0,0,0,False,False,1,0,0
2936_right.jpg,2936,right,0,0,0,0,0,0,0,False,False,1,0,0
2938_right.jpg,2938,right,0,0,0,0,0,0,0,False,False,1,0,0
2939_right.jpg,2939,right,0,0,0,0,0,0,0,False,False,1,0,0
2940_right.jpg,2940,right,0,0,0,0,0,0,0,False,False,1,0,0
2942_right.jpg,2942,right,0,0,0,0,0,0,0,False,False,1,0,0
2945_right.jpg,2945,right,0,0,0,0,0,0,0,False,False,1,0,0
2946_right.jpg,2946,right,0,0,0,0,0,0,0,False,False,1,0,0
2948_right.jpg,2948,right,0,0,0,0,0,0,0,False,False,1,0,0
2949_right.jpg,2949,right,0,0,0,0,0,0,0,False,False,1,0,0
2951_right.jpg,2951,right,0,0,0,0,0,0,0,False,False,1,0,0
2952_right.jpg,2952,right,0,0,0,0,0,0,0,False,False,1,0,0
2953_right.jpg,2953,right,0,0,0,0,0,0,0,False,False,1,0,0
2955_right.jpg,2955,right,0,0,0,0,0,0,0,False,False,1,0,0
2956_right.jpg,2956,right,0,0,0,0,0,0,0,False,False,1,0,0
2957_right.jpg,2957,right,0,0,0,0,0,0,0,False,False,1,0,0
2958_right.jpg,2958,right,0,0,0,0,0,0,0,False,False,1,0,0
2965_right.jpg,2965,right,0,0,0,0,0,0,0,False,False,1,0,0
2967_right.jpg,2967,right,0,0,0,0,0,0,0,False,False,1,0,0
2969_right.jpg,2969,right,0,0,0,0,0,0,0,False,False,1,0,0
2971_right.jpg,2971,right,0,0,0,0,0,0,0,False,False,1,0,0
2973_right.jpg,2973,right,0,0,0,0,0,0,0,False,False,1,0,0
2975_right.jpg,2975,right,0,0,0,0,0,0,0,False,False,1,0,0
2976_right.jpg,2976,right,0,0,0,0,0,0,0,False,False,1,0,0
2978_right.jpg,2978,right,0,0,0,0,0,0,0,False,False,1,0,0
2981_right.jpg,2981,right,0,0,0,0,0,0,0,False,False,1,0,0
2982_right.jpg,2982,right,0,0,0,0,0,0,0,False,False,1,0,0
2983_right.jpg,2983,right,0,0,0,0,0,0,0,False,False,1,0,0
2984_right.jpg,2984,right,0,0,0,0,0,0,0,False,False,1,0,0
2985_right.jpg,2985,right,0,0,0,0,0,0,0,False,False,1,0,0
2987_right.jpg,2987,right,0,0,0,0,0,0,0,False,False,1,0,0
2989_right.jpg,2989,right,0,0,0,0,0,0,0,False,False,1,0,0
2990_right.jpg,2990,right,0,0,0,0,0,0,0,False,False,1,0,0
2991_right.jpg,2991,right,0,0,0,0,0,0,0,False,False,1,0,0
2994_right.jpg,2994,right,0,0,0,0,0,0,0,False,False,1,0,0
2995_right.jpg,2995,right,0,0,0,0,0,0,0,False,False,1,0,0
2997_right.jpg,2997,right,0,0,0,0,0,0,0,False,False,1,0,0
2998_right.jpg,2998,right,0,0,0,0,0,0,0,False,False,1,0,0
2999_right.jpg,2999,right,0,0,0,0,0,0,0,False,False,1,0,0
3000_right.jpg,3000,right,0,0,0,0,0,0,0,False,False,1,0,0
3002_right.jpg,3002,right,0,0,0,0,0,0,0,False,False,1,0,0
3003_right.jpg,3003,right,0,0,0,0,0,0,0,False,False,1,0,0
3005_right.jpg,3005,right,0,0,0,0,0,0,0,False,False,1,0,0
3007_right.jpg,3007,right,0,0,0,0,0,0,0,False,False,1,0,0
3008_right.jpg,3008,right,0,0,0,0,0,0,0,False,False,1,0,0
3010_right.jpg,3010,right,0,0,0,0,0,0,0,False,False,1,0,0
3011_right.jpg,3011,right,0,0,0,0,0,0,0,False,False,1,0,0
3012_right.jpg,3012,right,0,0,0,0,0,0,0,False,False,1,0,0
3014_right.jpg,3014,right,0,0,0,0,0,0,0,False,False,1,0,0
3018_right.jpg,3018,right,0,0,0,0,0,0,0,False,False,1,0,0
3020_right.jpg,3020,right,0,0,0,0,0,0,0,False,False,1,0,0
3023_right.jpg,3023,right,0,0,0,0,0,0,0,False,False,1,0,0
3026_right.jpg,3026,right,0,0,0,0,0,0,0,False,False,1,0,0
3027_right.jpg,3027,right,0,0,0,0,0,0,0,False,False,1,0,0
3033_right.jpg,3033,right,0,0,0,0,0,0,0,False,False,1,0,0
3034_right.jpg,3034,right,0,0,0,0,0,0,0,False,False,1,0,0
3035_right.jpg,3035,right,0,0,0,0,0,0,0,False,False,1,0,0
3036_right.jpg,3036,right,0,0,0,0,0,0,0,False,False,1,0,0
3037_right.jpg,3037,right,0,0,0,0,0,0,0,False,False,1,0,0
3038_right.jpg,3038,right,0,0,0,0,0,0,0,False,False,1,0,0
3039_right.jpg,3039,right,0,0,0,0,0,0,0,False,False,1,0,0
3041_right.jpg,3041,right,0,0,0,0,0,0,0,False,False,1,0,0
3042_right.jpg,3042,right,0,0,0,0,0,0,0,False,False,1,0,0
3043_right.jpg,3043,right,0,0,0,0,0,0,0,False,False,1,0,0
3044_right.jpg,3044,right,0,0,0,0,0,0,0,False,False,1,0,0
3046_right.jpg,3046,right,0,0,0,0,0,0,0,False,False,1,0,0
3047_right.jpg,3047,right,0,0,0,0,0,0,0,False,False,1,0,0
3048_right.jpg,3048,right,0,0,0,0,0,0,0,False,False,1,0,0
3050_right.jpg,3050,right,0,0,0,0,0,0,0,False,False,1,0,0
3051_right.jpg,3051,right,0,0,0,0,0,0,0,False,False,1,0,0
3052_right.jpg,3052,right,0,0,0,0,0,0,0,False,False,1,0,0
3054_right.jpg,3054,right,0,0,0,0,0,0,0,False,False,1,0,0
3056_right.jpg,3056,right,0,0,0,0,0,0,0,False,False,1,0,0
3057_right.jpg,3057,right,0,0,0,0,0,0,0,False,False,1,0,0
3058_right.jpg,3058,right,0,0,0,0,0,0,0,False,False,1,0,0
3061_right.jpg,3061,right,0,0,0,0,0,0,0,False,False,1,0,0
3062_right.jpg,3062,right,0,0,0,0,0,0,0,False,False,1,0,0
3063_right.jpg,3063,right,0,0,0,0,0,0,0,False,False,1,0,0
3064_right.jpg,3064,right,0,0,0,0,0,0,0,False,False,1,0,0
3065_right.jpg,3065,right,0,0,0,0,0,0,0,False,False,1,0,0
3067_right.jpg,3067,right,0,0,0,0,0,0,0,False,False,1,0,0
3068_right.jpg,3068,right,0,0,0,0,0,0,0,False,False,1,0,0
3070_right.jpg,3070,right,0,0,0,0,0,0,0,False,False,1,0,0
3072_right.jpg,3072,right,0,0,0,0,0,0,0,False,False,1,0,0
3073_right.jpg,3073,right,0,0,0,0,0,0,0,False,False,1,0,0
3074_right.jpg,3074,right,0,0,0,0,0,0,0,False,False,1,0,0
3076_right.jpg,3076,right,0,0,0,0,0,0,0,False,False,1,0,0
3078_right.jpg,3078,right,0,0,0,0,0,0,0,False,False,1,0,0
3082_right.jpg,3082,right,0,0,0,0,0,0,0,False,False,1,0,0
3083_right.jpg,3083,right,0,0,0,0,0,0,0,False,False,1,0,0
3084_right.jpg,3084,right,0,0,0,0,0,0,0,False,False,1,0,0
3085_right.jpg,3085,right,0,0,0,0,0,0,0,False,False,1,0,0
3088_right.jpg,3088,right,0,0,0,0,0,0,0,False,False,1,0,0
3090_right.jpg,3090,right,0,0,0,0,0,0,0,False,False,1,0,0
3091_right.jpg,3091,right,0,0,0,0,0,0,0,False,False,1,0,0
3092_right.jpg,3092,right,0,0,0,0,0,0,0,False,False,1,0,0
3093_right.jpg,3093,right,0,0,0,0,0,0,0,False,False,1,0,0
3095_right.jpg,3095,right,0,0,0,0,0,0,0,False,False,1,0,0
3097_right.jpg,3097,right,0,0,0,0,0,0,0,False,False,1,0,0
3098_right.jpg,3098,right,0,0,0,0,0,0,0,False,False,1,0,0
3101_right.jpg,3101,right,0,0,0,0,0,0,0,False,False,1,0,0
3104_right.jpg,3104,right,0,0,0,0,0,0,0,False,False,1,0,0
3105_right.jpg,3105,right,0,0,0,0,0,0,0,False,False,1,0,0
3109_right.jpg,3109,right,0,0,0,0,0,0,0,False,False,1,0,0
3111_right.jpg,3111,right,0,0,0,0,0,0,0,False,False,1,0,0
3114_right.jpg,3114,right,0,0,0,0,0,0,0,False,False,1,0,0
3116_right.jpg,3116,right,0,0,0,0,0,0,0,False,False,1,0,0
3117_right.jpg,3117,right,0,0,0,0,0,0,0,False,False,1,0,0
3122_right.jpg,3122,right,0,0,0,0,0,0,0,False,False,1,0,0
3123_right.jpg,3123,right,0,0,0,0,0,0,0,False,False,1,0,0
3124_right.jpg,3124,right,0,0,0,0,0,0,0,False,False,1,0,0
3126_right.jpg,3126,right,0,0,0,0,0,0,0,False,False,1,0,0
3127_right.jpg,3127,right,0,0,0,0,0,0,0,False,False,1,0,0
3128_right.jpg,3128,right,0,0,0,0,0,0,0,False,False,1,0,0
3129_right.jpg,3129,right,0,0,0,0,0,0,0,False,False,1,0,0
3132_right.jpg,3132,right,0,0,0,0,0,0,0,False,False,1,0,0
3134_right.jpg,3134,right,0,0,0,0,0,0,0,False,False,1,0,0
3137_right.jpg,3137,right,0,0,0,0,0,0,0,False,False,1,0,0
3138_right.jpg,3138,right,0,0,0,0,0,0,0,False,False,1,0,0
3140_right.jpg,3140,right,0,0,0,0,0,0,0,False,False,1,0,0
3141_right.jpg,3141,right,0,0,0,0,0,0,0,False,False,1,0,0
3146_right.jpg,3146,right,0,0,0,0,0,0,0,False,False,1,0,0
3147_right.jpg,3147,right,0,0,0,0,0,0,0,False,False,1,0,0
3150_right.jpg,3150,right,0,0,0,0,0,0,0,False,False,1,0,0
3151_right.jpg,3151,right,0,0,0,0,0,0,0,False,False,1,0,0
3152_right.jpg,3152,right,0,0,0,0,0,0,0,False,False,1,0,0
3153_right.jpg,3153,right,0,0,0,0,0,0,0,False,False,1,0,0
3157_right.jpg,3157,right,0,0,0,0,0,0,0,False,False,1,0,0
3160_right.jpg,3160,right,0,0,0,0,0,0,0,False,False,1,0,0
3161_right.jpg,3161,right,0,0,0,0,0,0,0,False,False,1,0,0
3162_right.jpg,3162,right,0,0,0,0,0,0,0,False,False,1,0,0
3163_right.jpg,3163,right,0,0,0,0,0,0,0,False,False,1,0,0
3164_right.jpg,3164,right,0,0,0,0,0,0,0,False,False,1,0,0
3165_right.jpg,3165,right,0,0,0,0,0,0,0,False,False,1,0,0
3166_right.jpg,3166,right,0,0,0,0,0,0,0,False,False,1,0,0
3167_right.jpg,3167,right,0,0,0,0,0,0,0,False,False,1,0,0
3170_right.jpg,3170,right,0,0,0,0,0,0,0,False,False,1,0,0
3171_right.jpg,3171,right,0,0,0,0,0,0,0,False,False,1,0,0
3173_right.jpg,3173,right,0,0,0,0,0,0,0,False,False,1,0,0
3176_right.jpg,3176,right,0,0,0,0,0,0,0,False,False,1,0,0
3177_right.jpg,3177,right,0,0,0,0,0,0,0,False,False,1,0,0
3178_right.jpg,3178,right,0,0,0,0,0,0,0,False,False,1,0,0
3179_right.jpg,3179,right,0,0,0,0,0,0,0,False,False,1,0,0
3180_right.jpg,3180,right,0,0,0,0,0,0,0,False,False,1,0,0
3182_right.jpg,3182,right,0,0,0,0,0,0,0,False,False,1,0,0
3183_right.jpg,3183,right,0,0,0,0,0,0,0,False,False,1,0,0
3184_right.jpg,3184,right,0,0,0,0,0,0,0,False,False,1,0,0
3187_right.jpg,3187,right,0,0,0,0,0,0,0,False,False,1,0,0
3188_right.jpg,3188,right,0,0,0,0,0,0,0,False,False,1,0,0
3189_right.jpg,3189,right,0,0,0,0,0,0,0,False,False,1,0,0
3190_right.jpg,3190,right,0,0,0,0,0,0,0,False,False,1,0,0
3191_right.jpg,3191,right,0,0,0,0,0,0,0,False,False,1,0,0
3192_right.jpg,3192,right,0,0,0,0,0,0,0,False,False,1,0,0
3194_right.jpg,3194,right,0,0,0,0,0,0,0,False,False,1,0,0
3195_right.jpg,3195,right,0,0,0,0,0,0,0,False,False,1,0,0
3197_right.jpg,3197,right,0,0,0,0,0,0,0,False,False,1,0,0
3198_right.jpg,3198,right,0,0,0,0,0,0,0,False,False,1,0,0
3199_right.jpg,3199,right,0,0,0,0,0,0,0,False,False,1,0,0
3200_right.jpg,3200,right,0,0,0,0,0,0,0,False,False,1,0,0
3202_right.jpg,3202,right,0,0,0,0,0,0,0,False,False,1,0,0
3203_right.jpg,3203,right,0,0,0,0,0,0,0,False,False,1,0,0
3205_right.jpg,3205,right,0,0,0,0,0,0,0,False,False,1,0,0
3206_right.jpg,3206,right,0,0,0,0,0,0,0,False,False,1,0,0
3207_right.jpg,3207,right,0,0,0,0,0,0,0,False,False,1,0,0
3208_right.jpg,3208,right,0,0,0,0,0,0,0,False,False,1,0,0
3210_right.jpg,3210,right,0,0,0,0,0,0,0,False,False,1,0,0
3212_right.jpg,3212,right,0,0,0,0,0,0,0,False,False,1,0,0
3215_right.jpg,3215,right,0,0,0,0,0,0,0,False,False,1,0,0
3216_right.jpg,3216,right,0,0,0,0,0,0,0,False,False,1,0,0
3217_right.jpg,3217,right,0,0,0,0,0,0,0,False,False,1,0,0
3218_right.jpg,3218,right,0,0,0,0,0,0,0,False,False,1,0,0
3219_right.jpg,3219,right,0,0,0,0,0,0,0,False,False,1,0,0
3222_right.jpg,3222,right,0,0,0,0,0,0,0,False,False,1,0,0
3226_right.jpg,3226,right,0,0,0,0,0,0,0,False,False,1,0,0
3229_right.jpg,3229,right,0,0,0,0,0,0,0,False,False,1,0,0
3230_right.jpg,3230,right,0,0,0,0,0,0,0,False,False,1,0,0
3232_right.jpg,3232,right,0,0,0,0,0,0,0,False,False,1,0,0
3234_right.jpg,3234,right,0,0,0,0,0,0,0,False,False,1,0,0
3235_right.jpg,3235,right,0,0,0,0,0,0,0,False,False,1,0,0
3236_right.jpg,3236,right,0,0,0,0,0,0,0,False,False,1,0,0
3237_right.jpg,3237,right,0,0,0,0,0,0,0,False,False,1,0,0
3239_right.jpg,3239,right,0,0,0,0,0,0,0,False,False,1,0,0
3242_right.jpg,3242,right,0,0,0,0,0,0,0,False,False,1,0,0
3243_right.jpg,3243,right,0,0,0,0,0,0,0,False,False,1,0,0
3246_right.jpg,3246,right,0,0,0,0,0,0,0,False,False,1,0,0
3248_right.jpg,3248,right,0,0,0,0,0,0,0,False,False,1,0,0
3249_right.jpg,3249,right,0,0,0,0,0,0,0,False,False,1,0,0
3250_right.jpg,3250,right,0,0,0,0,0,0,0,False,False,1,0,0
3253_right.jpg,3253,right,0,0,0,0,0,0,0,False,False,1,0,0
3256_right.jpg,3256,right,0,0,0,0,0,0,0,False,False,1,0,0
3258_right.jpg,3258,right,0,0,0,0,0,0,0,False,False,1,0,0
3259_right.jpg,3259,right,0,0,0,0,0,0,0,False,False,1,0,0
3262_right.jpg,3262,right,0,0,0,0,0,0,0,False,False,1,0,0
3264_right.jpg,3264,right,0,0,0,0,0,0,0,False,False,1,0,0
3267_right.jpg,3267,right,0,0,0,0,0,0,0,False,False,1,0,0
3268_right.jpg,3268,right,0,0,0,0,0,0,0,False,False,1,0,0
3269_right.jpg,3269,right,0,0,0,0,0,0,0,False,False,1,0,0
3270_right.jpg,3270,right,0,0,0,0,0,0,0,False,False,1,0,0
3271_right.jpg,3271,right,0,0,0,0,0,0,0,False,False,1,0,0
3272_right.jpg,3272,right,0,0,0,0,0,0,0,False,False,1,0,0
3273_right.jpg,3273,right,0,0,0,0,0,0,0,False,False,1,0,0
3274_right.jpg,3274,right,0,0,0,0,0,0,0,False,False,1,0,0
3275_right.jpg,3275,right,0,0,0,0,0,0,0,False,False,1,0,0
3276_right.jpg,3276,right,0,0,0,0,0,0,0,False,False,1,0,0
3281_right.jpg,3281,right,0,0,0,0,0,0,0,False,False,1,0,0
3282_right.jpg,3282,right,0,0,0,0,0,0,0,False,False,1,0,0
3285_right.jpg,3285,right,0,0,0,0,0,0,0,False,False,1,0,0
3286_right.jpg,3286,right,0,0,0,0,0,0,0,False,False,1,0,0
3288_right.jpg,3288,right,0,0,0,0,0,0,0,False,False,1,0,0
3289_right.jpg,3289,right,0,0,0,0,0,0,0,False,False,1,0,0
3290_right.jpg,3290,right,0,0,0,0,0,0,0,False,False,1,0,0
3291_right.jpg,3291,right,0,0,0,0,0,0,0,False,False,1,0,0
3294_right.jpg,3294,right,0,0,0,0,0,0,0,False,False,1,0,0
3295_right.jpg,3295,right,0,0,0,0,0,0,0,False,False,1,0,0
3296_right.jpg,3296,right,0,0,0,0,0,0,0,False,False,1,0,0
3297_right.jpg,3297,right,0,0,0,0,0,0,0,False,False,1,0,0
3299_right.jpg,3299,right,0,0,0,0,0,0,0,False,False,1,0,0
3303_right.jpg,3303,right,0,0,0,0,0,0,0,False,False,1,0,0
3304_right.jpg,3304,right,0,0,0,0,0,0,0,False,False,1,0,0
3305_right.jpg,3305,right,0,0,0,0,0,0,0,False,False,1,0,0
3306_right.jpg,3306,right,0,0,0,0,0,0,0,False,False,1,0,0
3307_right.jpg,3307,right,0,0,0,0,0,0,0,False,False,1,0,0
3308_right.jpg,3308,right,0,0,0,0,0,0,0,False,False,1,0,0
3309_right.jpg,3309,right,0,0,0,0,0,0,0,False,False,1,0,0
3310_right.jpg,3310,right,0,0,0,0,0,0,0,False,False,1,0,0
3313_right.jpg,3313,right,0,0,0,0,0,0,0,False,False,1,0,0
3317_right.jpg,3317,right,0,0,0,0,0,0,0,False,False,1,0,0
3318_right.jpg,3318,right,0,0,0,0,0,0,0,False,False,1,0,0
3319_right.jpg,3319,right,0,0,0,0,0,0,0,False,False,1,0,0
3320_right.jpg,3320,right,0,0,0,0,0,0,0,False,False,1,0,0
3321_right.jpg,3321,right,0,0,0,0,0,0,0,False,False,1,0,0
3323_right.jpg,3323,right,0,0,0,0,0,0,0,False,False,1,0,0
3324_right.jpg,3324,right,0,0,0,0,0,0,0,False,False,1,0,0
3327_right.jpg,3327,right,0,0,0,0,0,0,0,False,False,1,0,0
3328_right.jpg,3328,right,0,0,0,0,0,0,0,False,False,1,0,0
3329_right.jpg,3329,right,0,0,0,0,0,0,0,False,False,1,0,0
3330_right.jpg,3330,right,0,0,0,0,0,0,0,False,False,1,0,0
3333_right.jpg,3333,right,0,0,0,0,0,0,0,False,False,1,0,0
3334_right.jpg,3334,right,0,0,0,0,0,0,0,False,False,1,0,0
3335_right.jpg,3335,right,0,0,0,0,0,0,0,False,False,1,0,0
3336_right.jpg,3336,right,0,0,0,0,0,0,0,False,False,1,0,0
3339_right.jpg,3339,right,0,0,0,0,0,0,0,False,False,1,0,0
3343_right.jpg,3343,right,0,0,0,0,0,0,0,False,False,1,0,0
3344_right.jpg,3344,right,0,0,0,0,0,0,0,False,False,1,0,0
3345_right.jpg,3345,right,0,0,0,0,0,0,0,False,False,1,0,0
3346_right.jpg,3346,right,0,0,0,0,0,0,0,False,False,1,0,0
3347_right.jpg,3347,right,0,0,0,0,0,0,0,False,False,1,0,0
3350_right.jpg,3350,right,0,0,0,0,0,0,0,False,False,1,0,0
3351_right.jpg,3351,right,0,0,0,0,0,0,0,False,False,1,0,0
3352_right.jpg,3352,right,0,0,0,0,0,0,0,False,False,1,0,0
3355_right.jpg,3355,right,0,0,0,0,0,0,0,False,False,1,0,0
3356_right.jpg,3356,right,0,0,0,0,0,0,0,False,False,1,0,0
3358_right.jpg,3358,right,0,0,0,0,0,0,0,False,False,1,0,0
3360_right.jpg,3360,right,0,0,0,0,0,0,0,False,False,1,0,0
3361_right.jpg,3361,right,0,0,0,0,0,0,0,False,False,1,0,0
3362_right.jpg,3362,right,0,0,0,0,0,0,0,False,False,1,0,0
3365_right.jpg,3365,right,0,0,0,0,0,0,0,False,False,1,0,0
3366_right.jpg,3366,right,0,0,0,0,0,0,0,False,False,1,0,0
3367_right.jpg,3367,right,0,0,0,0,0,0,0,False,False,1,0,0
3370_right.jpg,3370,right,0,0,0,0,0,0,0,False,False,1,0,0
3371_right.jpg,3371,right,0,0,0,0,0,0,0,False,False,1,0,0
3372_right.jpg,3372,right,0,0,0,0,0,0,0,False,False,1,0,0
3373_right.jpg,3373,right,0,0,0,0,0,0,0,False,False,1,0,0
3375_right.jpg,3375,right,0,0,0,0,0,0,0,False,False,1,0,0
3376_right.jpg,3376,right,0,0,0,0,0,0,0,False,False,1,0,0
3377_right.jpg,3377,right,0,0,0,0,0,0,0,False,False,1,0,0
3379_right.jpg,3379,right,0,0,0,0,0,0,0,False,False,1,0,0
3381_right.jpg,3381,right,0,0,0,0,0,0,0,False,False,1,0,0
3382_right.jpg,3382,right,0,0,0,0,0,0,0,False,False,1,0,0
3383_right.jpg,3383,right,0,0,0,0,0,0,0,False,False,1,0,0
3384_right.jpg,3384,right,0,0,0,0,0,0,0,False,False,1,0,0
3385_right.jpg,3385,right,0,0,0,0,0,0,0,False,False,1,0,0
3386_right.jpg,3386,right,0,0,0,0,0,0,0,False,False,1,0,0
3387_right.jpg,3387,right,0,0,0,0,0,0,0,False,False,1,0,0
3388_right.jpg,3388,right,0,0,0,0,0,0,0,False,False,1,0,0
3389_right.jpg,3389,right,0,0,0,0,0,0,0,False,False,1,0,0
3390_right.jpg,3390,right,0,0,0,0,0,0,0,False,False,1,0,0
3393_right.jpg,3393,right,0,0,0,0,0,0,0,False,False,1,0,0
3394_right.jpg,3394,right,0,0,0,0,0,0,0,False,False,1,0,0
3395_right.jpg,3395,right,0,0,0,0,0,0,0,False,False,1,0,0
3399_right.jpg,3399,right,0,0,0,0,0,0,0,False,False,1,0,0
3400_right.jpg,3400,right,0,0,0,0,0,0,0,False,False,1,0,0
3403_right.jpg,3403,right,0,0,0,0,0,0,0,False,False,1,0,0
3406_right.jpg,3406,right,0,0,0,0,0,0,0,False,False,1,0,0
3407_right.jpg,3407,right,0,0,0,0,0,0,0,False,False,1,0,0
3408_right.jpg,3408,right,0,0,0,0,0,0,0,False,False,1,0,0
3409_right.jpg,3409,right,0,0,0,0,0,0,0,False,False,1,0,0
3410_right.jpg,3410,right,0,0,0,0,0,0,0,False,False,1,0,0
3411_right.jpg,3411,right,0,0,0,0,0,0,0,False,False,1,0,0
3412_right.jpg,3412,right,0,0,0,0,0,0,0,False,False,1,0,0
3414_right.jpg,3414,right,0,0,0,0,0,0,0,False,False,1,0,0
3415_right.jpg,3415,right,0,0,0,0,0,0,0,False,False,1,0,0
3416_right.jpg,3416,right,0,0,0,0,0,0,0,False,False,1,0,0
3417_right.jpg,3417,right,0,0,0,0,0,0,0,False,False,1,0,0
3420_right.jpg,3420,right,0,0,0,0,0,0,0,False,False,1,0,0
3421_right.jpg,3421,right,0,0,0,0,0,0,0,False,False,1,0,0
3422_right.jpg,3422,right,0,0,0,0,0,0,0,False,False,1,0,0
3423_right.jpg,3423,right,0,0,0,0,0,0,0,False,False,1,0,0
3424_right.jpg,3424,right,0,0,0,0,0,0,0,False,False,1,0,0
3426_right.jpg,3426,right,0,0,0,0,0,0,0,False,False,1,0,0
3427_right.jpg,3427,right,0,0,0,0,0,0,0,False,False,1,0,0
3428_right.jpg,3428,right,0,0,0,0,0,0,0,False,False,1,0,0
3429_right.jpg,3429,right,0,0,0,0,0,0,0,False,False,1,0,0
3432_right.jpg,3432,right,0,0,0,0,0,0,0,False,False,1,0,0
3433_right.jpg,3433,right,0,0,0,0,0,0,0,False,False,1,0,0
3434_right.jpg,3434,right,0,0,0,0,0,0,0,False,False,1,0,0
3437_right.jpg,3437,right,0,0,0,0,0,0,0,False,False,1,0,0
3439_right.jpg,3439,right,0,0,0,0,0,0,0,False,False,1,0,0
3440_right.jpg,3440,right,0,0,0,0,0,0,0,False,False,1,0,0
3442_right.jpg,3442,right,0,0,0,0,0,0,0,False,False,1,0,0
3443_right.jpg,3443,right,0,0,0,0,0,0,0,False,False,1,0,0
3444_right.jpg,3444,right,0,0,0,0,0,0,0,False,False,1,0,0
3445_right.jpg,3445,right,0,0,0,0,0,0,0,False,False,1,0,0
3448_right.jpg,3448,right,0,0,0,0,0,0,0,False,False,1,0,0
3485_right.jpg,3485,right,0,0,0,0,0,0,0,False,False,1,0,0
3932_right.jpg,3932,right,1,0,0,0,0,1,1,False,False,0,0,0
3934_right.jpg,3934,right,1,0,0,0,0,1,2,False,False,0,0,0
3935_right.jpg,3935,right,1,0,0,0,0,1,1,False,False,0,0,0
3937_right.jpg,3937,right,1,0,0,0,0,1,2,False,False,0,0,0
3939_right.jpg,3939,right,1,0,0,0,1,1,3,False,False,0,0,0
3943_right.jpg,3943,right,1,0,0,0,0,0,0,False,False,0,0,0
3944_right.jpg,3944,right,1,0,0,0,0,1,2,False,False,0,0,0
3949_right.jpg,3949,right,1,0,0,0,0,1,2,False,False,0,0,0
3950_right.jpg,3950,right,1,0,0,0,0,1,1,False,False,0,0,0
3951_right.jpg,3951,right,1,0,0,0,1,0,0,False,False,0,0,0
3952_right.jpg,3952,right,1,0,0,0,0,1,2,False,False,0,0,0
3954_right.jpg,3954,right,1,0,0,0,0,0,0,False,False,0,0,0
3955_right.jpg,3955,right,1,0,0,0,0,1,2,False,False,0,0,0
3956_right.jpg,3956,right,1,0,0,0,0,1,2,False,False,0,0,0
3957_right.jpg,3957,right,1,0,0,0,0,1,1,False,False,0,0,0
3961_right.jpg,3961,right,1,0,0,0,0,1,1,False,False,0,0,0
3962_right.jpg,3962,right,1,0,0,0,0,1,2,False,False,0,0,0
3965_right.jpg,3965,right,1,0,0,0,0,1,2,False,False,0,0,0
3969_right.jpg,3969,right,1,0,0,0,0,1,1,False,False,0,0,0
3970_right.jpg,3970,right,1,0,0,0,0,1,1,False,False,0,0,0
3971_right.jpg,3971,right,1,0,0,0,0,1,2,False,False,0,0,0
3972_right.jpg,3972,right,1,0,0,0,0,1,3,False,False,0,0,0
3973_right.jpg,3973,right,1,0,0,0,0,1,3,False,False,0,0,0
3976_right.jpg,3976,right,1,0,0,0,0,1,2,False,False,0,0,0
3977_right.jpg,3977,right,1,0,0,0,0,0,0,False,False,0,0,0
3978_right.jpg,3978,right,1,0,0,0,0,1,1,False,False,0,0,0
3980_right.jpg,3980,right,1,0,0,0,0,1,2,False,False,0,0,0
3981_right.jpg,3981,right,1,0,0,0,1,1,2,False,False,0,0,0
3982_right.jpg,3982,right,1,0,0,0,1,1,2,False,False,0,0,0
3983_right.jpg,3983,right,1,0,0,0,0,1,1,False,False,0,0,0
3985_right.jpg,3985,right,1,0,0,0,0,1,1,False,False,0,0,0
3993_right.jpg,3993,right,1,0,0,0,0,1,2,False,False,0,0,0
3995_right.jpg,3995,right,1,0,0,0,0,1,2,False,False,0,0,0
3997_right.jpg,3997,right,1,0,0,0,0,1,3,False,False,0,0,0
4001_right.jpg,4001,right,1,0,0,0,0,1,2,False,False,0,0,0
4002_right.jpg,4002,right,1,0,0,0,0,1,4,False,False,0,0,0
4003_right.jpg,4003,right,1,0,0,0,0,1,1,False,False,0,0,0
4005_right.jpg,4005,right,1,0,0,0,0,1,1,False,False,0,0,0
4007_right.jpg,4007,right,1,0,0,0,0,1,1,False,False,0,0,0
4009_right.jpg,4009,right,1,0,0,0,0,1,2,False,False,0,0,0
4012_right.jpg,4012,right,1,0,0,0,1,1,1,False,False,0,0,0
4014_right.jpg,4014,right,1,0,0,0,0,1,2,False,False,0,0,0
4015_right.jpg,4015,right,1,0,0,0,0,1,2,False,False,0,0,0
4020_right.jpg,4020,right,1,0,0,0,0,0,0,False,False,0,0,0
4023_right.jpg,4023,right,1,0,0,0,0,1,1,False,False,0,0,0
4024_right.jpg,4024,right,1,0,0,0,0,1,1,False,False,0,0,0
4026_right.jpg,4026,right,1,0,0,0,0,1,1,False,False,0,0,0
4029_right.jpg,4029,right,1,0,0,0,0,1,2,False,False,0,0,0
4030_right.jpg,4030,right,1,0,0,0,0,1,2,False,False,0,0,0
4033_right.jpg,4033,right,1,0,0,0,0,1,2,False,False,0,0,0
4034_right.jpg,4034,right,1,0,0,0,0,1,2,False,False,0,0,0
4035_right.jpg,4035,right,1,0,0,0,0,1,1,False,False,0,0,0
4036_right.jpg,4036,right,1,0,0,0,0,1,1,False,False,0,0,0
4037_right.jpg,4037,right,1,0,0,0,1,1,2,False,False,0,0,0
4038_right.jpg,4038,right,1,0,0,0,0,1,1,False,False,0,0,0
4039_right.jpg,4039,right,1,0,0,0,0,1,1,False,False,0,0,0
4040_right.jpg,4040,right,1,0,0,0,0,1,2,False,False,0,0,0
4041_right.jpg,4041,right,1,0,0,0,0,1,2,False,False,0,0,0
4043_right.jpg,4043,right,1,0,0,0,0,1,3,False,False,0,0,0
4044_right.jpg,4044,right,1,0,0,0,0,1,2,False,False,0,0,0
4045_right.jpg,4045,right,1,0,0,0,0,1,1,False,False,0,0,0
4047_right.jpg,4047,right,1,0,0,0,0,1,1,False,False,0,0,0
4048_right.jpg,4048,right,1,0,0,0,0,1,1,False,False,0,0,0
4049_right.jpg,4049,right,1,0,0,0,0,1,2,False,False,0,0,0
4051_right.jpg,4051,right,1,0,0,0,0,1,2,False,False,0,0,0
4052_right.jpg,4052,right,1,0,0,0,0,0,0,False,False,0,0,0
4053_right.jpg,4053,right,1,0,0,0,0,1,1,False,False,0,0,0
4054_right.jpg,4054,right,1,0,0,0,0,1,2,False,False,0,0,0
4055_right.jpg,4055,right,1,0,0,0,1,1,1,False,False,0,0,0
4059_right.jpg,4059,right,1,0,0,0,0,1,1,False,False,0,0,0
4060_right.jpg,4060,right,1,0,0,0,0,1,1,False,False,0,0,0
4061_right.jpg,4061,right,1,0,0,0,0,1,2,False,False,0,0,0
4063_right.jpg,4063,right,1,0,0,0,0,0,0,False,False,0,0,0
4064_right.jpg,4064,right,1,0,0,0,0,1,1,False,False,0,0,0
4067_right.jpg,4067,right,1,0,0,0,0,0,0,False,False,0,0,0
4068_right.jpg,4068,right,1,0,0,1,0,1,2,False,False,0,0,0
4069_right.jpg,4069,right,1,0,0,0,0,1,1,False,False,0,0,0
4071_right.jpg,4071,right,1,0,0,0,0,1,2,False,False,0,0,0
4072_right.jpg,4072,right,1,0,0,0,1,1,2,False,False,0,0,0
4073_right.jpg,4073,right,1,0,0,0,0,1,4,False,False,0,0,0
4074_right.jpg,4074,right,1,0,0,0,0,0,0,False,False,0,0,0
4076_right.jpg,4076,right,1,0,0,0,0,1,1,False,False,0,0,0
4077_right.jpg,4077,right,1,0,0,0,1,0,0,False,False,0,0,0
4078_right.jpg,4078,right,1,0,0,0,0,1,1,False,False,0,0,0
4079_right.jpg,4079,right,1,0,0,0,0,1,1,False,False,0,0,0
4080_right.jpg,4080,right,1,0,0,0,0,1,1,False,False,0,0,0
4082_right.jpg,4082,right,1,0,0,0,0,0,0,False,False,0,0,0
4083_right.jpg,4083,right,1,0,0,0,0,1,1,False,False,0,0,0
4084_right.jpg,4084,right,1,0,0,0,0,1,2,False,False,0,0,0
4087_right.jpg,4087,right,1,0,0,0,0,1,1,False,False,0,0,0
4090_right.jpg,4090,right,1,0,0,0,1,1,2,False,False,0,0,0
4093_right.jpg,4093,right,1,0,0,0,0,1,3,False,False,0,0,0
4095_right.jpg,4095,right,1,0,0,0,0,1,2,False,False,0,0,0
4096_right.jpg,4096,right,1,0,0,0,0,1,1,False,False,0,0,0
4098_right.jpg,4098,right,1,0,0,0,0,1,3,False,False,0,0,0
4099_right.jpg,4099,right,1,0,0,0,0,1,2,False,False,0,0,0
4102_right.jpg,4102,right,1,0,0,0,0,1,3,False,False,0,0,0
4105_right.jpg,4105,right,1,0,0,0,0,1,2,False,False,0,0,0
4111_right.jpg,4111,right,1,0,0,0,0,1,2,False,False,0,0,0
4112_right.jpg,4112,right,1,0,0,0,0,1,2,False,False,0,0,0
4113_right.jpg,4113,right,1,0,0,0,0,1,2,False,False,0,0,0
4115_right.jpg,4115,right,1,0,0,0,0,0,0,False,False,0,0,0
4117_right.jpg,4117,right,1,0,0,0,0,1,1,False,False,0,0,0
4120_right.jpg,4120,right,1,0,0,0,1,1,3,False,False,0,0,0
4121_right.jpg,4121,right,1,0,0,0,0,1,2,False,False,0,0,0
4122_right.jpg,4122,right,1,0,0,0,1,1,2,False,False,0,0,0
4123_right.jpg,4123,right,1,0,0,0,0,0,0,False,False,0,0,0
4125_right.jpg,4125,right,1,0,0,0,0,1,1,False,False,0,0,0
4126_right.jpg,4126,right,1,0,0,0,0,1,1,False,False,0,0,0
4127_right.jpg,4127,right,1,0,0,0,0,1,3,False,False,0,0,0
4128_right.jpg,4128,right,1,0,0,0,0,0,0,False,False,0,0,0
4129_right.jpg,4129,right,1,0,0,0,1,1,1,False,False,0,0,0
4130_right.jpg,4130,right,1,0,0,0,0,1,1,False,False,0,0,0
4133_right.jpg,4133,right,1,0,0,0,0,1,2,False,False,0,0,0
4134_right.jpg,4134,right,1,0,0,0,0,1,2,False,False,0,0,0
4136_right.jpg,4136,right,1,0,0,0,0,1,2,False,False,0,0,0
4139_right.jpg,4139,right,1,0,0,0,0,0,0,False,False,0,0,0
4141_right.jpg,4141,right,1,0,0,0,0,1,2,False,False,0,0,0
4142_right.jpg,4142,right,1,0,0,0,1,1,3,False,False,0,0,0
4144_right.jpg,4144,right,1,0,0,0,0,1,2,False,False,0,0,0
4146_right.jpg,4146,right,1,0,0,0,0,1,2,False,False,0,0,0
4147_right.jpg,4147,right,1,0,0,0,0,1,1,False,False,0,0,0
4148_right.jpg,4148,right,1,0,0,0,0,1,2,False,False,0,0,0
4151_right.jpg,4151,right,1,0,0,0,0,1,2,False,False,0,0,0
4152_right.jpg,4152,right,1,0,0,0,0,1,1,False,False,0,0,0
4153_right.jpg,4153,right,1,0,0,0,0,1,1,False,False,0,0,0
4154_right.jpg,4154,right,1,0,0,0,0,1,1,False,False,0,0,0
4155_right.jpg,4155,right,1,0,0,0,0,1,2,False,False,0,0,0
4158_right.jpg,4158,right,1,0,0,0,0,1,2,False,False,0,0,0
4161_right.jpg,4161,right,1,0,0,0,0,1,2,False,False,0,0,0
4162_right.jpg,4162,right,1,0,0,0,0,1,1,False,False,0,0,0
4164_right.jpg,4164,right,1,0,0,0,0,1,2,False,False,0,0,0
4166_right.jpg,4166,right,1,0,0,0,0,1,1,False,False,0,0,0
4167_right.jpg,4167,right,1,0,0,0,0,1,1,False,False,0,0,0
4168_right.jpg,4168,right,1,0,0,0,0,1,2,False,False,0,0,0
4169_right.jpg,4169,right,1,0,0,0,0,1,2,False,False,0,0,0
4172_right.jpg,4172,right,1,0,0,0,0,0,0,False,False,0,0,0
4174_right.jpg,4174,right,1,0,0,0,0,1,2,False,False,0,0,0
4176_right.jpg,4176,right,1,0,0,0,0,1,2,False,False,0,0,0
4177_right.jpg,4177,right,1,0,0,0,0,1,1,False,False,0,0,0
4178_right.jpg,4178,right,1,0,0,0,0,1,2,False,False,0,0,0
4179_right.jpg,4179,right,1,0,0,0,0,1,2,False,False,0,0,0
4183_right.jpg,4183,right,1,0,0,0,0,1,2,False,False,0,0,0
4185_right.jpg,4185,right,1,0,0,0,0,1,2,False,False,0,0,0
4188_right.jpg,4188,right,1,0,0,0,0,1,1,False,False,0,0,0
4191_right.jpg,4191,right,1,0,0,0,0,1,3,False,False,0,0,0
4192_right.jpg,4192,right,1,0,0,0,0,1,2,False,False,0,0,0
4193_right.jpg,4193,right,1,0,0,0,0,1,2,False,False,0,0,0
4194_right.jpg,4194,right,1,0,0,0,0,0,0,False,False,0,0,0
4195_right.jpg,4195,right,1,0,0,0,0,1,2,False,False,0,0,0
4196_right.jpg,4196,right,1,0,0,0,0,1,2,False,False,0,0,0
4199_right.jpg,4199,right,1,0,0,0,1,0,0,False,False,0,0,0
4200_right.jpg,4200,right,1,0,0,0,0,1,1,False,False,0,0,0
4201_right.jpg,4201,right,1,0,0,0,0,1,1,False,False,0,0,0
4202_right.jpg,4202,right,1,0,0,0,1,1,2,False,False,0,0,0
4203_right.jpg,4203,right,1,0,0,0,0,1,2,False,False,0,0,0
4206_right.jpg,4206,right,1,0,0,0,0,0,0,False,False,0,0,0
4207_right.jpg,4207,right,1,0,0,0,1,0,0,False,False,0,0,0
4211_right.jpg,4211,right,1,0,0,0,0,1,2,False,False,0,0,0
4215_right.jpg,4215,right,1,0,0,0,1,0,0,False,False,0,0,0
4216_right.jpg,4216,right,1,0,0,0,0,1,3,False,False,0,0,0
4218_right.jpg,4218,right,1,0,0,0,0,1,1,False,False,0,0,0
4224_right.jpg,4224,right,1,0,0,0,0,1,1,False,False,0,0,0
4225_right.jpg,4225,right,1,0,0,0,0,1,1,False,False,0,0,0
4227_right.jpg,4227,right,1,0,0,0,0,1,1,False,False,0,0,0
4230_right.jpg,4230,right,1,0,0,0,0,1,1,False,False,0,0,0
4232_right.jpg,4232,right,1,0,0,0,0,1,2,False,False,0,0,0
4233_right.jpg,4233,right,1,0,0,0,0,1,2,False,False,0,0,0
4234_right.jpg,4234,right,1,0,0,0,0,1,2,False,False,0,0,0
4235_right.jpg,4235,right,1,0,0,0,0,1,2,False,False,0,0,0
4236_right.jpg,4236,right,1,0,0,0,0,1,2,False,False,0,0,0
4237_right.jpg,4237,right,1,0,0,0,0,0,0,False,False,0,0,0
4240_right.jpg,4240,right,1,0,0,0,0,1,2,False,False,0,0,0
4244_right.jpg,4244,right,1,0,0,0,0,1,3,False,False,0,0,0
4246_right.jpg,4246,right,1,0,0,0,0,1,1,False,False,0,0,0
4248_right.jpg,4248,right,1,0,0,0,0,0,0,False,False,0,0,0
4249_right.jpg,4249,right,1,0,0,0,0,1,2,False,False,0,0,0
4250_right.jpg,4250,right,1,0,0,0,0,1,2,False,False,0,0,0
4253_right.jpg,4253,right,1,0,0,0,0,1,1,False,False,0,0,0
4254_right.jpg,4254,right,1,0,0,0,0,1,1,False,False,0,0,0
4258_right.jpg,4258,right,1,0,0,0,0,1,2,False,False,0,0,0
4259_right.jpg,4259,right,1,0,0,0,0,1,2,False,False,0,0,0
4263_right.jpg,4263,right,1,0,0,0,0,1,2,False,False,0,0,0
4266_right.jpg,4266,right,1,0,0,0,0,1,1,False,False,0,0,0
4267_right.jpg,4267,right,1,0,0,0,0,1,1,False,False,0,0,0
4268_right.jpg,4268,right,1,0,0,0,0,1,3,False,False,0,0,0
4270_right.jpg,4270,right,1,0,0,0,0,1,3,False,False,0,0,0
4273_right.jpg,4273,right,1,0,0,0,0,1,2,False,False,0,0,0
4274_right.jpg,4274,right,1,0,0,0,0,0,0,False,False,0,0,0
4275_right.jpg,4275,right,1,0,0,0,0,0,0,False,False,0,0,0
4277_right.jpg,4277,right,1,0,0,0,0,1,2,False,False,0,0,0
4278_right.jpg,4278,right,1,0,0,0,0,1,2,False,False,0,0,0
4279_right.jpg,4279,right,1,0,0,0,0,1,3,False,False,0,0,0
4280_right.jpg,4280,right,1,0,0,0,0,1,3,False,False,0,0,0
4283_right.jpg,4283,right,1,0,0,0,0,1,1,False,False,0,0,0
4285_right.jpg,4285,right,1,0,0,0,0,1,2,False,False,0,0,0
4286_right.jpg,4286,right,1,0,0,0,0,1,1,False,False,0,0,0
4287_right.jpg,4287,right,1,0,0,0,0,1,1,False,False,0,0,0
4288_right.jpg,4288,right,1,0,0,0,0,1,2,False,False,0,0,0
4290_right.jpg,4290,right,0,0,0,0,0,0,0,False,False,1,0,0
4291_right.jpg,4291,right,1,0,0,0,0,1,2,False,False,0,0,0
4292_right.jpg,4292,right,1,0,0,0,0,1,2,False,False,0,0,0
4293_right.jpg,4293,right,1,0,0,0,0,1,1,False,False,0,0,0
4294_right.jpg,4294,right,1,0,0,0,0,1,3,False,False,0,0,0
4295_right.jpg,4295,right,1,0,0,0,0,1,1,False,False,0,0,0
4296_right.jpg,4296,right,1,0,0,0,0,1,2,False,False,0,0,0
4297_right.jpg,4297,right,1,0,0,0,0,1,1,False,False,0,0,0
4298_right.jpg,4298,right,1,0,0,0,0,1,1,False,False,0,0,0
4300_right.jpg,4300,right,1,0,0,0,0,1,2,False,False,0,0,0
4301_right.jpg,4301,right,1,0,0,0,0,1,2,False,False,0,0,0
4302_right.jpg,4302,right,1,0,0,0,0,0,0,False,False,0,0,0
4303_right.jpg,4303,right,1,0,0,0,0,1,2,False,False,0,0,0
4304_right.jpg,4304,right,1,0,0,0,0,1,2,False,False,0,0,0
4307_right.jpg,4307,right,1,0,0,0,0,1,2,False,False,0,0,0
4310_right.jpg,4310,right,1,0,0,0,0,1,3,False,False,0,0,0
4312_right.jpg,4312,right,1,0,0,0,0,1,3,False,False,0,0,0
4313_right.jpg,4313,right,1,0,0,0,0,1,2,False,False,0,0,0
4315_right.jpg,4315,right,1,0,0,0,0,1,1,False,False,0,0,0
4317_right.jpg,4317,right,1,0,0,0,0,1,2,False,False,0,0,0
4320_right.jpg,4320,right,1,0,0,0,0,1,2,False,False,0,0,0
4323_right.jpg,4323,right,1,0,0,0,0,1,3,False,False,0,0,0
4324_right.jpg,4324,right,1,0,0,0,0,1,2,False,False,0,0,0
4325_right.jpg,4325,right,1,0,0,0,0,1,1,False,False,0,0,0
4326_right.jpg,4326,right,1,0,0,0,0,1,3,False,False,0,0,0
4327_right.jpg,4327,right,1,0,0,0,1,0,0,False,False,0,0,0
4328_right.jpg,4328,right,1,0,0,0,0,0,0,False,False,0,0,0
4329_right.jpg,4329,right,1,0,0,0,0,1,1,False,False,0,0,0
4330_right.jpg,4330,right,1,0,0,1,0,1,1,False,False,0,0,0
4332_right.jpg,4332,right,1,0,0,0,0,1,2,False,False,0,0,0
4333_right.jpg,4333,right,1,0,0,0,0,1,1,False,False,0,0,0
4334_right.jpg,4334,right,1,0,0,0,0,1,2,False,False,0,0,0
4336_right.jpg,4336,right,1,0,0,0,0,1,2,False,False,0,0,0
4337_right.jpg,4337,right,1,0,0,0,0,1,2,False,False,0,0,0
4338_right.jpg,4338,right,1,0,0,0,0,0,0,False,False,0,0,0
4339_right.jpg,4339,right,1,0,0,0,0,0,0,False,False,0,0,0
4341_right.jpg,4341,right,1,0,0,0,0,1,3,False,False,0,0,0
4342_right.jpg,4342,right,1,0,0,0,0,1,1,False,False,0,0,0
4343_right.jpg,4343,right,1,0,0,0,0,1,1,False,False,0,0,0
4345_right.jpg,4345,right,1,0,0,0,0,1,1,False,False,0,0,0
4347_right.jpg,4347,right,1,0,0,0,0,1,2,False,False,0,0,0
4348_right.jpg,4348,right,1,0,0,0,0,1,1,False,False,0,0,0
4349_right.jpg,4349,right,1,0,0,0,0,1,2,False,False,0,0,0
4350_right.jpg,4350,right,1,0,0,0,0,1,2,False,False,0,0,0
4351_right.jpg,4351,right,1,0,0,0,0,0,0,False,False,0,0,0
4353_right.jpg,4353,right,1,0,0,0,0,1,2,False,False,0,0,0
4355_right.jpg,4355,right,1,0,0,0,0,1,1,False,False,0,0,0
4356_right.jpg,4356,right,1,0,0,0,0,1,2,False,False,0,0,0
4357_right.jpg,4357,right,1,0,0,0,0,1,2,False,False,0,0,0
4359_right.jpg,4359,right,1,0,0,0,0,1,1,False,False,0,0,0
4361_right.jpg,4361,right,1,0,0,0,0,1,1,False,False,0,0,0
4365_right.jpg,4365,right,1,0,0,0,0,1,2,False,False,0,0,0
4368_right.jpg,4368,right,1,0,0,0,0,1,2,False,False,0,0,0
4371_right.jpg,4371,right,1,0,0,0,0,1,1,False,False,0,0,0
4373_right.jpg,4373,right,1,0,0,0,0,1,1,False,False,0,0,0
4374_right.jpg,4374,right,1,0,0,0,0,1,1,False,False,0,0,0
4375_right.jpg,4375,right,1,0,0,0,0,1,1,False,False,0,0,0
4377_right.jpg,4377,right,1,0,0,0,0,1,1,False,False,0,0,0
4380_right.jpg,4380,right,1,0,0,0,0,1,2,False,False,0,0,0
4383_right.jpg,4383,right,1,0,0,0,0,1,2,False,False,0,0,0
4385_right.jpg,4385,right,1,0,0,0,0,1,3,False,False,0,0,0
4389_right.jpg,4389,right,1,0,0,0,0,0,0,False,False,0,0,0
4391_right.jpg,4391,right,1,0,0,0,0,1,4,False,False,0,0,0
4392_right.jpg,4392,right,1,0,0,0,0,1,1,False,False,0,0,0
4393_right.jpg,4393,right,1,0,0,0,0,1,3,False,False,0,0,0
4395_right.jpg,4395,right,1,0,0,0,0,0,0,False,False,0,0,0
4396_right.jpg,4396,right,1,0,0,0,0,1,1,False,False,0,0,0
4397_right.jpg,4397,right,1,0,0,0,0,1,2,False,False,0,0,0
4398_right.jpg,4398,right,1,0,0,0,0,1,2,False,False,0,0,0
4399_right.jpg,4399,right,1,0,0,0,0,1,2,False,False,0,0,0
4401_right.jpg,4401,right,1,0,0,0,0,1,3,False,False,0,0,0
4402_right.jpg,4402,right,1,0,0,0,0,1,3,False,False,0,0,0
4404_right.jpg,4404,right,1,0,0,0,0,1,2,False,False,0,0,0
4406_right.jpg,4406,right,1,0,0,0,0,1,2,False,False,0,0,0
4407_right.jpg,4407,right,1,0,0,0,0,1,3,False,False,0,0,0
4409_right.jpg,4409,right,1,0,0,0,0,0,0,False,False,0,0,0
4410_right.jpg,4410,right,1,0,0,0,0,1,1,False,False,0,0,0
4412_right.jpg,4412,right,1,0,0,0,0,1,1,False,False,0,0,0
4414_right.jpg,4414,right,1,0,0,0,0,1,1,False,False,0,0,0
4418_right.jpg,4418,right,1,0,0,0,0,1,1,False,False,0,0,0
4419_right.jpg,4419,right,1,0,0,0,0,1,2,False,False,0,0,0
4420_right.jpg,4420,right,1,0,0,0,0,1,2,False,False,0,0,0
4421_right.jpg,4421,right,1,0,0,0,0,1,2,False,False,0,0,0
4422_right.jpg,4422,right,1,0,0,0,0,1,2,False,False,0,0,0
4424_right.jpg,4424,right,1,0,0,0,0,1,2,False,False,0,0,0
4425_right.jpg,4425,right,1,0,0,0,0,1,2,False,False,0,0,0
4428_right.jpg,4428,right,1,0,0,0,0,0,0,False,False,0,0,0
4429_right.jpg,4429,right,1,0,0,0,0,1,2,False,False,0,0,0
4431_right.jpg,4431,right,1,0,0,0,0,1,2,False,False,0,0,0
4432_right.jpg,4432,right,1,0,0,0,0,1,2,False,False,0,0,0
4433_right.jpg,4433,right,1,0,0,0,0,1,1,False,False,0,0,0
4438_right.jpg,4438,right,1,0,0,0,0,1,1,False,False,0,0,0
4439_right.jpg,4439,right,1,0,0,0,0,1,1,False,False,0,0,0
4440_right.jpg,4440,right,1,0,0,0,0,1,2,False,False,0,0,0
4443_right.jpg,4443,right,1,0,0,0,0,1,1,False,False,0,0,0
4444_right.jpg,4444,right,1,0,0,0,0,1,2,False,False,0,0,0
4447_right.jpg,4447,right,1,0,0,0,0,1,2,False,False,0,0,0
4448_right.jpg,4448,right,1,0,0,0,0,1,2,False,False,0,0,0
4450_right.jpg,4450,right,1,0,0,0,0,1,2,False,False,0,0,0
4452_right.jpg,4452,right,1,0,0,0,0,0,0,False,False,0,0,0
4453_right.jpg,4453,right,1,0,0,0,0,0,0,False,False,0,0,0
4455_right.jpg,4455,right,1,0,0,0,0,0,0,False,False,0,0,0
4459_right.jpg,4459,right,1,0,0,0,0,1,1,False,False,0,0,0
4460_right.jpg,4460,right,1,0,0,0,0,1,2,False,False,0,0,1
4461_right.jpg,4461,right,1,0,0,0,0,1,2,False,False,0,0,0
4462_right.jpg,4462,right,1,0,0,0,0,1,2,False,False,0,0,0
4464_right.jpg,4464,right,1,0,0,0,0,1,1,False,False,0,0,0
4465_right.jpg,4465,right,1,0,0,0,0,1,1,False,False,0,0,0
4466_right.jpg,4466,right,1,0,0,0,0,1,2,False,False,0,0,0
4467_right.jpg,4467,right,1,0,0,0,0,1,2,False,False,0,0,0
4468_right.jpg,4468,right,1,0,0,0,0,1,1,False,False,0,0,0
4469_right.jpg,4469,right,1,0,0,0,0,1,1,False,False,0,0,0
4471_right.jpg,4471,right,1,0,0,0,0,1,2,False,False,0,0,0
4472_right.jpg,4472,right,1,0,0,0,0,1,2,False,False,0,0,0
4474_right.jpg,4474,right,1,0,0,0,0,1,2,False,False,0,0,0
4477_right.jpg,4477,right,1,0,0,0,0,1,1,False,False,0,0,0
4478_right.jpg,4478,right,1,0,0,0,1,1,1,False,False,0,0,0
4479_right.jpg,4479,right,1,0,0,0,0,1,2,False,False,0,0,0
4480_right.jpg,4480,right,1,0,0,0,0,1,2,False,False,0,0,0
4484_right.jpg,4484,right,1,0,0,0,0,1,2,False,False,0,0,0
4486_right.jpg,4486,right,1,0,0,0,0,1,1,False,False,0,0,0
4487_right.jpg,4487,right,1,0,0,0,0,1,1,False,False,0,0,0
4488_right.jpg,4488,right,1,0,0,0,0,1,2,False,False,0,0,0
4491_right.jpg,4491,right,1,0,0,0,0,1,1,False,False,0,0,0
4492_right.jpg,4492,right,1,0,0,0,0,1,3,False,False,0,0,0
4493_right.jpg,4493,right,1,0,0,0,0,1,2,False,False,0,0,0
4500_right.jpg,4500,right,1,0,0,0,0,1,1,False,False,0,0,0
4502_right.jpg,4502,right,1,0,0,0,0,1,2,False,False,0,0,0
4504_right.jpg,4504,right,1,0,0,0,0,1,3,False,False,0,0,0
4507_right.jpg,4507,right,1,0,0,0,0,1,1,False,False,0,0,0
4508_right.jpg,4508,right,1,0,0,0,0,1,3,False,False,0,0,0
4509_right.jpg,4509,right,1,0,0,0,0,1,2,False,False,0,0,0
4511_right.jpg,4511,right,1,0,0,0,0,1,2,False,False,0,0,0
4513_right.jpg,4513,right,1,0,0,0,0,1,1,False,False,0,0,0
4515_right.jpg,4515,right,1,0,0,0,0,1,3,False,False,0,0,0
4516_right.jpg,4516,right,1,0,0,0,0,1,1,False,False,0,0,0
4522_right.jpg,4522,right,1,0,0,0,0,1,3,False,False,0,0,0
4523_right.jpg,4523,right,1,0,0,0,0,1,1,False,False,0,0,0
4524_right.jpg,4524,right,1,0,0,0,0,1,2,False,False,0,0,0
4525_right.jpg,4525,right,1,0,0,0,0,1,2,False,False,0,0,0
4527_right.jpg,4527,right,1,0,0,0,0,0,0,False,False,0,0,0
4528_right.jpg,4528,right,1,0,0,0,0,0,0,False,False,0,0,0
4529_right.jpg,4529,right,1,0,0,0,0,1,2,False,False,0,0,0
4530_right.jpg,4530,right,1,0,0,0,0,1,2,False,False,0,0,0
4531_right.jpg,4531,right,1,0,0,0,0,1,2,False,False,0,0,0
4532_right.jpg,4532,right,1,0,0,0,0,1,2,False,False,0,0,0
4533_right.jpg,4533,right,1,0,0,0,0,1,2,False,False,0,0,0
4534_right.jpg,4534,right,1,0,0,0,0,1,2,False,False,0,0,0
4535_right.jpg,4535,right,1,0,0,0,0,1,2,False,False,0,0,0
4536_right.jpg,4536,right,1,0,0,0,0,1,2,False,False,0,0,0
4538_right.jpg,4538,right,1,0,0,0,0,1,2,False,False,0,0,0
4540_right.jpg,4540,right,1,0,0,0,0,1,1,False,False,0,0,0
4541_right.jpg,4541,right,1,0,0,0,0,1,2,False,False,0,0,0
4544_right.jpg,4544,right,1,0,0,0,0,0,0,False,False,0,0,0
4545_right.jpg,4545,right,1,0,0,0,0,1,1,False,False,0,0,0
4547_right.jpg,4547,right,1,0,0,0,0,1,3,False,False,0,0,0
4548_right.jpg,4548,right,1,0,0,0,0,0,0,False,False,0,0,0
4552_right.jpg,4552,right,1,0,0,0,0,1,1,False,False,0,0,0
4555_right.jpg,4555,right,1,0,0,0,0,1,2,False,False,0,0,0
4556_right.jpg,4556,right,1,0,0,0,0,0,0,False,False,0,0,0
4557_right.jpg,4557,right,1,0,0,0,0,1,1,False,False,0,0,0
4560_right.jpg,4560,right,1,0,0,0,0,1,3,False,False,0,0,0
4561_right.jpg,4561,right,1,0,0,0,0,1,1,False,False,0,0,0
4564_right.jpg,4564,right,1,0,0,0,0,1,1,False,False,0,0,0
4565_right.jpg,4565,right,1,0,0,0,0,1,2,False,False,0,0,0
4566_right.jpg,4566,right,1,0,0,0,0,1,2,False,False,0,0,0
4568_right.jpg,4568,right,1,0,0,0,0,1,2,False,False,0,0,0
4570_right.jpg,4570,right,1,0,0,0,0,1,1,False,False,0,0,0
4573_right.jpg,4573,right,1,0,0,0,0,1,2,False,False,0,0,0
4574_right.jpg,4574,right,1,0,0,0,0,1,2,False,False,0,0,0
4575_right.jpg,4575,right,1,0,0,0,0,1,1,False,False,0,0,0
4584_right.jpg,4584,right,1,0,0,0,0,1,1,False,False,0,0,0
4585_right.jpg,4585,right,1,0,0,0,0,1,2,False,False,0,0,0
4586_right.jpg,4586,right,1,0,0,0,0,0,0,False,False,0,0,0
4590_right.jpg,4590,right,1,0,0,0,0,0,0,False,False,0,0,0
4592_right.jpg,4592,right,0,0,0,0,1,0,0,False,False,0,0,0
4593_right.jpg,4593,right,1,0,0,0,0,1,2,False,False,0,0,0
4595_right.jpg,4595,right,1,0,0,0,0,1,1,False,False,0,0,0
4603_right.jpg,4603,right,1,0,0,0,0,1,3,False,False,0,0,0
4604_right.jpg,4604,right,1,0,0,0,0,1,1,False,False,0,0,0
4605_right.jpg,4605,right,1,0,0,0,0,1,2,False,False,0,0,0
4607_right.jpg,4607,right,1,0,0,0,0,1,1,False,False,0,0,0
4608_right.jpg,4608,right,1,0,0,0,0,1,2,False,False,0,0,0
4610_right.jpg,4610,right,1,0,0,0,0,1,2,False,False,0,0,0
4612_right.jpg,4612,right,1,0,0,0,0,1,2,False,False,0,0,0
4613_right.jpg,4613,right,1,0,0,0,0,1,2,False,False,0,0,0
4614_right.jpg,4614,right,1,0,0,0,0,1,1,False,False,0,0,0
4615_right.jpg,4615,right,1,0,0,0,0,1,3,False,False,0,0,0
4617_right.jpg,4617,right,1,0,0,0,0,1,1,False,False,0,0,0
4620_right.jpg,4620,right,1,0,0,0,0,1,3,False,False,0,0,0
4621_right.jpg,4621,right,1,0,0,0,0,1,1,False,False,0,0,0
4622_right.jpg,4622,right,1,0,0,0,0,1,1,False,False,0,0,0
4629_right.jpg,4629,right,1,0,0,0,0,1,2,False,False,0,0,0
4632_right.jpg,4632,right,1,0,0,0,0,1,3,False,False,0,0,0
4633_right.jpg,4633,right,1,0,0,0,0,1,2,False,False,0,0,0
4634_right.jpg,4634,right,1,0,0,0,0,1,1,False,False,0,0,0
4635_right.jpg,4635,right,1,0,0,0,0,1,2,False,False,0,0,0
4639_right.jpg,4639,right,1,0,0,0,0,1,1,False,False,0,0,0
4640_right.jpg,4640,right,1,0,0,0,0,1,1,False,False,0,0,0
4645_right.jpg,4645,right,1,0,0,0,0,1,3,False,False,0,0,0
4647_right.jpg,4647,right,1,0,0,0,0,1,3,False,False,0,0,0
4650_right.jpg,4650,right,1,0,0,0,0,1,2,False,False,0,0,0
4651_right.jpg,4651,right,1,0,0,0,0,1,2,False,False,0,0,0
4653_right.jpg,4653,right,1,0,0,0,0,1,3,False,False,0,0,0
4655_right.jpg,4655,right,1,0,0,0,0,1,1,False,False,0,0,0
4658_right.jpg,4658,right,1,0,0,0,0,1,2,False,False,0,0,0
4660_right.jpg,4660,right,1,0,0,0,0,0,0,False,False,0,0,0
4664_right.jpg,4664,right,1,0,0,0,0,1,2,False,False,0,0,0
4670_right.jpg,4670,right,1,0,0,0,0,1,2,False,False,0,0,0
4671_right.jpg,4671,right,1,0,0,0,0,0,0,False,False,0,0,0
4672_right.jpg,4672,right,1,0,0,0,0,1,1,False,False,0,0,0
4675_right.jpg,4675,right,1,0,0,0,0,1,2,False,False,0,0,0
4677_right.jpg,4677,right,1,0,0,0,0,1,1,False,False,0,0,0
4678_right.jpg,4678,right,1,0,0,0,0,1,1,False,False,0,0,0
4682_right.jpg,4682,right,1,0,0,0,0,1,2,False,False,0,0,0
4688_right.jpg,4688,right,1,0,0,0,0,1,2,False,False,0,0,0
4784_right.jpg,4784,right,0,0,0,1,1,0,0,False,False,0,0,0
1_left.jpg,1,left,0,0,0,0,0,0,0,False,False,1,0,0
3_left.jpg,3,left,0,0,0,0,0,0,0,False,False,0,0,1
4_left.jpg,4,left,1,0,0,0,0,0,0,False,False,0,0,1
5_left.jpg,5,left,1,0,0,0,0,1,2,False,False,0,0,0
6_left.jpg,6,left,1,0,0,0,0,0,0,False,False,0,0,1
7_left.jpg,7,left,1,0,0,0,0,0,0,False,False,0,0,1
8_left.jpg,8,left,0,0,0,0,0,0,0,False,False,1,0,0
9_left.jpg,9,left,0,0,0,0,0,0,0,False,False,0,0,1
10_left.jpg,10,left,0,0,0,0,0,0,0,False,False,0,0,1
11_left.jpg,11,left,1,0,0,0,1,1,2,False,False,0,0,0
13_left.jpg,13,left,0,0,0,0,0,0,0,False,False,0,1,0
14_left.jpg,14,left,0,0,0,0,0,0,0,False,False,0,0,1
16_left.jpg,16,left,0,0,0,0,0,0,0,False,False,0,1,0
17_left.jpg,17,left,0,0,0,0,0,0,0,False,False,0,0,1
19_left.jpg,19,left,1,0,0,0,0,1,1,False,False,0,0,0
23_left.jpg,23,left,0,0,0,0,1,0,0,False,False,0,0,0
24_left.jpg,24,left,0,0,1,0,0,0,0,False,False,0,0,0
25_left.jpg,25,left,0,0,0,0,0,0,0,False,False,0,0,1
29_left.jpg,29,left,0,0,0,0,0,0,0,False,False,0,0,1
31_left.jpg,31,left,0,0,0,0,0,0,0,False,False,0,0,1
32_left.jpg,32,left,0,0,0,0,1,0,0,False,False,0,0,0
41_left.jpg,41,left,1,0,0,0,0,1,2,False,True,0,0,1
42_left.jpg,42,left,0,0,0,0,0,0,0,False,False,0,0,1
43_left.jpg,43,left,0,1,0,1,0,0,0,False,False,0,0,0
45_left.jpg,45,left,0,0,0,0,1,0,0,False,False,0,0,0
47_left.jpg,47,left,1,0,0,0,0,1,2,False,False,0,0,1
51_left.jpg,51,left,0,0,0,0,0,0,0,False,False,0,0,1
53_left.jpg,53,left,0,0,0,1,0,0,0,False,False,0,0,0
54_left.jpg,54,left,1,0,0,0,0,0,0,False,False,0,1,0
59_left.jpg,59,left,0,0,0,0,0,0,0,False,False,0,0,1
62_left.jpg,62,left,0,0,0,0,1,0,0,False,False,0,0,0
64_left.jpg,64,left,1,0,0,0,0,1,-1,False,False,0,0,1
65_left.jpg,65,left,0,0,0,0,0,0,0,False,False,0,0,1
67_left.jpg,67,left,1,0,0,0,0,1,-1,False,False,0,0,0
69_left.jpg,69,left,0,0,0,0,0,0,0,False,False,0,0,1
70_left.jpg,70,left,0,0,0,0,0,0,0,False,False,0,0,1
71_left.jpg,71,left,1,0,0,1,0,1,-1,False,False,0,0,0
73_left.jpg,73,left,0,0,0,0,0,0,0,False,False,0,0,1
77_left.jpg,77,left,1,0,0,0,0,1,2,False,False,0,0,1
81_left.jpg,81,left,1,0,1,0,0,1,2,False,False,0,0,0
84_left.jpg,84,left,0,0,0,0,0,0,0,False,False,1,0,0
88_left.jpg,88,left,0,0,0,0,0,0,0,False,False,0,0,1
91_left.jpg,91,left,0,0,0,0,0,0,0,False,False,0,0,1
92_left.jpg,92,left,0,0,0,0,0,0,0,False,False,0,0,1
93_left.jpg,93,left,1,0,0,0,0,1,2,False,False,0,0,1
94_left.jpg,94,left,1,0,0,0,0,0,0,False,False,0,0,1
96_left.jpg,96,left,1,0,0,0,0,0,0,False,False,0,0,1
97_left.jpg,97,left,0,0,0,0,0,0,0,False,False,0,0,1
98_left.jpg,98,left,0,0,0,0,0,0,0,False,False,0,0,1
99_left.jpg,99,left,0,0,0,0,0,0,0,False,False,0,0,1
101_left.jpg,101,left,0,0,0,0,0,0,0,False,False,0,0,1
102_left.jpg,102,left,0,0,0,1,0,0,0,False,False,0,0,0
103_left.jpg,103,left,0,0,1,0,0,0,0,False,False,0,0,0
105_left.jpg,105,left,0,0,0,0,0,0,0,False,False,0,0,1
106_left.jpg,106,left,0,0,0,0,0,0,0,False,False,0,1,0
107_left.jpg,107,left,1,0,0,0,0,0,0,False,False,0,0,1
110_left.jpg,110,left,0,0,0,0,0,0,0,False,False,0,0,1
112_left.jpg,112,left,0,0,1,0,0,0,0,False,False,0,0,0
117_left.jpg,117,left,0,0,0,0,0,0,0,False,False,0,0,1
119_left.jpg,119,left,0,0,1,0,0,0,0,False,False,0,0,1
120_left.jpg,120,left,1,0,0,0,1,1,4,False,False,0,0,0
121_left.jpg,121,left,1,0,0,0,0,1,1,False,False,0,0,1
123_left.jpg,123,left,1,0,0,0,0,0,0,False,False,0,0,1
125_left.jpg,125,left,0,0,0,0,0,0,0,False,False,0,0,1
126_left.jpg,126,left,0,0,0,1,0,0,0,False,False,0,0,0
127_left.jpg,127,left,1,0,0,0,1,1,4,False,False,0,0,0
130_left.jpg,130,left,1,0,0,0,0,1,2,False,False,0,0,1
133_left.jpg,133,left,1,0,0,0,0,1,2,False,False,0,0,1
135_left.jpg,135,left,0,0,0,0,0,0,0,False,False,0,0,1
136_left.jpg,136,left,0,0,0,1,0,0,0,False,False,0,0,1
137_left.jpg,137,left,1,0,0,0,0,0,0,False,False,0,0,1
138_left.jpg,138,left,0,0,0,0,0,0,0,False,False,0,0,1
139_left.jpg,139,left,1,0,0,0,1,1,3,False,False,0,0,0
140_left.jpg,140,left,0,0,0,0,0,0,0,False,False,0,0,1
142_left.jpg,142,left,0,0,0,0,0,0,0,False,False,0,0,1
145_left.jpg,145,left,0,0,0,0,0,0,0,False,False,0,1,0
146_left.jpg,146,left,0,0,0,0,0,0,0,False,False,0,0,1
148_left.jpg,148,left,1,0,0,0,0,0,0,False,False,0,0,1
150_left.jpg,150,left,0,0,0,0,0,0,0,False,False,0,0,1
152_left.jpg,152,left,0,0,0,1,0,0,0,False,False,0,0,0
153_left.jpg,153,left,0,1,0,1,0,0,0,False,False,0,0,0
156_left.jpg,156,left,0,0,0,0,0,0,0,False,False,0,0,1
157_left.jpg,157,left,1,0,0,0,0,1,2,False,False,0,0,0
160_left.jpg,160,left,0,0,0,1,0,0,0,False,False,0,0,0
161_left.jpg,161,left,1,0,0,0,0,1,1,False,False,0,0,1
163_left.jpg,163,left,1,0,0,0,0,1,1,False,False,0,0,1
164_left.jpg,164,left,0,0,0,1,0,0,0,False,False,0,0,0
165_left.jpg,165,left,0,0,0,0,0,0,0,False,False,0,0,1
166_left.jpg,166,left,0,0,0,0,0,0,0,False,False,0,0,1
168_left.jpg,168,left,0,0,0,1,0,0,0,False,False,0,0,0
169_left.jpg,169,left,1,0,0,0,0,1,2,False,False,0,0,1
170_left.jpg,170,left,0,0,0,0,0,0,0,False,False,0,0,1
172_left.jpg,172,left,0,0,0,0,0,0,0,False,False,0,0,1
174_left.jpg,174,left,0,0,0,0,0,0,0,False,False,0,1,0
175_left.jpg,175,left,1,0,0,0,0,0,0,False,False,0,0,1
176_left.jpg,176,left,1,0,0,0,1,1,2,False,False,0,0,0
179_left.jpg,179,left,0,0,0,0,1,0,0,False,False,0,0,0
180_left.jpg,180,left,0,0,0,0,0,0,0,False,False,0,0,1
181_left.jpg,181,left,0,0,0,0,0,0,0,False,False,0,0,1
184_left.jpg,184,left,1,0,0,0,0,0,0,False,False,0,0,1
193_left.jpg,193,left,1,0,0,0,0,0,0,False,False,0,0,1
194_left.jpg,194,left,0,0,0,0,0,0,0,False,False,0,0,1
197_left.jpg,197,left,0,0,0,0,0,0,0,False,False,0,0,1
199_left.jpg,199,left,1,0,0,0,0,0,0,False,False,0,0,1
202_left.jpg,202,left,1,0,0,0,0,0,0,False,False,0,0,1
204_left.jpg,204,left,0,0,0,0,0,0,0,False,False,0,0,1
207_left.jpg,207,left,1,0,0,0,0,1,1,False,False,0,0,1
212_left.jpg,212,left,1,0,0,1,0,1,-1,False,False,0,0,0
213_left.jpg,213,left,0,0,0,1,0,0,0,False,False,0,0,0
214_left.jpg,214,left,0,0,0,0,0,0,0,False,False,0,1,0
215_left.jpg,215,left,0,0,0,0,0,0,0,False,False,0,0,1
218_left.jpg,218,left,0,0,1,0,0,0,0,False,False,0,0,1
221_left.jpg,221,left,1,0,0,0,0,1,2,False,False,0,0,1
223_left.jpg,223,left,1,0,0,0,0,1,2,False,False,0,0,0
225_left.jpg,225,left,1,0,0,0,0,0,0,False,False,0,1,0
227_left.jpg,227,left,0,0,0,0,0,0,0,False,False,0,0,1
228_left.jpg,228,left,0,0,0,0,0,0,0,False,False,0,0,1
231_left.jpg,231,left,1,0,0,0,0,1,2,False,False,0,0,1
234_left.jpg,234,left,1,0,0,0,0,1,-1,False,False,0,0,0
235_left.jpg,235,left,0,0,0,1,0,0,0,False,False,0,0,0
238_left.jpg,238,left,0,1,0,1,0,0,0,False,False,0,0,0
239_left.jpg,239,left,0,0,0,0,0,0,0,False,False,0,0,1
240_left.jpg,240,left,0,0,0,0,0,0,0,False,False,0,0,1
241_left.jpg,241,left,0,0,0,0,0,0,0,False,False,0,0,1
243_left.jpg,243,left,0,0,0,1,0,0,0,False,False,0,0,0
245_left.jpg,245,left,0,0,0,0,0,0,0,False,False,0,0,1
246_left.jpg,246,left,0,0,0,0,0,0,0,False,False,0,0,1
247_left.jpg,247,left,0,1,0,1,0,0,0,False,False,0,0,0
249_left.jpg,249,left,1,0,0,0,0,1,2,False,False,0,0,0
250_left.jpg,250,left,1,0,0,0,0,1,1,False,False,0,0,1
252_left.jpg,252,left,0,0,0,0,0,0,0,False,False,0,0,1
253_left.jpg,253,left,0,0,0,0,0,0,0,False,False,0,0,1
257_left.jpg,257,left,1,0,0,0,0,1,2,False,False,0,0,1
258_left.jpg,258,left,0,0,0,0,0,0,0,False,False,0,0,1
259_left.jpg,259,left,0,0,0,0,0,0,0,False,False,0,0,1
260_left.jpg,260,left,0,0,0,1,0,0,0,False,False,0,0,0
264_left.jpg,264,left,0,0,0,1,0,0,0,False,False,0,0,0
265_left.jpg,265,left,0,0,0,1,0,0,0,False,False,0,0,0
266_left.jpg,266,left,0,0,0,1,0,0,0,False,False,0,0,0
269_left.jpg,269,left,0,0,0,0,0,0,0,False,False,0,0,1
274_left.jpg,274,left,1,0,0,0,0,1,1,False,False,0,0,1
277_left.jpg,277,left,0,0,0,0,0,0,0,False,False,0,0,1
278_left.jpg,278,left,0,0,0,0,0,0,0,False,False,0,0,1
281_left.jpg,281,left,1,0,0,0,0,1,1,False,False,0,0,1
284_left.jpg,284,left,1,0,0,0,0,1,2,False,False,0,0,0
285_left.jpg,285,left,0,0,0,0,0,0,0,False,False,0,0,1
287_left.jpg,287,left,0,0,0,0,0,0,0,False,False,0,0,1
288_left.jpg,288,left,1,0,0,0,0,1,2,False,False,0,0,1
289_left.jpg,289,left,1,0,0,0,0,1,1,False,False,0,0,1
291_left.jpg,291,left,1,0,0,0,0,0,0,False,False,0,0,1
292_left.jpg,292,left,0,0,0,1,0,0,0,False,False,0,0,0
296_left.jpg,296,left,1,0,0,0,1,1,2,False,False,0,0,0
297_left.jpg,297,left,0,0,0,0,0,0,0,False,False,0,0,1
298_left.jpg,298,left,0,0,0,0,0,0,0,False,False,0,0,1
299_left.jpg,299,left,1,0,0,0,0,1,2,False,False,0,0,1
300_left.jpg,300,left,0,0,0,0,1,0,0,False,False,0,0,0
301_left.jpg,301,left,0,0,0,0,0,0,0,False,False,0,0,1
302_left.jpg,302,left,0,0,0,0,0,0,0,False,False,0,0,1
303_left.jpg,303,left,0,0,0,0,0,0,0,False,False,0,0,1
306_left.jpg,306,left,0,0,0,0,0,0,0,False,False,0,0,1
308_left.jpg,308,left,1,0,0,0,0,1,1,False,False,0,0,1
309_left.jpg,309,left,1,0,0,0,0,1,2,False,False,0,0,0
310_left.jpg,310,left,0,0,0,0,0,0,0,False,False,0,0,1
313_left.jpg,313,left,0,0,0,0,0,0,0,False,False,0,0,1
316_left.jpg,316,left,0,0,0,0,0,0,0,False,False,0,0,1
317_left.jpg,317,left,0,0,0,0,0,0,0,False,False,0,0,1
319_left.jpg,319,left,0,0,0,1,0,0,0,False,False,0,0,0
320_left.jpg,320,left,1,0,0,0,0,1,1,False,False,0,0,1
324_left.jpg,324,left,1,0,0,0,0,1,2,False,True,0,0,1
325_left.jpg,325,left,0,0,0,0,0,0,0,False,False,0,0,1
327_left.jpg,327,left,1,0,0,0,0,1,2,False,False,0,0,0
328_left.jpg,328,left,1,0,0,0,0,1,2,False,False,0,0,1
329_left.jpg,329,left,0,0,0,0,0,0,0,False,False,0,0,1
334_left.jpg,334,left,0,0,0,1,0,0,0,False,False,0,0,0
335_left.jpg,335,left,0,0,0,0,0,0,0,False,False,0,0,1
337_left.jpg,337,left,0,0,0,0,0,0,0,False,False,0,0,1
338_left.jpg,338,left,1,0,0,0,0,1,2,False,False,0,0,1
341_left.jpg,341,left,1,0,0,0,0,1,2,False,False,0,0,1
345_left.jpg,345,left,0,0,1,0,1,0,0,False,False,0,0,0
346_left.jpg,346,left,0,0,0,0,0,0,0,False,False,0,0,1
348_left.jpg,348,left,1,0,0,0,0,1,2,False,False,0,0,0
351_left.jpg,351,left,0,0,0,0,0,0,0,False,False,0,0,1
353_left.jpg,353,left,0,0,0,0,0,0,0,False,False,0,0,1
354_left.jpg,354,left,0,0,1,0,0,0,0,False,False,0,0,0
355_left.jpg,355,left,0,0,0,0,1,0,0,False,False,0,0,0
357_left.jpg,357,left,0,0,0,0,0,0,0,False,False,0,0,1
360_left.jpg,360,left,1,0,0,0,0,0,0,False,False,0,0,1
362_left.jpg,362,left,0,0,0,0,0,0,0,False,False,0,0,1
363_left.jpg,363,left,0,0,0,0,0,0,0,False,False,0,0,1
365_left.jpg,365,left,0,1,0,0,1,0,0,False,False,0,0,0
366_left.jpg,366,left,0,0,0,0,0,0,0,False,False,0,0,1
367_left.jpg,367,left,1,0,0,0,0,0,0,False,False,0,0,1
368_left.jpg,368,left,1,0,0,0,0,1,1,False,False,0,0,1
370_left.jpg,370,left,0,0,0,0,0,0,0,False,False,0,0,1
371_left.jpg,371,left,0,0,0,0,0,0,0,False,False,0,0,1
372_left.jpg,372,left,0,0,0,0,0,0,0,False,True,0,0,1
374_left.jpg,374,left,0,0,0,0,1,0,0,False,False,0,0,0
376_left.jpg,376,left,1,0,0,0,0,0,0,False,False,0,0,1
377_left.jpg,377,left,0,0,0,1,0,0,0,False,False,0,0,0
379_left.jpg,379,left,0,0,0,0,0,0,0,False,False,0,1,0
382_left.jpg,382,left,0,0,0,0,0,0,0,False,False,0,1,0
383_left.jpg,383,left,1,0,0,0,0,1,2,False,False,0,0,1
384_left.jpg,384,left,0,0,0,0,0,0,0,False,False,0,0,1
386_left.jpg,386,left,1,0,0,0,0,1,2,False,False,0,0,1
390_left.jpg,390,left,0,0,0,0,0,0,0,False,False,0,1,0
392_left.jpg,392,left,1,0,0,0,0,0,0,False,False,0,0,1
394_left.jpg,394,left,0,0,0,0,0,0,0,False,False,1,0,0
395_left.jpg,395,left,0,0,0,0,0,0,0,False,False,0,0,1
396_left.jpg,396,left,0,0,0,0,0,0,0,False,False,0,0,1
397_left.jpg,397,left,1,0,0,0,0,0,0,False,False,0,0,1
398_left.jpg,398,left,1,0,0,0,0,0,0,False,False,0,0,1
399_left.jpg,399,left,1,0,0,0,0,1,3,False,False,0,0,1
402_left.jpg,402,left,0,0,0,0,0,0,0,False,False,0,0,1
404_left.jpg,404,left,0,0,0,0,0,0,0,False,False,0,0,1
405_left.jpg,405,left,0,0,0,0,0,0,0,False,False,0,0,1
406_left.jpg,406,left,0,0,0,0,0,0,0,False,False,0,0,1
407_left.jpg,407,left,1,0,0,0,0,0,0,False,False,0,0,1
410_left.jpg,410,left,0,0,0,1,0,0,0,False,False,0,0,1
411_left.jpg,411,left,1,0,0,0,0,1,2,False,False,0,0,0
412_left.jpg,412,left,1,0,0,0,0,1,3,False,False,0,0,0
413_left.jpg,413,left,1,0,0,0,1,1,2,False,False,0,0,0
416_left.jpg,416,left,0,0,0,0,0,0,0,False,False,0,0,1
419_left.jpg,419,left,0,0,0,1,0,0,0,False,False,0,0,0
421_left.jpg,421,left,0,0,0,0,0,0,0,False,False,0,0,1
422_left.jpg,422,left,1,0,0,0,0,1,2,False,False,0,0,1
425_left.jpg,425,left,0,0,0,0,0,0,0,False,False,0,0,1
428_left.jpg,428,left,1,0,0,0,0,1,1,False,False,0,0,1
431_left.jpg,431,left,1,0,0,0,0,0,0,False,False,0,0,1
434_left.jpg,434,left,0,0,0,0,0,0,0,False,False,0,0,1
435_left.jpg,435,left,1,0,0,0,0,1,2,False,False,0,0,1
437_left.jpg,437,left,1,0,0,0,0,0,0,False,False,0,0,1
439_left.jpg,439,left,0,0,0,0,0,0,0,False,False,0,0,1
440_left.jpg,440,left,0,0,0,0,0,0,0,False,False,0,0,1
442_left.jpg,442,left,1,0,0,0,0,1,2,False,False,0,0,0
444_left.jpg,444,left,1,0,0,0,0,1,2,False,False,0,0,1
446_left.jpg,446,left,1,0,0,0,0,1,2,False,False,0,0,1
447_left.jpg,447,left,0,0,0,1,0,0,0,False,False,0,0,0
450_left.jpg,450,left,0,0,0,0,0,0,0,False,False,0,0,1
451_left.jpg,451,left,1,0,0,0,0,0,0,False,False,0,0,1
452_left.jpg,452,left,1,0,0,0,0,0,0,False,False,0,0,1
455_left.jpg,455,left,0,0,0,1,0,0,0,False,False,0,0,0
458_left.jpg,458,left,0,0,0,0,0,0,0,False,False,0,0,1
459_left.jpg,459,left,0,0,0,0,0,0,0,False,False,0,0,1
460_left.jpg,460,left,0,0,0,0,0,0,0,False,False,0,0,1
461_left.jpg,461,left,0,0,0,0,0,0,0,False,False,0,0,1
464_left.jpg,464,left,0,0,0,1,0,0,0,False,False,0,0,0
465_left.jpg,465,left,0,0,1,0,0,0,0,False,False,0,0,1
468_left.jpg,468,left,0,0,0,0,0,0,0,False,False,0,0,1
469_left.jpg,469,left,1,0,0,0,0,1,2,False,False,0,0,0
471_left.jpg,471,left,0,0,0,0,0,0,0,False,False,0,0,1
473_left.jpg,473,left,1,0,0,0,0,1,3,False,False,0,0,1
477_left.jpg,477,left,0,0,1,0,0,0,0,False,False,0,0,0
480_left.jpg,480,left,0,0,0,0,0,0,0,False,False,0,0,1
482_left.jpg,482,left,0,0,0,0,0,0,0,False,False,0,0,1
484_left.jpg,484,left,1,0,0,0,0,1,2,False,False,0,0,1
486_left.jpg,486,left,1,0,0,0,0,1,1,False,False,0,0,0
488_left.jpg,488,left,0,0,0,0,0,0,0,False,False,0,0,1
492_left.jpg,492,left,1,0,0,0,0,1,2,False,False,0,0,0
496_left.jpg,496,left,0,0,0,0,0,0,0,False,False,0,0,1
501_left.jpg,501,left,0,0,0,0,0,0,0,False,False,0,0,1
503_left.jpg,503,left,0,0,0,0,0,0,0,False,False,0,0,1
504_left.jpg,504,left,0,0,0,0,0,0,0,False,False,0,1,0
509_left.jpg,509,left,0,0,0,0,0,0,0,False,False,0,0,1
510_left.jpg,510,left,0,0,0,0,0,0,0,False,False,0,0,1
511_left.jpg,511,left,0,0,0,0,0,0,0,False,False,0,0,1
512_left.jpg,512,left,1,0,0,0,0,1,1,False,False,0,0,1
515_left.jpg,515,left,0,0,0,0,0,0,0,False,False,0,0,1
517_left.jpg,517,left,0,0,0,0,0,0,0,False,False,0,0,1
519_left.jpg,519,left,1,0,0,0,0,1,2,False,False,0,0,1
521_left.jpg,521,left,0,0,0,0,0,0,0,False,False,0,0,1
522_left.jpg,522,left,1,0,0,0,0,0,0,False,False,0,0,1
525_left.jpg,525,left,0,0,0,0,0,0,0,False,False,0,1,0
527_left.jpg,527,left,0,0,0,0,0,0,0,False,False,0,0,1
530_left.jpg,530,left,0,0,0,0,0,0,0,False,False,1,0,0
531_left.jpg,531,left,0,0,0,0,0,0,0,False,False,0,0,1
532_left.jpg,532,left,0,0,0,1,0,0,0,False,False,0,0,0
533_left.jpg,533,left,1,0,0,0,0,1,3,False,False,0,0,0
538_left.jpg,538,left,1,0,0,0,0,1,2,False,False,0,0,1
540_left.jpg,540,left,1,0,0,1,0,0,0,False,False,0,0,0
542_left.jpg,542,left,1,0,0,0,0,1,-1,False,False,0,0,1
543_left.jpg,543,left,1,0,0,0,1,1,1,False,False,0,0,0
544_left.jpg,544,left,1,0,0,0,0,0,0,False,False,0,0,1
545_left.jpg,545,left,0,0,0,0,0,0,0,False,False,0,0,1
546_left.jpg,546,left,1,0,0,0,0,0,0,False,False,0,0,1
547_left.jpg,547,left,0,0,0,1,0,0,0,False,False,0,0,0
549_left.jpg,549,left,1,0,0,0,0,1,2,False,False,0,0,1
550_left.jpg,550,left,1,0,0,0,0,1,2,False,False,0,0,0
551_left.jpg,551,left,1,0,0,0,0,1,3,False,False,0,0,0
553_left.jpg,553,left,0,0,1,0,0,0,0,False,False,0,0,0
554_left.jpg,554,left,0,0,0,0,0,0,0,False,False,0,0,1
555_left.jpg,555,left,0,0,0,0,0,0,0,False,False,0,0,1
558_left.jpg,558,left,1,0,0,0,0,1,1,False,False,0,0,1
559_left.jpg,559,left,0,0,0,0,0,0,0,False,False,0,0,1
560_left.jpg,560,left,0,0,1,0,0,0,0,False,False,0,0,0
562_left.jpg,562,left,1,0,0,0,0,1,3,False,False,0,0,0
563_left.jpg,563,left,1,0,0,0,0,1,2,False,False,0,0,0
564_left.jpg,564,left,0,0,0,1,0,0,0,False,False,0,0,0
565_left.jpg,565,left,0,0,0,1,0,0,0,False,False,0,0,0
569_left.jpg,569,left,1,0,0,0,0,1,4,False,False,0,0,0
570_left.jpg,570,left,0,0,0,0,0,0,0,False,False,0,0,1
571_left.jpg,571,left,1,0,0,0,1,0,0,False,False,0,0,0
572_left.jpg,572,left,0,0,0,1,0,0,0,False,False,0,0,0
573_left.jpg,573,left,0,0,0,0,0,0,0,False,False,0,0,1
576_left.jpg,576,left,1,0,0,0,0,1,2,False,False,0,0,1
579_left.jpg,579,left,1,0,0,0,0,0,0,False,False,0,0,1
580_left.jpg,580,left,0,0,0,0,0,0,0,False,False,0,0,1
582_left.jpg,582,left,1,0,0,0,0,1,3,False,False,0,0,0
584_left.jpg,584,left,0,0,0,0,0,0,0,False,False,0,0,1
585_left.jpg,585,left,0,0,0,0,0,0,0,False,False,0,0,1
589_left.jpg,589,left,0,0,0,0,0,0,0,False,False,0,0,1
591_left.jpg,591,left,0,0,0,0,0,0,0,False,False,0,0,1
594_left.jpg,594,left,1,0,1,0,0,0,0,False,False,0,0,0
595_left.jpg,595,left,1,0,0,0,0,1,2,False,False,0,0,1
596_left.jpg,596,left,1,0,0,0,0,0,0,False,False,0,0,1
598_left.jpg,598,left,1,0,0,0,0,1,1,False,False,0,0,0
603_left.jpg,603,left,0,0,0,1,0,0,0,False,False,0,0,0
604_left.jpg,604,left,1,0,0,0,0,1,2,False,True,0,0,1
606_left.jpg,606,left,0,0,0,0,0,0,0,False,False,0,0,1
609_left.jpg,609,left,1,0,0,0,0,1,1,False,False,0,0,1
610_left.jpg,610,left,0,0,0,1,0,0,0,False,False,0,0,0
613_left.jpg,613,left,0,0,0,0,0,0,0,False,False,0,0,1
615_left.jpg,615,left,0,0,0,1,0,0,0,False,False,0,0,0
616_left.jpg,616,left,1,0,0,0,0,1,2,False,False,0,0,0
617_left.jpg,617,left,0,0,0,0,0,0,0,False,False,0,0,1
619_left.jpg,619,left,1,0,0,0,0,1,2,False,False,0,0,0
621_left.jpg,621,left,1,0,0,0,0,1,1,False,False,0,0,1
623_left.jpg,623,left,0,0,0,0,0,0,0,False,False,0,0,1
625_left.jpg,625,left,0,1,1,0,0,0,0,False,False,0,0,1
627_left.jpg,627,left,1,0,0,0,0,1,2,False,False,0,0,1
632_left.jpg,632,left,1,0,0,0,0,0,0,False,False,0,0,1
635_left.jpg,635,left,1,0,0,0,0,1,2,False,False,0,0,1
636_left.jpg,636,left,0,0,0,0,0,0,0,False,False,0,0,1
639_left.jpg,639,left,1,0,0,0,0,1,1,False,False,0,0,1
643_left.jpg,643,left,0,0,0,0,0,0,0,False,False,0,0,1
645_left.jpg,645,left,1,0,0,0,0,0,0,False,False,0,0,1
649_left.jpg,649,left,1,0,0,0,0,0,0,False,False,0,0,1
650_left.jpg,650,left,0,0,0,0,0,0,0,False,False,0,0,1
651_left.jpg,651,left,0,0,0,1,0,0,0,False,False,0,1,0
652_left.jpg,652,left,0,0,0,0,0,0,0,False,False,0,0,1
653_left.jpg,653,left,1,0,0,0,0,1,1,False,False,0,0,1
654_left.jpg,654,left,1,0,0,0,0,1,2,False,False,0,0,0
655_left.jpg,655,left,0,0,0,0,0,0,0,False,False,0,0,1
657_left.jpg,657,left,0,0,0,0,0,0,0,False,False,0,0,1
659_left.jpg,659,left,0,0,0,0,0,0,0,False,False,0,0,1
661_left.jpg,661,left,0,0,0,0,0,0,0,False,False,0,0,1
664_left.jpg,664,left,1,0,0,0,0,1,2,False,False,0,0,1
665_left.jpg,665,left,0,0,0,0,0,0,0,False,False,0,0,1
667_left.jpg,667,left,1,0,0,0,0,1,2,False,False,0,0,0
668_left.jpg,668,left,1,0,0,0,0,0,0,False,False,0,0,1
670_left.jpg,670,left,0,0,0,0,0,0,0,False,False,0,0,1
672_left.jpg,672,left,1,0,0,0,0,0,0,False,False,0,0,1
674_left.jpg,674,left,0,0,0,0,0,0,0,False,False,0,0,1
676_left.jpg,676,left,1,0,0,0,0,0,0,False,False,0,0,1
677_left.jpg,677,left,1,0,0,0,0,1,2,False,False,0,0,1
678_left.jpg,678,left,1,0,0,0,0,1,2,False,False,0,0,0
680_left.jpg,680,left,0,0,0,0,0,0,0,False,False,0,0,1
682_left.jpg,682,left,1,0,0,0,0,1,1,False,False,0,0,1
683_left.jpg,683,left,0,0,0,0,0,0,0,False,False,0,0,1
686_left.jpg,686,left,0,0,0,0,1,0,0,False,False,0,0,0
687_left.jpg,687,left,1,0,0,0,0,1,2,False,False,0,0,0
688_left.jpg,688,left,1,0,0,0,0,1,4,False,False,0,0,1
689_left.jpg,689,left,0,0,0,0,0,0,0,False,False,0,0,1
690_left.jpg,690,left,1,0,0,0,0,1,1,False,False,0,0,1
691_left.jpg,691,left,1,0,1,0,0,0,0,False,False,0,0,0
692_left.jpg,692,left,1,0,0,0,0,1,2,False,True,0,0,1
694_left.jpg,694,left,0,0,0,0,0,0,0,False,False,0,0,1
695_left.jpg,695,left,0,0,0,0,0,0,0,False,False,1,0,0
697_left.jpg,697,left,1,0,0,0,0,1,2,False,False,0,0,1
698_left.jpg,698,left,1,0,0,0,0,1,2,False,False,0,1,0
700_left.jpg,700,left,1,0,0,0,0,1,2,False,False,0,0,1
701_left.jpg,701,left,1,0,0,0,0,0,0,False,False,0,0,1
702_left.jpg,702,left,0,0,0,0,0,0,0,False,False,0,0,1
703_left.jpg,703,left,1,0,0,0,0,1,1,False,False,0,0,1
707_left.jpg,707,left,1,0,0,0,0,1,2,False,False,0,0,1
708_left.jpg,708,left,1,0,0,0,0,0,0,False,False,0,0,1
712_left.jpg,712,left,1,0,0,1,0,0,0,False,False,0,0,0
713_left.jpg,713,left,1,0,0,0,0,1,1,False,False,0,0,1
714_left.jpg,714,left,1,0,0,0,0,1,2,False,False,0,0,0
715_left.jpg,715,left,0,0,0,0,0,0,0,False,False,0,0,1
717_left.jpg,717,left,0,0,0,0,0,0,0,False,False,0,0,1
721_left.jpg,721,left,0,0,0,0,0,0,0,False,False,0,0,1
722_left.jpg,722,left,1,0,0,0,0,1,1,False,False,0,1,0
723_left.jpg,723,left,0,0,0,0,1,0,0,False,False,0,0,0
724_left.jpg,724,left,0,0,0,0,0,0,0,False,False,0,0,1
725_left.jpg,725,left,0,0,0,0,0,0,0,False,False,0,0,1
727_left.jpg,727,left,0,0,0,0,0,0,0,False,False,0,0,1
728_left.jpg,728,left,0,0,0,0,0,0,0,False,False,0,0,1
730_left.jpg,730,left,1,0,0,0,0,0,0,False,False,0,0,1
731_left.jpg,731,left,0,0,0,0,0,0,0,False,False,0,0,1
733_left.jpg,733,left,1,0,0,0,0,1,2,False,False,0,0,1
735_left.jpg,735,left,1,0,0,0,0,1,1,False,False,0,0,1
736_left.jpg,736,left,0,0,0,0,0,0,0,False,False,0,0,1
737_left.jpg,737,left,0,0,0,0,0,0,0,False,False,0,1,0
738_left.jpg,738,left,0,0,0,0,0,0,0,False,True,0,0,1
739_left.jpg,739,left,0,0,0,0,0,0,0,False,False,0,0,1
740_left.jpg,740,left,1,0,0,0,0,0,0,False,False,0,0,0
741_left.jpg,741,left,0,0,0,0,0,0,0,False,False,0,1,0
742_left.jpg,742,left,0,0,0,0,0,0,0,False,False,0,0,1
743_left.jpg,743,left,1,0,0,0,0,1,2,False,False,0,0,1
744_left.jpg,744,left,1,0,0,0,0,1,2,False,False,0,0,1
745_left.jpg,745,left,1,0,0,0,0,1,2,False,True,0,0,1
747_left.jpg,747,left,0,0,0,0,0,0,0,False,True,0,0,1
749_left.jpg,749,left,0,0,0,0,0,0,0,False,False,0,0,1
750_left.jpg,750,left,1,0,1,0,0,0,0,False,False,0,0,0
752_left.jpg,752,left,1,0,0,0,0,1,2,False,False,0,0,1
755_left.jpg,755,left,1,0,0,0,0,1,3,False,False,0,0,0
756_left.jpg,756,left,0,0,0,0,0,0,0,False,False,0,0,1
757_left.jpg,757,left,1,0,0,0,0,1,2,False,False,0,0,1
758_left.jpg,758,left,0,0,0,0,0,0,0,False,False,0,0,1
759_left.jpg,759,left,0,0,0,0,1,0,0,False,False,0,0,0
760_left.jpg,760,left,0,0,0,0,0,0,0,False,False,0,1,1
761_left.jpg,761,left,0,0,0,1,0,0,0,False,False,0,0,0
762_left.jpg,762,left,1,0,0,0,0,1,1,False,False,0,0,1
763_left.jpg,763,left,1,0,0,0,0,1,2,False,False,0,0,1
765_left.jpg,765,left,1,0,0,0,0,1,3,False,False,0,0,0
767_left.jpg,767,left,0,0,0,0,0,0,0,False,False,0,0,1
771_left.jpg,771,left,0,0,0,0,0,0,0,False,False,0,1,0
772_left.jpg,772,left,0,0,0,0,0,0,0,False,False,0,0,1
773_left.jpg,773,left,0,0,0,0,0,0,0,False,False,0,0,1
774_left.jpg,774,left,0,0,0,0,0,0,0,False,False,0,0,1
776_left.jpg,776,left,0,0,0,0,0,0,0,False,False,0,0,1
780_left.jpg,780,left,0,0,0,0,0,0,0,False,False,0,0,1
784_left.jpg,784,left,1,0,0,0,0,1,2,False,False,0,0,0
785_left.jpg,785,left,1,0,0,0,0,0,0,False,False,0,0,1
786_left.jpg,786,left,1,0,0,0,0,1,3,False,False,0,0,0
789_left.jpg,789,left,0,0,0,0,0,0,0,False,False,0,0,1
791_left.jpg,791,left,1,0,0,0,0,1,2,False,True,0,0,1
792_left.jpg,792,left,1,0,0,0,0,1,2,False,False,0,0,1
794_left.jpg,794,left,1,0,0,0,0,1,2,False,False,0,0,0
796_left.jpg,796,left,1,0,0,0,0,1,2,False,False,0,0,1
800_left.jpg,800,left,0,0,0,0,0,0,0,False,False,0,0,1
801_left.jpg,801,left,1,0,0,0,0,1,2,False,False,0,0,0
803_left.jpg,803,left,1,0,0,0,0,0,0,False,False,0,0,1
805_left.jpg,805,left,0,0,0,0,0,0,0,False,True,0,0,1
806_left.jpg,806,left,1,0,0,0,0,1,1,False,False,0,0,1
810_left.jpg,810,left,1,0,0,0,0,0,0,False,False,0,0,1
812_left.jpg,812,left,1,0,0,0,0,1,2,False,False,0,0,0
815_left.jpg,815,left,0,0,0,1,0,0,0,False,False,0,0,0
817_left.jpg,817,left,1,0,0,0,0,1,1,False,False,0,0,1
818_left.jpg,818,left,1,0,0,0,1,1,2,False,False,0,0,0
821_left.jpg,821,left,0,0,0,1,0,0,0,False,False,0,0,0
822_left.jpg,822,left,0,0,0,0,0,0,0,False,False,0,0,1
824_left.jpg,824,left,0,0,1,0,0,0,0,False,False,0,0,0
827_left.jpg,827,left,0,0,0,0,0,0,0,False,False,0,0,1
829_left.jpg,829,left,0,0,0,0,0,0,0,False,False,0,0,1
831_left.jpg,831,left,1,0,0,0,0,0,0,False,False,0,1,0
835_left.jpg,835,left,0,0,0,0,0,0,0,False,False,0,0,1
837_left.jpg,837,left,0,0,0,0,0,0,0,False,False,0,0,1
839_left.jpg,839,left,1,0,0,0,0,1,1,False,False,0,0,1
842_left.jpg,842,left,1,0,0,0,0,1,1,False,False,0,0,1
847_left.jpg,847,left,0,0,0,1,0,0,0,False,False,0,0,1
848_left.jpg,848,left,0,0,0,0,0,0,0,False,False,0,0,1
850_left.jpg,850,left,1,0,0,0,0,1,2,False,False,0,0,1
853_left.jpg,853,left,0,0,0,0,0,0,0,False,True,0,0,1
854_left.jpg,854,left,0,0,0,0,0,0,0,False,False,0,0,1
856_left.jpg,856,left,0,0,0,0,0,0,0,False,False,0,0,1
861_left.jpg,861,left,1,0,0,0,1,0,0,False,False,0,0,0
864_left.jpg,864,left,1,0,0,0,0,1,4,False,False,0,0,0
865_left.jpg,865,left,1,0,0,0,0,1,1,False,False,0,0,1
868_left.jpg,868,left,1,0,0,0,0,0,0,False,False,0,0,1
870_left.jpg,870,left,0,0,0,1,0,0,0,False,False,0,0,0
871_left.jpg,871,left,1,0,0,0,0,1,2,False,False,0,0,1
872_left.jpg,872,left,0,0,0,0,0,0,0,False,False,0,0,1
873_left.jpg,873,left,0,0,0,0,0,0,0,False,False,0,0,1
874_left.jpg,874,left,1,0,1,0,0,1,2,False,False,0,0,0
875_left.jpg,875,left,0,0,0,0,0,0,0,False,False,0,0,1
877_left.jpg,877,left,0,0,0,0,0,0,0,False,False,0,0,1
879_left.jpg,879,left,0,0,0,0,0,0,0,False,False,0,0,1
881_left.jpg,881,left,1,0,0,0,0,1,1,False,False,0,0,1
883_left.jpg,883,left,0,0,0,0,0,0,0,False,False,0,0,1
885_left.jpg,885,left,0,0,0,1,0,0,0,False,False,0,0,0
886_left.jpg,886,left,0,0,0,1,0,0,0,False,False,0,0,1
887_left.jpg,887,left,0,0,0,0,0,0,0,False,True,0,0,1
889_left.jpg,889,left,0,0,0,1,0,0,0,False,False,0,0,0
890_left.jpg,890,left,1,0,0,0,0,1,1,False,False,0,0,1
891_left.jpg,891,left,0,0,0,0,0,0,0,False,False,0,0,1
893_left.jpg,893,left,0,0,0,0,0,0,0,False,False,0,0,1
894_left.jpg,894,left,0,0,0,0,0,0,0,False,False,0,0,1
895_left.jpg,895,left,0,0,0,0,0,0,0,False,False,0,0,1
896_left.jpg,896,left,0,0,0,0,0,0,0,False,False,0,0,1
899_left.jpg,899,left,0,0,0,0,0,0,0,False,False,0,0,1
900_left.jpg,900,left,0,0,0,0,0,0,0,False,False,0,0,1
901_left.jpg,901,left,0,0,0,0,0,0,0,False,False,0,0,1
902_left.jpg,902,left,0,0,0,0,0,0,0,False,False,0,0,1
903_left.jpg,903,left,0,0,0,0,0,0,0,False,False,0,0,1
904_left.jpg,904,left,1,0,0,0,0,1,1,False,False,0,0,1
910_left.jpg,910,left,0,0,0,1,0,0,0,False,False,0,0,0
911_left.jpg,911,left,1,0,0,0,0,1,2,False,False,0,0,1
913_left.jpg,913,left,1,0,0,0,0,1,2,False,False,0,0,1
915_left.jpg,915,left,0,0,0,0,0,0,0,False,False,0,0,1
917_left.jpg,917,left,1,0,0,0,0,0,0,False,False,0,0,0
918_left.jpg,918,left,0,0,0,0,0,0,0,False,False,0,0,1
920_left.jpg,920,left,1,0,0,0,0,1,2,False,False,0,0,1
922_left.jpg,922,left,0,0,0,0,0,0,0,False,False,0,0,1
923_left.jpg,923,left,1,0,0,0,0,1,2,False,False,0,0,1
927_left.jpg,927,left,0,0,0,1,0,0,0,False,False,0,0,0
928_left.jpg,928,left,0,0,0,0,0,0,0,False,False,0,0,1
930_left.jpg,930,left,0,0,0,0,0,0,0,False,False,0,0,1
933_left.jpg,933,left,0,0,0,0,0,0,0,False,False,0,0,1
934_left.jpg,934,left,1,0,0,1,0,1,-1,False,False,0,0,0
939_left.jpg,939,left,0,0,0,0,0,0,0,False,False,1,0,0
941_left.jpg,941,left,0,0,0,0,0,0,0,False,False,0,0,1
942_left.jpg,942,left,0,0,0,0,0,0,0,False,False,0,0,1
943_left.jpg,943,left,0,0,0,0,0,0,0,False,False,0,0,1
945_left.jpg,945,left,0,0,0,0,0,0,0,False,False,0,0,1
946_left.jpg,946,left,0,0,0,0,0,0,0,False,False,0,0,1
948_left.jpg,948,left,1,0,0,0,0,1,2,False,False,0,0,1
949_left.jpg,949,left,1,0,1,0,0,1,2,False,False,0,0,0
951_left.jpg,951,left,0,0,0,0,0,0,0,False,False,1,0,0
952_left.jpg,952,left,1,0,0,0,0,1,1,False,False,0,0,1
953_left.jpg,953,left,1,0,0,0,0,1,2,False,False,0,0,1
954_left.jpg,954,left,0,0,0,0,0,0,0,False,False,0,0,1
957_left.jpg,957,left,0,0,0,0,1,0,0,False,False,0,0,0
959_left.jpg,959,left,1,0,0,0,0,1,1,False,False,0,0,1
962_left.jpg,962,left,1,0,0,0,0,1,1,False,False,0,0,1
963_left.jpg,963,left,0,0,0,0,0,0,0,False,False,0,0,1
964_left.jpg,964,left,1,0,0,0,0,1,2,False,False,0,0,1
965_left.jpg,965,left,0,0,0,0,0,0,0,False,False,0,0,1
966_left.jpg,966,left,1,0,0,0,0,1,2,False,False,0,0,1
968_left.jpg,968,left,0,0,0,0,1,0,0,False,False,0,0,0
969_left.jpg,969,left,0,0,0,0,0,0,0,False,False,0,0,1
970_left.jpg,970,left,1,0,1,0,0,1,2,False,False,0,0,0
971_left.jpg,971,left,0,0,0,1,0,0,0,False,False,0,0,0
972_left.jpg,972,left,1,0,0,0,0,1,2,False,False,0,0,1
973_left.jpg,973,left,0,0,0,0,0,0,0,False,False,0,0,1
976_left.jpg,976,left,1,0,0,0,0,1,1,False,False,0,0,1
977_left.jpg,977,left,0,0,0,1,0,0,0,False,False,0,0,0
978_left.jpg,978,left,1,0,0,1,0,1,-1,False,False,0,0,0
982_left.jpg,982,left,0,0,0,0,0,0,0,False,False,0,0,1
984_left.jpg,984,left,0,0,0,0,0,0,0,False,False,0,0,1
986_left.jpg,986,left,0,0,0,0,0,0,0,False,False,0,0,1
987_left.jpg,987,left,0,0,0,0,0,0,0,False,False,0,0,1
990_left.jpg,990,left,0,0,0,0,0,0,0,False,False,0,0,1
992_left.jpg,992,left,0,0,0,1,0,0,0,False,False,0,0,0
996_left.jpg,996,left,0,0,0,0,0,0,0,False,False,0,0,1
997_left.jpg,997,left,1,0,0,0,0,1,-1,False,True,0,0,1
999_left.jpg,999,left,0,0,1,0,0,0,0,False,False,0,0,0
1006_left.jpg,1006,left,0,0,0,0,0,0,0,False,False,0,0,1
1010_left.jpg,1010,left,0,0,0,0,0,0,0,False,False,0,0,1
1011_left.jpg,1011,left,0,0,0,0,0,0,0,False,False,0,0,1
1012_left.jpg,1012,left,0,0,0,0,0,0,0,False,False,0,1,1
1015_left.jpg,1015,left,0,0,0,0,0,0,0,False,False,0,0,1
1016_left.jpg,1016,left,0,0,0,0,0,0,0,False,False,0,0,1
1020_left.jpg,1020,left,0,1,0,0,0,0,0,False,True,0,1,1
1021_left.jpg,1021,left,0,0,0,0,0,0,0,False,False,0,0,1
1022_left.jpg,1022,left,1,0,0,0,0,1,2,False,False,0,0,0
1023_left.jpg,1023,left,0,0,0,0,0,0,0,False,False,0,0,1
1024_left.jpg,1024,left,1,0,0,0,1,0,0,False,False,0,0,0
1028_left.jpg,1028,left,0,0,0,0,0,0,0,False,False,0,0,1
1031_left.jpg,1031,left,0,0,0,0,1,0,0,False,False,0,0,1
1034_left.jpg,1034,left,0,0,0,0,0,0,0,False,False,1,0,0
1039_left.jpg,1039,left,0,0,0,0,0,0,0,False,False,0,0,1
1040_left.jpg,1040,left,0,0,0,0,0,0,0,False,False,0,0,1
1043_left.jpg,1043,left,0,0,0,1,0,0,0,False,False,0,0,0
1046_left.jpg,1046,left,0,0,0,0,1,0,0,False,False,0,0,0
1048_left.jpg,1048,left,0,0,0,0,1,0,0,False,False,0,0,0
1050_left.jpg,1050,left,0,0,0,0,0,0,0,False,False,0,0,1
1052_left.jpg,1052,left,0,0,0,0,0,0,0,False,False,0,0,1
1053_left.jpg,1053,left,0,0,0,0,0,0,0,False,False,0,0,1
1054_left.jpg,1054,left,0,0,0,0,0,0,0,False,False,1,0,0
1056_left.jpg,1056,left,0,0,0,0,1,0,0,False,False,0,0,1
1059_left.jpg,1059,left,0,0,0,0,0,0,0,False,True,0,0,1
1060_left.jpg,1060,left,0,0,0,0,0,0,0,False,False,1,0,0
1064_left.jpg,1064,left,0,0,0,1,0,0,0,False,False,0,0,0
1065_left.jpg,1065,left,0,0,0,1,0,0,0,False,False,0,1,0
1068_left.jpg,1068,left,1,0,0,0,0,1,2,False,False,0,0,0
1071_left.jpg,1071,left,1,0,0,0,0,1,2,False,False,0,0,0
1072_left.jpg,1072,left,0,0,0,0,0,0,0,False,False,1,0,0
1074_left.jpg,1074,left,0,0,0,0,0,0,0,False,False,0,0,1
1079_left.jpg,1079,left,0,0,0,0,0,0,0,False,False,0,0,1
1080_left.jpg,1080,left,0,0,0,0,0,0,0,False,False,0,0,1
1082_left.jpg,1082,left,1,0,0,0,0,1,2,False,False,0,0,0
1083_left.jpg,1083,left,1,0,1,0,0,1,2,False,False,0,0,0
1085_left.jpg,1085,left,0,0,0,1,0,0,0,False,False,0,0,0
1089_left.jpg,1089,left,0,0,0,0,0,0,0,False,False,0,0,1
1090_left.jpg,1090,left,0,0,0,0,0,0,0,False,False,0,0,1
1091_left.jpg,1091,left,0,0,0,1,0,0,0,False,False,0,0,0
1093_left.jpg,1093,left,0,0,0,0,0,0,0,False,False,0,0,1
1094_left.jpg,1094,left,1,0,0,0,0,1,2,False,False,0,0,0
1096_left.jpg,1096,left,0,0,0,0,0,0,0,False,False,0,0,1
1097_left.jpg,1097,left,0,0,0,0,0,0,0,False,False,0,0,1
1098_left.jpg,1098,left,0,0,0,1,0,0,0,False,False,0,0,0
1099_left.jpg,1099,left,0,0,0,0,0,0,0,False,False,0,0,1
1103_left.jpg,1103,left,0,0,0,0,0,0,0,False,False,0,1,0
1106_left.jpg,1106,left,1,0,0,0,0,1,2,False,False,0,0,0
1109_left.jpg,1109,left,0,0,0,0,0,0,0,False,False,0,0,1
1111_left.jpg,1111,left,0,0,0,1,0,0,0,False,False,0,0,0
1113_left.jpg,1113,left,1,0,0,0,0,0,0,False,False,0,0,0
1114_left.jpg,1114,left,0,0,0,0,0,0,0,False,False,0,0,1
1117_left.jpg,1117,left,0,0,0,0,0,0,0,False,False,0,0,1
1119_left.jpg,1119,left,0,0,0,0,0,0,0,False,False,0,0,1
1120_left.jpg,1120,left,0,0,0,0,0,0,0,False,False,0,0,1
1122_left.jpg,1122,left,0,0,0,0,0,0,0,False,False,0,0,1
1124_left.jpg,1124,left,0,0,0,0,0,0,0,False,False,0,0,1
1125_left.jpg,1125,left,0,0,0,1,0,0,0,False,False,0,0,0
1126_left.jpg,1126,left,0,0,1,0,0,0,0,False,False,0,0,0
1129_left.jpg,1129,left,0,0,0,0,0,0,0,False,False,0,0,1
1133_left.jpg,1133,left,0,0,0,0,0,0,0,False,False,0,0,1
1136_left.jpg,1136,left,1,0,0,0,0,1,2,False,False,0,0,0
1137_left.jpg,1137,left,0,0,0,0,0,0,0,False,False,0,0,1
1138_left.jpg,1138,left,1,0,0,0,0,1,2,False,False,0,0,0
1143_left.jpg,1143,left,0,0,0,0,0,0,0,False,False,0,0,1
1147_left.jpg,1147,left,1,0,0,0,0,1,2,False,False,0,0,0
1150_left.jpg,1150,left,0,0,0,0,0,0,0,False,False,0,1,0
1153_left.jpg,1153,left,1,0,0,0,0,1,3,False,False,0,0,0
1154_left.jpg,1154,left,0,0,0,1,0,0,0,False,False,0,0,0
1156_left.jpg,1156,left,0,0,0,0,0,0,0,False,False,0,0,1
1157_left.jpg,1157,left,1,0,0,0,0,1,2,False,False,0,0,0
1164_left.jpg,1164,left,0,0,1,0,0,0,0,False,False,0,0,0
1165_left.jpg,1165,left,0,0,0,0,0,0,0,False,False,0,0,1
1171_left.jpg,1171,left,0,0,0,0,0,0,0,False,False,0,0,1
1172_left.jpg,1172,left,0,0,0,0,0,0,0,False,False,0,0,1
1173_left.jpg,1173,left,0,0,0,0,0,0,0,False,False,0,0,1
1174_left.jpg,1174,left,0,0,0,0,0,0,0,False,False,0,0,1
1186_left.jpg,1186,left,0,0,0,0,0,0,0,False,False,0,0,1
1191_left.jpg,1191,left,1,0,0,1,0,1,-1,False,False,0,0,0
1195_left.jpg,1195,left,0,0,0,0,0,0,0,False,False,0,0,1
1196_left.jpg,1196,left,0,0,0,1,0,0,0,False,False,0,0,0
1197_left.jpg,1197,left,0,0,0,1,0,0,0,False,False,0,0,0
1198_left.jpg,1198,left,0,0,0,0,0,0,0,False,False,0,0,1
1205_left.jpg,1205,left,1,0,0,0,0,1,2,False,False,0,0,0
1206_left.jpg,1206,left,1,0,0,0,0,1,1,False,False,0,1,0
1209_left.jpg,1209,left,0,1,0,0,0,0,0,False,False,0,0,0
1212_left.jpg,1212,left,0,1,0,0,0,0,0,False,False,0,0,0
1213_left.jpg,1213,left,0,1,0,0,0,0,0,False,False,0,1,0
1215_left.jpg,1215,left,0,1,0,0,0,0,0,False,False,0,0,0
1217_left.jpg,1217,left,0,1,0,0,0,0,0,False,False,0,0,0
1218_left.jpg,1218,left,0,1,0,0,0,0,0,False,False,0,0,0
1220_left.jpg,1220,left,0,1,0,0,0,0,0,False,False,0,0,0
1222_left.jpg,1222,left,0,1,0,0,0,0,0,False,False,0,0,0
1225_left.jpg,1225,left,0,1,0,0,0,0,0,False,False,0,1,0
1227_left.jpg,1227,left,0,1,0,0,0,0,0,False,False,0,0,0
1231_left.jpg,1231,left,0,1,0,0,0,0,0,False,False,0,0,0
1232_left.jpg,1232,left,0,1,0,0,0,0,0,False,False,0,0,0
1234_left.jpg,1234,left,0,1,0,0,0,0,0,False,False,0,0,0
1238_left.jpg,1238,left,1,1,0,0,0,1,-1,False,False,0,0,0
1241_left.jpg,1241,left,0,1,0,0,0,0,0,False,False,0,0,0
1245_left.jpg,1245,left,0,0,0,0,0,0,0,False,False,0,0,1
1247_left.jpg,1247,left,0,1,0,0,0,0,0,False,False,0,0,0
1248_left.jpg,1248,left,0,1,0,0,0,0,0,False,False,0,0,0
1253_left.jpg,1253,left,0,0,0,0,0,0,0,False,False,1,0,0
1256_left.jpg,1256,left,0,1,0,0,0,0,0,False,False,0,0,0
1259_left.jpg,1259,left,0,1,0,0,0,0,0,False,False,0,0,0
1260_left.jpg,1260,left,0,1,0,0,0,0,0,False,False,0,0,0
1264_left.jpg,1264,left,0,1,0,0,0,0,0,False,False,0,0,1
1265_left.jpg,1265,left,0,1,0,0,0,0,0,False,False,0,0,0
1268_left.jpg,1268,left,0,1,0,0,0,0,0,False,False,0,0,0
1269_left.jpg,1269,left,0,1,0,0,0,0,0,False,False,0,0,0
1270_left.jpg,1270,left,0,1,0,0,0,0,0,False,False,0,0,0
1272_left.jpg,1272,left,0,1,0,0,0,0,0,False,False,0,0,0
1274_left.jpg,1274,left,0,0,0,0,0,0,0,False,False,0,0,1
1276_left.jpg,1276,left,0,1,0,0,0,0,0,False,False,0,0,0
1281_left.jpg,1281,left,1,1,0,0,0,1,-1,False,False,0,0,0
1282_left.jpg,1282,left,0,1,0,0,0,0,0,False,False,0,0,0
1284_left.jpg,1284,left,0,1,0,0,0,0,0,False,False,0,0,0
1285_left.jpg,1285,left,1,0,1,0,0,0,0,False,False,0,0,0
1287_left.jpg,1287,left,0,1,0,0,0,0,0,False,False,0,0,0
1289_left.jpg,1289,left,0,1,0,0,0,0,0,False,False,0,1,0
1290_left.jpg,1290,left,0,1,0,0,1,0,0,False,False,0,0,0
1291_left.jpg,1291,left,0,1,0,0,0,0,0,False,False,0,0,1
1295_left.jpg,1295,left,0,0,0,1,0,0,0,False,False,0,0,0
1296_left.jpg,1296,left,0,0,0,0,0,0,0,False,False,0,0,1
1297_left.jpg,1297,left,0,1,0,0,0,0,0,False,False,0,0,1
1299_left.jpg,1299,left,0,0,0,0,0,0,0,False,False,0,0,1
1303_left.jpg,1303,left,0,1,0,0,1,0,0,False,False,0,0,1
1308_left.jpg,1308,left,0,0,0,0,0,0,0,False,False,0,0,1
1309_left.jpg,1309,left,0,1,0,0,1,0,0,False,False,0,0,0
1311_left.jpg,1311,left,0,0,0,0,0,0,0,False,False,0,0,1
1314_left.jpg,1314,left,0,1,0,1,0,0,0,False,False,0,0,0
1318_left.jpg,1318,left,0,1,0,0,0,0,0,False,False,0,0,0
1325_left.jpg,1325,left,0,1,0,0,0,0,0,False,False,0,0,0
1327_left.jpg,1327,left,0,1,0,0,0,0,0,False,False,0,0,1
1330_left.jpg,1330,left,0,1,0,0,0,0,0,False,False,0,0,0
1334_left.jpg,1334,left,0,1,0,0,0,0,0,False,False,0,0,0
1344_left.jpg,1344,left,0,1,0,0,0,0,0,False,False,0,0,0
1345_left.jpg,1345,left,0,1,0,0,0,0,0,False,False,0,0,0
1349_left.jpg,1349,left,0,0,0,0,0,0,0,False,False,0,1,0
1351_left.jpg,1351,left,0,1,0,0,0,0,0,False,False,0,0,0
1352_left.jpg,1352,left,0,1,0,0,0,0,0,False,False,0,0,0
1353_left.jpg,1353,left,0,1,0,0,0,0,0,False,False,0,0,0
1362_left.jpg,1362,left,0,1,0,0,0,0,0,False,False,0,0,0
1364_left.jpg,1364,left,1,0,0,0,0,0,0,False,False,0,1,0
1371_left.jpg,1371,left,0,1,0,0,0,0,0,False,False,0,0,0
1374_left.jpg,1374,left,0,1,0,0,0,0,0,False,False,0,0,0
1377_left.jpg,1377,left,0,1,0,0,1,0,0,False,False,0,0,0
1378_left.jpg,1378,left,0,1,0,0,0,0,0,False,False,0,0,0
1383_left.jpg,1383,left,0,1,0,0,0,0,0,False,False,0,0,1
1388_left.jpg,1388,left,1,1,0,0,0,1,-1,False,False,0,0,0
1389_left.jpg,1389,left,0,1,0,0,0,0,0,False,False,0,0,0
1392_left.jpg,1392,left,0,1,0,0,0,0,0,False,False,0,0,0
1396_left.jpg,1396,left,0,1,0,0,0,0,0,False,False,0,0,1
1397_left.jpg,1397,left,0,1,0,0,0,0,0,False,False,0,0,0
1404_left.jpg,1404,left,0,1,0,0,0,0,0,False,False,0,0,0
1405_left.jpg,1405,left,0,1,0,0,0,0,0,False,False,0,0,1
1406_left.jpg,1406,left,1,1,0,0,0,1,1,False,False,0,0,0
1408_left.jpg,1408,left,0,1,0,0,0,0,0,False,False,0,0,1
1410_left.jpg,1410,left,1,1,0,0,0,0,0,False,False,0,0,1
1413_left.jpg,1413,left,1,1,0,0,0,1,2,False,False,0,0,0
1414_left.jpg,1414,left,0,1,0,0,0,0,0,False,False,0,0,0
1415_left.jpg,1415,left,0,1,1,0,0,0,0,False,False,0,0,0
1417_left.jpg,1417,left,0,1,0,0,0,0,0,False,False,0,0,0
1418_left.jpg,1418,left,0,1,0,0,0,0,0,False,False,0,0,0
1421_left.jpg,1421,left,0,1,0,0,0,0,0,False,False,0,0,0
1424_left.jpg,1424,left,0,1,0,0,0,0,0,False,False,0,0,0
1425_left.jpg,1425,left,0,1,0,0,0,0,0,False,False,0,0,0
1426_left.jpg,1426,left,0,1,0,0,0,0,0,False,False,0,0,1
1427_left.jpg,1427,left,0,1,0,0,0,0,0,False,False,0,0,0
1428_left.jpg,1428,left,1,1,0,0,0,1,2,False,False,0,0,0
1429_left.jpg,1429,left,0,1,0,0,0,0,0,False,False,0,0,0
1433_left.jpg,1433,left,0,1,0,0,0,0,0,False,False,0,0,0
1434_left.jpg,1434,left,1,1,0,0,0,1,2,False,False,0,0,0
1435_left.jpg,1435,left,0,0,1,0,0,0,0,False,False,0,0,0
1436_left.jpg,1436,left,0,1,0,0,0,0,0,False,False,0,0,0
1440_left.jpg,1440,left,0,1,0,0,0,0,0,False,False,0,0,0
1443_left.jpg,1443,left,0,1,0,0,0,0,0,False,False,0,0,0
1444_left.jpg,1444,left,0,0,1,0,0,0,0,False,False,0,0,0
1452_left.jpg,1452,left,0,0,1,0,0,0,0,False,False,0,0,0
1453_left.jpg,1453,left,0,1,0,0,0,0,0,False,False,0,0,0
1462_left.jpg,1462,left,0,1,0,0,0,0,0,False,False,0,0,1
1465_left.jpg,1465,left,0,1,0,0,0,0,0,False,False,0,0,0
1468_left.jpg,1468,left,0,0,1,0,0,0,0,False,False,0,0,0
1470_left.jpg,1470,left,0,1,0,0,0,0,0,False,False,0,0,0
1471_left.jpg,1471,left,0,1,0,0,0,0,0,False,False,0,0,1
1473_left.jpg,1473,left,0,1,0,0,0,0,0,False,False,0,0,0
1474_left.jpg,1474,left,1,1,0,0,0,1,2,False,False,0,0,1
1476_left.jpg,1476,left,0,1,0,0,0,0,0,False,False,0,0,0
1478_left.jpg,1478,left,0,1,0,0,0,0,0,False,False,0,0,0
1479_left.jpg,1479,left,0,1,0,0,0,0,0,False,False,0,0,0
1480_left.jpg,1480,left,0,1,0,0,0,0,0,False,False,0,0,1
1483_left.jpg,1483,left,0,0,1,0,0,0,0,False,False,0,0,0
1485_left.jpg,1485,left,0,1,0,0,0,0,0,False,False,0,0,0
1486_left.jpg,1486,left,0,1,0,0,0,0,0,False,False,0,0,0
1487_left.jpg,1487,left,0,1,0,0,0,0,0,False,False,0,0,0
1488_left.jpg,1488,left,1,1,0,0,0,0,0,False,False,0,0,0
1490_left.jpg,1490,left,0,0,1,0,0,0,0,False,False,0,0,0
1491_left.jpg,1491,left,0,1,0,0,0,0,0,False,False,0,0,0
1494_left.jpg,1494,left,0,1,0,0,0,0,0,False,False,0,0,0
1495_left.jpg,1495,left,0,1,0,0,0,0,0,False,False,0,0,0
1496_left.jpg,1496,left,1,1,0,0,0,1,2,False,False,0,0,0
1498_left.jpg,1498,left,0,1,0,0,0,0,0,False,False,0,0,0
1503_left.jpg,1503,left,0,1,0,0,0,0,0,False,False,0,0,0
1513_left.jpg,1513,left,0,0,0,0,0,0,0,False,False,0,1,0
1514_left.jpg,1514,left,0,1,0,0,0,0,0,False,False,0,0,0
1515_left.jpg,1515,left,0,1,0,0,0,0,0,False,False,0,0,0
1516_left.jpg,1516,left,0,0,0,0,0,0,0,False,False,0,0,1
1519_left.jpg,1519,left,0,0,0,0,0,0,0,False,False,0,1,0
1520_left.jpg,1520,left,0,0,0,0,0,0,0,False,False,0,1,1
1523_left.jpg,1523,left,0,0,0,0,0,0,0,False,False,0,1,0
1526_left.jpg,1526,left,0,0,0,0,0,0,0,False,False,0,1,0
1528_left.jpg,1528,left,0,0,0,0,0,0,0,False,False,0,1,1
1530_left.jpg,1530,left,0,0,0,0,0,0,0,False,False,0,1,0
1531_left.jpg,1531,left,0,0,0,0,0,0,0,False,False,0,1,0
1534_left.jpg,1534,left,0,0,0,0,0,0,0,False,False,0,1,0
1535_left.jpg,1535,left,0,0,0,0,0,0,0,False,False,0,1,0
1537_left.jpg,1537,left,0,0,0,0,0,0,0,False,False,0,1,0
1539_left.jpg,1539,left,0,0,0,0,0,0,0,False,False,0,1,0
1543_left.jpg,1543,left,1,0,0,0,0,1,2,True,False,0,1,0
1544_left.jpg,1544,left,0,0,0,0,0,0,0,False,False,0,1,0
1546_left.jpg,1546,left,0,0,0,0,0,0,0,False,False,0,1,0
1547_left.jpg,1547,left,0,0,0,0,0,0,0,False,False,0,1,0
1549_left.jpg,1549,left,0,0,0,0,0,0,0,False,False,0,1,0
1550_left.jpg,1550,left,0,0,0,0,0,0,0,False,False,0,1,0
1552_left.jpg,1552,left,0,0,0,0,0,0,0,False,False,0,1,0
1553_left.jpg,1553,left,0,0,0,0,0,0,0,False,False,0,1,0
1554_left.jpg,1554,left,0,0,0,0,0,0,0,False,False,0,1,0
1555_left.jpg,1555,left,0,0,0,0,0,0,0,False,False,0,1,0
1557_left.jpg,1557,left,0,0,0,0,0,0,0,False,False,0,1,1
1558_left.jpg,1558,left,0,0,0,0,0,0,0,False,False,0,1,0
1561_left.jpg,1561,left,0,0,0,0,0,0,0,False,False,0,1,0
1562_left.jpg,1562,left,0,0,0,0,0,0,0,False,False,0,1,0
1563_left.jpg,1563,left,0,0,0,0,0,0,0,False,False,0,1,0
1564_left.jpg,1564,left,0,0,0,0,0,0,0,False,False,0,1,0
1565_left.jpg,1565,left,0,0,0,0,0,0,0,False,False,0,1,0
1566_left.jpg,1566,left,0,0,0,0,0,0,0,False,False,0,1,1
1568_left.jpg,1568,left,0,0,0,0,0,0,0,False,False,0,1,0
1570_left.jpg,1570,left,0,0,0,0,0,0,0,False,False,0,1,0
1571_left.jpg,1571,left,0,0,0,0,0,0,0,False,False,0,1,1
1572_left.jpg,1572,left,0,0,0,0,0,0,0,False,False,0,1,0
1576_left.jpg,1576,left,0,0,0,0,0,0,0,False,False,0,1,0
1578_left.jpg,1578,left,0,0,0,0,0,0,0,False,False,0,1,0
1580_left.jpg,1580,left,0,0,0,0,0,0,0,False,False,0,1,0
1583_left.jpg,1583,left,0,0,0,0,0,0,0,False,False,0,1,0
1588_left.jpg,1588,left,0,0,0,0,0,0,0,False,False,0,1,0
1590_left.jpg,1590,left,0,0,0,0,0,0,0,False,False,0,1,0
1593_left.jpg,1593,left,0,0,0,0,0,0,0,False,False,0,1,0
1594_left.jpg,1594,left,0,0,0,0,0,0,0,False,False,0,1,0
1599_left.jpg,1599,left,0,0,0,0,0,0,0,False,False,0,1,0
1600_left.jpg,1600,left,0,0,0,0,0,0,0,False,False,0,1,0
1601_left.jpg,1601,left,0,0,0,0,0,0,0,False,False,0,1,0
1602_left.jpg,1602,left,0,0,0,0,0,0,0,False,False,0,1,0
1603_left.jpg,1603,left,0,0,0,0,0,0,0,False,False,0,1,0
1606_left.jpg,1606,left,0,0,0,0,0,0,0,False,False,0,1,0
1607_left.jpg,1607,left,0,0,0,0,0,0,0,False,False,0,1,0
1609_left.jpg,1609,left,0,0,0,0,0,0,0,False,False,0,1,1
1610_left.jpg,1610,left,0,0,0,0,0,0,0,False,False,0,1,0
1611_left.jpg,1611,left,0,0,0,0,0,0,0,False,False,0,1,0
1612_left.jpg,1612,left,0,0,0,0,0,0,0,False,False,0,1,0
1613_left.jpg,1613,left,0,0,0,0,0,0,0,False,False,0,1,0
1616_left.jpg,1616,left,0,0,0,0,0,0,0,False,False,0,1,0
1618_left.jpg,1618,left,0,0,0,0,0,0,0,False,False,0,1,0
1619_left.jpg,1619,left,0,0,0,0,0,0,0,False,False,0,1,0
1620_left.jpg,1620,left,0,0,0,0,0,0,0,False,False,0,1,0
1623_left.jpg,1623,left,0,0,0,0,0,0,0,False,False,0,1,0
1626_left.jpg,1626,left,0,0,0,0,0,0,0,False,False,0,1,1
1628_left.jpg,1628,left,0,0,0,0,0,0,0,False,False,0,1,1
1630_left.jpg,1630,left,0,0,0,0,0,0,0,False,False,0,1,0
1640_left.jpg,1640,left,0,0,0,0,0,0,0,False,False,0,1,1
1643_left.jpg,1643,left,0,0,0,0,0,0,0,False,False,0,1,1
1644_left.jpg,1644,left,0,0,0,0,0,0,0,False,False,0,1,1
1663_left.jpg,1663,left,0,0,0,0,0,0,0,False,False,0,1,0
1673_left.jpg,1673,left,0,0,0,0,0,0,0,False,False,0,1,1
1674_left.jpg,1674,left,1,0,0,0,0,1,2,False,False,0,1,1
1681_left.jpg,1681,left,0,0,0,0,0,0,0,False,False,0,1,1
1686_left.jpg,1686,left,0,0,0,0,0,0,0,False,False,0,1,0
1694_left.jpg,1694,left,0,0,0,0,0,0,0,False,False,0,1,1
1710_left.jpg,1710,left,0,0,0,0,0,0,0,False,False,0,1,0
1718_left.jpg,1718,left,1,0,0,0,0,1,2,False,True,0,1,1
1817_left.jpg,1817,left,0,0,0,1,0,0,0,False,False,0,0,0
1819_left.jpg,1819,left,0,0,0,1,0,0,0,False,False,0,0,0
1830_left.jpg,1830,left,0,0,0,1,0,0,0,False,False,0,0,0
1831_left.jpg,1831,left,0,0,0,1,0,0,0,False,False,0,0,0
1834_left.jpg,1834,left,0,0,0,1,0,0,0,False,False,0,0,0
1835_left.jpg,1835,left,0,0,0,1,0,0,0,False,False,0,0,0
1837_left.jpg,1837,left,0,0,0,1,0,0,0,False,False,0,0,0
1840_left.jpg,1840,left,0,0,0,1,0,0,0,False,False,0,0,0
1841_left.jpg,1841,left,0,0,0,1,0,0,0,False,False,0,0,0
1844_left.jpg,1844,left,0,0,0,1,0,0,0,False,False,0,0,0
1845_left.jpg,1845,left,0,0,0,1,0,0,0,False,False,0,0,0
1846_left.jpg,1846,left,0,0,0,1,0,0,0,False,False,0,0,0
1847_left.jpg,1847,left,0,0,0,1,0,0,0,False,False,0,0,0
1853_left.jpg,1853,left,0,0,0,1,1,0,0,False,False,0,0,0
1868_left.jpg,1868,left,0,0,0,1,0,0,0,False,False,0,0,0
1873_left.jpg,1873,left,0,0,0,1,0,0,0,False,False,0,0,0
1876_left.jpg,1876,left,0,0,0,1,0,0,0,False,False,0,0,0
1877_left.jpg,1877,left,0,0,0,1,0,0,0,False,False,0,0,0
1878_left.jpg,1878,left,0,0,0,1,0,0,0,False,False,0,0,0
1879_left.jpg,1879,left,0,0,0,1,0,0,0,False,False,0,0,0
1881_left.jpg,1881,left,0,1,0,1,0,0,0,False,False,0,0,0
1884_left.jpg,1884,left,0,0,0,1,0,0,0,False,False,0,0,1
1885_left.jpg,1885,left,0,0,0,1,0,0,0,False,False,0,0,0
1886_left.jpg,1886,left,0,0,0,1,0,0,0,False,False,0,0,0
1891_left.jpg,1891,left,0,0,0,1,0,0,0,False,False,0,0,1
1892_left.jpg,1892,left,0,0,0,1,0,0,0,False,False,0,0,0
1919_left.jpg,1919,left,0,0,0,1,0,0,0,False,False,0,0,1
1942_left.jpg,1942,left,1,0,0,1,0,1,-1,False,False,0,0,0
1963_left.jpg,1963,left,1,1,0,0,0,1,2,False,False,0,0,0
1965_left.jpg,1965,left,1,1,0,0,0,1,2,False,False,0,0,1
1968_left.jpg,1968,left,0,0,1,0,0,0,0,False,False,0,0,1
1975_left.jpg,1975,left,0,1,0,0,0,0,0,False,False,0,0,0
1977_left.jpg,1977,left,0,1,0,0,0,0,0,False,False,0,0,0
1987_left.jpg,1987,left,0,0,1,0,0,0,0,False,False,0,0,1
1994_left.jpg,1994,left,1,0,1,0,0,1,2,False,False,0,0,1
1999_left.jpg,1999,left,0,1,0,0,0,0,0,False,False,0,0,1
2004_left.jpg,2004,left,0,0,0,0,1,0,0,False,False,0,0,0
2020_left.jpg,2020,left,0,1,0,0,0,0,0,False,False,0,0,1
2032_left.jpg,2032,left,1,1,0,0,0,1,2,False,False,0,0,0
2034_left.jpg,2034,left,0,0,0,1,0,0,0,False,False,0,0,1
2041_left.jpg,2041,left,0,1,0,1,0,0,0,False,False,0,0,1
2052_left.jpg,2052,left,0,0,1,0,1,0,0,False,False,0,0,0
2053_left.jpg,2053,left,0,0,0,1,0,0,0,False,False,0,0,1
2064_left.jpg,2064,left,1,0,0,0,1,1,-1,False,False,0,0,0
2070_left.jpg,2070,left,0,0,0,0,1,0,0,False,False,0,0,0
2074_left.jpg,2074,left,0,1,1,0,0,0,0,False,False,0,0,0
2096_left.jpg,2096,left,1,0,1,0,0,1,1,False,False,0,0,0
2097_left.jpg,2097,left,0,0,1,0,0,0,0,False,False,0,0,0
2101_left.jpg,2101,left,0,0,1,0,0,0,0,False,False,0,0,0
2103_left.jpg,2103,left,1,0,1,0,0,1,1,False,False,0,0,0
2104_left.jpg,2104,left,0,0,1,0,0,0,0,False,False,0,0,0
2107_left.jpg,2107,left,1,0,1,0,0,0,0,False,False,0,0,1
2113_left.jpg,2113,left,0,0,1,0,0,0,0,False,False,0,0,0
2115_left.jpg,2115,left,1,0,1,0,0,1,2,False,False,0,0,0
2116_left.jpg,2116,left,0,0,1,0,0,0,0,False,False,0,0,0
2117_left.jpg,2117,left,1,0,1,0,0,0,0,False,False,0,0,0
2118_left.jpg,2118,left,0,0,1,0,0,0,0,False,False,0,0,1
2124_left.jpg,2124,left,0,0,1,0,0,0,0,False,False,0,0,1
2126_left.jpg,2126,left,0,0,1,0,0,0,0,False,False,0,0,0
2127_left.jpg,2127,left,0,0,1,0,0,0,0,False,False,0,0,0
2128_left.jpg,2128,left,0,0,1,0,0,0,0,False,False,0,0,0
2129_left.jpg,2129,left,0,0,1,0,0,0,0,False,False,0,0,0
2130_left.jpg,2130,left,0,0,1,0,0,0,0,False,False,0,0,0
2132_left.jpg,2132,left,0,0,1,0,0,0,0,False,False,0,0,0
2133_left.jpg,2133,left,0,0,1,0,0,0,0,False,False,0,0,0
2136_left.jpg,2136,left,0,0,1,0,0,0,0,False,False,0,0,0
2137_left.jpg,2137,left,0,0,1,0,0,0,0,False,False,0,0,0
2138_left.jpg,2138,left,0,0,1,0,0,0,0,False,False,0,0,0
2140_left.jpg,2140,left,0,0,1,0,0,0,0,False,False,0,0,0
2141_left.jpg,2141,left,1,0,1,0,0,1,1,False,False,0,0,0
2142_left.jpg,2142,left,0,0,1,0,0,0,0,False,False,0,0,0
2143_left.jpg,2143,left,0,0,1,0,0,0,0,False,False,0,0,0
2144_left.jpg,2144,left,0,0,1,0,0,0,0,False,False,0,0,0
2145_left.jpg,2145,left,0,0,1,0,0,0,0,False,False,0,0,1
2146_left.jpg,2146,left,0,0,1,0,0,0,0,False,False,0,0,0
2147_left.jpg,2147,left,0,0,1,0,0,0,0,False,False,0,0,1
2150_left.jpg,2150,left,0,0,1,0,0,0,0,False,False,0,0,0
2151_left.jpg,2151,left,0,0,1,0,0,0,0,False,False,0,0,0
2152_left.jpg,2152,left,0,0,1,0,0,0,0,False,False,0,0,0
2153_left.jpg,2153,left,0,0,1,0,0,0,0,False,False,0,0,0
2155_left.jpg,2155,left,0,0,1,0,0,0,0,False,False,0,0,0
2157_left.jpg,2157,left,0,0,1,0,0,0,0,False,False,0,0,0
2160_left.jpg,2160,left,0,0,1,0,0,0,0,False,False,0,0,0
2161_left.jpg,2161,left,1,0,1,0,0,1,2,False,False,0,0,0
2162_left.jpg,2162,left,0,0,1,0,0,0,0,False,False,0,0,0
2165_left.jpg,2165,left,1,0,1,0,0,1,2,False,False,0,0,0
2166_left.jpg,2166,left,1,0,1,0,0,0,0,False,False,0,0,0
2167_left.jpg,2167,left,0,0,1,0,0,0,0,False,False,0,0,0
2168_left.jpg,2168,left,1,0,1,0,0,0,0,False,False,0,0,1
2171_left.jpg,2171,left,0,0,1,0,0,0,0,False,False,0,0,0
2172_left.jpg,2172,left,0,0,1,0,0,0,0,False,False,0,0,0
2173_left.jpg,2173,left,0,0,1,0,0,0,0,False,False,0,0,1
2174_left.jpg,2174,left,0,0,1,0,0,0,0,False,False,0,0,0
2175_left.jpg,2175,left,0,0,1,0,0,0,0,False,False,0,0,0
2176_left.jpg,2176,left,0,0,1,0,0,0,0,False,False,0,0,0
2177_left.jpg,2177,left,0,0,1,0,0,0,0,False,False,0,0,0
2178_left.jpg,2178,left,0,0,1,0,0,0,0,False,False,0,0,0
2179_left.jpg,2179,left,0,0,1,0,0,0,0,False,False,0,0,0
2180_left.jpg,2180,left,0,0,1,0,0,0,0,False,False,0,0,0
2181_left.jpg,2181,left,0,0,1,0,0,0,0,False,False,0,0,0
2183_left.jpg,2183,left,0,0,1,0,0,0,0,False,False,0,0,0
2184_left.jpg,2184,left,0,0,1,0,0,0,0,False,False,0,0,0
2187_left.jpg,2187,left,0,0,1,0,0,0,0,False,False,0,0,0
2189_left.jpg,2189,left,0,0,1,0,0,0,0,False,False,0,0,0
2190_left.jpg,2190,left,0,0,1,0,0,0,0,False,False,0,0,0
2191_left.jpg,2191,left,0,0,1,0,0,0,0,False,False,0,0,0
2192_left.jpg,2192,left,0,0,1,0,0,0,0,False,False,0,0,0
2193_left.jpg,2193,left,0,0,1,0,0,0,0,False,False,0,0,0
2194_left.jpg,2194,left,0,0,1,0,0,0,0,False,False,0,0,0
2195_left.jpg,2195,left,0,0,1,0,0,0,0,False,False,0,0,0
2196_left.jpg,2196,left,0,0,1,0,0,0,0,False,False,0,0,0
2198_left.jpg,2198,left,0,0,1,0,0,0,0,False,False,0,0,0
2200_left.jpg,2200,left,1,0,1,0,0,0,0,False,False,0,0,1
2203_left.jpg,2203,left,0,0,1,0,0,0,0,False,False,0,0,0
2204_left.jpg,2204,left,0,0,1,0,0,0,0,False,False,0,0,1
2205_left.jpg,2205,left,0,0,1,0,0,0,0,False,False,0,0,0
2207_left.jpg,2207,left,0,0,1,0,0,0,0,False,False,0,0,0
2208_left.jpg,2208,left,0,0,1,0,0,0,0,False,False,0,0,0
2209_left.jpg,2209,left,0,0,1,0,0,0,0,False,False,0,0,0
2210_left.jpg,2210,left,0,0,1,0,0,0,0,False,False,0,0,0
2213_left.jpg,2213,left,0,0,1,0,0,0,0,False,False,0,0,0
2215_left.jpg,2215,left,0,0,1,0,0,0,0,False,False,0,0,0
2216_left.jpg,2216,left,0,0,1,0,0,0,0,False,False,0,0,0
2217_left.jpg,2217,left,0,0,1,0,0,0,0,False,False,0,0,0
2220_left.jpg,2220,left,1,0,1,0,0,1,4,False,False,0,0,0
2221_left.jpg,2221,left,0,0,1,0,0,0,0,False,False,0,0,0
2222_left.jpg,2222,left,0,0,1,0,0,0,0,False,False,0,0,1
2225_left.jpg,2225,left,0,0,1,0,0,0,0,False,False,0,0,0
2229_left.jpg,2229,left,0,0,1,0,0,0,0,False,False,0,0,0
2233_left.jpg,2233,left,0,0,1,0,0,0,0,False,False,0,0,0
2235_left.jpg,2235,left,0,0,1,0,0,0,0,False,False,0,0,0
2236_left.jpg,2236,left,0,0,1,0,0,0,0,False,False,0,0,0
2237_left.jpg,2237,left,0,0,1,0,0,0,0,False,False,0,0,0
2239_left.jpg,2239,left,0,0,1,0,0,0,0,False,False,0,0,0
2240_left.jpg,2240,left,0,0,1,0,0,0,0,False,False,0,0,0
2242_left.jpg,2242,left,0,0,1,0,0,0,0,False,False,0,0,0
2246_left.jpg,2246,left,0,0,1,0,0,0,0,False,False,0,0,0
2248_left.jpg,2248,left,0,0,1,0,0,0,0,False,False,0,0,0
2282_left.jpg,2282,left,1,0,1,0,0,1,4,False,False,0,0,1
2329_left.jpg,2329,left,0,0,0,0,0,0,0,False,False,1,0,0
2331_left.jpg,2331,left,0,0,0,0,0,0,0,False,False,1,0,0
2332_left.jpg,2332,left,0,0,0,0,0,0,0,False,False,1,0,0
2333_left.jpg,2333,left,0,0,0,0,0,0,0,False,False,1,0,0
2334_left.jpg,2334,left,0,0,0,0,0,0,0,False,False,1,0,0
2335_left.jpg,2335,left,0,0,0,0,0,0,0,False,False,1,0,0
2336_left.jpg,2336,left,0,0,0,0,0,0,0,False,False,1,0,0
2341_left.jpg,2341,left,0,0,0,0,0,0,0,False,False,1,0,0
2343_left.jpg,2343,left,0,0,0,0,0,0,0,False,False,1,0,0
2346_left.jpg,2346,left,0,0,0,0,0,0,0,False,False,1,0,0
2347_left.jpg,2347,left,0,0,0,0,0,0,0,False,False,1,0,0
2348_left.jpg,2348,left,0,0,0,0,0,0,0,False,False,1,0,0
2349_left.jpg,2349,left,0,0,0,0,0,0,0,False,False,1,0,0
2353_left.jpg,2353,left,0,0,0,0,0,0,0,False,False,1,0,0
2354_left.jpg,2354,left,0,0,0,0,0,0,0,False,False,1,0,0
2356_left.jpg,2356,left,0,0,0,0,0,0,0,False,False,1,0,0
2357_left.jpg,2357,left,0,0,0,0,0,0,0,False,False,1,0,0
2360_left.jpg,2360,left,0,0,0,0,0,0,0,False,False,1,0,0
2361_left.jpg,2361,left,0,0,0,0,0,0,0,False,False,1,0,0
2363_left.jpg,2363,left,0,0,0,0,0,0,0,False,False,1,0,0
2364_left.jpg,2364,left,0,0,0,0,0,0,0,False,False,1,0,0
2365_left.jpg,2365,left,0,0,0,0,0,0,0,False,False,1,0,0
2366_left.jpg,2366,left,0,0,0,0,0,0,0,False,False,1,0,0
2369_left.jpg,2369,left,0,0,0,0,0,0,0,False,False,1,0,0
2371_left.jpg,2371,left,0,0,0,0,0,0,0,False,False,1,0,0
2373_left.jpg,2373,left,0,0,0,0,0,0,0,False,False,1,0,0
2374_left.jpg,2374,left,0,0,0,0,0,0,0,False,False,1,0,0
2376_left.jpg,2376,left,0,0,0,0,0,0,0,False,False,1,0,0
2379_left.jpg,2379,left,0,0,0,0,0,0,0,False,False,1,0,0
2380_left.jpg,2380,left,0,0,0,0,0,0,0,False,False,1,0,0
2382_left.jpg,2382,left,0,0,0,0,0,0,0,False,False,1,0,0
2385_left.jpg,2385,left,0,0,0,0,0,0,0,False,False,1,0,0
2386_left.jpg,2386,left,0,0,0,0,0,0,0,False,False,1,0,0
2387_left.jpg,2387,left,0,0,0,0,0,0,0,False,False,1,0,0
2388_left.jpg,2388,left,0,0,0,0,0,0,0,False,False,1,0,0
2390_left.jpg,2390,left,0,0,0,0,0,0,0,False,False,1,0,0
2392_left.jpg,2392,left,0,0,0,0,0,0,0,False,False,1,0,0
2393_left.jpg,2393,left,0,0,0,0,0,0,0,False,False,1,0,0
2394_left.jpg,2394,left,0,0,0,0,0,0,0,False,False,1,0,0
2395_left.jpg,2395,left,0,0,0,0,0,0,0,False,False,1,0,0
2396_left.jpg,2396,left,0,0,0,0,0,0,0,False,False,1,0,0
2397_left.jpg,2397,left,0,0,0,0,0,0,0,False,False,1,0,0
2398_left.jpg,2398,left,0,0,0,0,0,0,0,False,False,1,0,0
2401_left.jpg,2401,left,0,0,0,0,0,0,0,False,False,1,0,0
2402_left.jpg,2402,left,0,0,0,0,0,0,0,False,False,1,0,0
2403_left.jpg,2403,left,0,0,0,0,0,0,0,False,False,1,0,0
2404_left.jpg,2404,left,0,0,0,0,0,0,0,False,False,1,0,0
2406_left.jpg,2406,left,0,0,0,0,0,0,0,False,False,1,0,0
2408_left.jpg,2408,left,0,0,0,0,0,0,0,False,False,1,0,0
2410_left.jpg,2410,left,0,0,0,0,0,0,0,False,False,1,0,0
2411_left.jpg,2411,left,0,0,0,0,0,0,0,False,False,1,0,0
2412_left.jpg,2412,left,0,0,0,0,0,0,0,False,False,1,0,0
2413_left.jpg,2413,left,0,0,0,0,0,0,0,False,False,1,0,0
2414_left.jpg,2414,left,0,0,0,0,0,0,0,False,False,1,0,0
2416_left.jpg,2416,left,0,0,0,0,0,0,0,False,False,1,0,0
2417_left.jpg,2417,left,0,0,0,0,0,0,0,False,False,1,0,0
2419_left.jpg,2419,left,0,0,0,0,0,0,0,False,False,1,0,0
2424_left.jpg,2424,left,0,0,0,0,0,0,0,False,False,1,0,0
2425_left.jpg,2425,left,0,0,0,0,0,0,0,False,False,1,0,0
2426_left.jpg,2426,left,0,0,0,0,0,0,0,False,False,1,0,0
2430_left.jpg,2430,left,0,0,0,0,0,0,0,False,False,1,0,0
2432_left.jpg,2432,left,0,0,0,0,0,0,0,False,False,1,0,0
2433_left.jpg,2433,left,0,0,0,0,0,0,0,False,False,1,0,0
2434_left.jpg,2434,left,0,0,0,0,0,0,0,False,False,1,0,0
2437_left.jpg,2437,left,0,0,0,0,0,0,0,False,False,1,0,0
2439_left.jpg,2439,left,0,0,0,0,0,0,0,False,False,1,0,0
2441_left.jpg,2441,left,0,0,0,0,0,0,0,False,False,1,0,0
2442_left.jpg,2442,left,0,0,0,0,0,0,0,False,False,1,0,0
2446_left.jpg,2446,left,0,0,0,0,0,0,0,False,False,1,0,0
2447_left.jpg,2447,left,0,0,0,0,0,0,0,False,False,1,0,0
2448_left.jpg,2448,left,0,0,0,0,0,0,0,False,False,1,0,0
2449_left.jpg,2449,left,0,0,0,0,0,0,0,False,False,1,0,0
2451_left.jpg,2451,left,0,0,0,0,0,0,0,False,False,1,0,0
2456_left.jpg,2456,left,0,0,0,0,0,0,0,False,False,1,0,0
2457_left.jpg,2457,left,0,0,0,0,0,0,0,False,False,1,0,0
2458_left.jpg,2458,left,0,0,0,0,0,0,0,False,False,1,0,0
2460_left.jpg,2460,left,0,0,0,0,0,0,0,False,False,1,0,0
2461_left.jpg,2461,left,0,0,0,0,0,0,0,False,False,1,0,0
2462_left.jpg,2462,left,0,0,0,0,0,0,0,False,False,1,0,0
2463_left.jpg,2463,left,0,0,0,0,0,0,0,False,False,1,0,0
2465_left.jpg,2465,left,0,0,0,0,0,0,0,False,False,1,0,0
2469_left.jpg,2469,left,0,0,0,0,0,0,0,False,False,1,0,0
2470_left.jpg,2470,left,0,0,0,0,0,0,0,False,False,1,0,0
2471_left.jpg,2471,left,0,0,0,0,0,0,0,False,False,1,0,0
2476_left.jpg,2476,left,0,0,0,0,0,0,0,False,False,1,0,0
2479_left.jpg,2479,left,0,0,0,0,0,0,0,False,False,1,0,0
2480_left.jpg,2480,left,0,0,0,0,0,0,0,False,False,1,0,0
2481_left.jpg,2481,left,0,0,0,0,0,0,0,False,False,1,0,0
2483_left.jpg,2483,left,0,0,0,0,0,0,0,False,False,1,0,0
2484_left.jpg,2484,left,0,0,0,0,0,0,0,False,False,1,0,0
2485_left.jpg,2485,left,0,0,0,0,0,0,0,False,False,1,0,0
2486_left.jpg,2486,left,0,0,0,0,0,0,0,False,False,1,0,0
2487_left.jpg,2487,left,0,0,0,0,0,0,0,False,False,1,0,0
2488_left.jpg,2488,left,0,0,0,0,0,0,0,False,False,1,0,0
2490_left.jpg,2490,left,0,0,0,0,0,0,0,False,False,1,0,0
2492_left.jpg,2492,left,0,0,0,0,0,0,0,False,False,1,0,0
2497_left.jpg,2497,left,0,0,0,0,0,0,0,False,False,1,0,0
2499_left.jpg,2499,left,0,0,0,0,0,0,0,False,False,1,0,0
2500_left.jpg,2500,left,0,0,0,0,0,0,0,False,False,1,0,0
2501_left.jpg,2501,left,0,0,0,0,0,0,0,False,False,1,0,0
2502_left.jpg,2502,left,0,0,0,0,0,0,0,False,False,1,0,0
2503_left.jpg,2503,left,0,0,0,0,0,0,0,False,False,1,0,0
2504_left.jpg,2504,left,0,0,0,0,0,0,0,False,False,1,0,0
2506_left.jpg,2506,left,0,0,0,0,0,0,0,False,False,1,0,0
2507_left.jpg,2507,left,0,0,0,0,0,0,0,False,False,1,0,0
2509_left.jpg,2509,left,0,0,0,0,0,0,0,False,False,1,0,0
2511_left.jpg,2511,left,0,0,0,0,0,0,0,False,False,1,0,0
2512_left.jpg,2512,left,0,0,0,0,0,0,0,False,False,1,0,0
2515_left.jpg,2515,left,0,0,0,0,0,0,0,False,False,1,0,0
2518_left.jpg,2518,left,0,0,0,0,0,0,0,False,False,1,0,0
2519_left.jpg,2519,left,0,0,0,0,0,0,0,False,False,1,0,0
2520_left.jpg,2520,left,0,0,0,0,0,0,0,False,False,1,0,0
2521_left.jpg,2521,left,0,0,0,0,0,0,0,False,False,1,0,0
2523_left.jpg,2523,left,0,0,0,0,0,0,0,False,False,1,0,0
2524_left.jpg,2524,left,0,0,0,0,0,0,0,False,False,1,0,0
2525_left.jpg,2525,left,0,0,0,0,0,0,0,False,False,1,0,0
2528_left.jpg,2528,left,0,0,0,0,0,0,0,False,False,1,0,0
2529_left.jpg,2529,left,0,0,0,0,0,0,0,False,False,1,0,0
2530_left.jpg,2530,left,0,0,0,0,0,0,0,False,False,1,0,0
2531_left.jpg,2531,left,0,0,0,0,0,0,0,False,False,1,0,0
2532_left.jpg,2532,left,0,0,0,0,0,0,0,False,False,1,0,0
2534_left.jpg,2534,left,0,0,0,0,0,0,0,False,False,1,0,0
2535_left.jpg,2535,left,0,0,0,0,0,0,0,False,False,1,0,0
2539_left.jpg,2539,left,0,0,0,0,0,0,0,False,False,1,0,0
2540_left.jpg,2540,left,0,0,0,0,0,0,0,False,False,1,0,0
2542_left.jpg,2542,left,0,0,0,0,0,0,0,False,False,1,0,0
2544_left.jpg,2544,left,0,0,0,0,0,0,0,False,False,1,0,0
2545_left.jpg,2545,left,0,0,0,0,0,0,0,False,False,1,0,0
2546_left.jpg,2546,left,0,0,0,0,0,0,0,False,False,1,0,0
2547_left.jpg,2547,left,0,0,0,0,0,0,0,False,False,1,0,0
2548_left.jpg,2548,left,0,0,0,0,0,0,0,False,False,1,0,0
2549_left.jpg,2549,left,0,0,0,0,0,0,0,False,False,1,0,0
2554_left.jpg,2554,left,0,0,0,0,0,0,0,False,False,1,0,0
2555_left.jpg,2555,left,0,0,0,0,0,0,0,False,False,1,0,0
2558_left.jpg,2558,left,0,0,0,0,0,0,0,False,False,1,0,0
2560_left.jpg,2560,left,0,0,0,0,0,0,0,False,False,1,0,0
2561_left.jpg,2561,left,0,0,0,0,0,0,0,False,False,1,0,0
2562_left.jpg,2562,left,0,0,0,0,0,0,0,False,False,1,0,0
2563_left.jpg,2563,left,0,0,0,0,0,0,0,False,False,1,0,0
2564_left.jpg,2564,left,0,0,0,0,0,0,0,False,False,1,0,0
2565_left.jpg,2565,left,0,0,0,0,0,0,0,False,False,1,0,0
2566_left.jpg,2566,left,0,0,0,0,0,0,0,False,False,1,0,0
2567_left.jpg,2567,left,0,0,0,0,0,0,0,False,False,1,0,0
2569_left.jpg,2569,left,0,0,0,0,0,0,0,False,False,1,0,0
2570_left.jpg,2570,left,0,0,0,0,0,0,0,False,False,1,0,0
2574_left.jpg,2574,left,0,0,0,0,0,0,0,False,False,1,0,0
2577_left.jpg,2577,left,0,0,0,0,0,0,0,False,False,1,0,0
2579_left.jpg,2579,left,0,0,0,0,0,0,0,False,False,1,0,0
2583_left.jpg,2583,left,0,0,0,0,0,0,0,False,False,1,0,0
2585_left.jpg,2585,left,0,0,0,0,0,0,0,False,False,1,0,0
2586_left.jpg,2586,left,0,0,0,0,0,0,0,False,False,1,0,0
2587_left.jpg,2587,left,0,0,0,0,0,0,0,False,False,1,0,0
2588_left.jpg,2588,left,0,0,0,0,0,0,0,False,False,1,0,0
2590_left.jpg,2590,left,0,0,0,0,0,0,0,False,False,1,0,0
2591_left.jpg,2591,left,0,0,0,0,0,0,0,False,False,1,0,0
2592_left.jpg,2592,left,0,0,0,0,0,0,0,False,False,1,0,0
2594_left.jpg,2594,left,0,0,0,0,0,0,0,False,False,1,0,0
2595_left.jpg,2595,left,0,0,0,0,0,0,0,False,False,1,0,0
2598_left.jpg,2598,left,0,0,0,0,0,0,0,False,False,1,0,0
2599_left.jpg,2599,left,0,0,0,0,0,0,0,False,False,1,0,0
2601_left.jpg,2601,left,0,0,0,0,0,0,0,False,False,1,0,0
2602_left.jpg,2602,left,0,0,0,0,0,0,0,False,False,1,0,0
2603_left.jpg,2603,left,0,0,0,0,0,0,0,False,False,1,0,0
2604_left.jpg,2604,left,0,0,0,0,0,0,0,False,False,1,0,0
2608_left.jpg,2608,left,0,0,0,0,0,0,0,False,False,1,0,0
2609_left.jpg,2609,left,0,0,0,0,0,0,0,False,False,1,0,0
2610_left.jpg,2610,left,0,0,0,0,0,0,0,False,False,1,0,0
2612_left.jpg,2612,left,0,0,0,0,0,0,0,False,False,1,0,0
2613_left.jpg,2613,left,0,0,0,0,0,0,0,False,False,1,0,0
2614_left.jpg,2614,left,0,0,0,0,0,0,0,False,False,1,0,0
2616_left.jpg,2616,left,0,0,0,0,0,0,0,False,False,1,0,0
2617_left.jpg,2617,left,0,0,0,0,0,0,0,False,False,1,0,0
2618_left.jpg,2618,left,0,0,0,0,0,0,0,False,False,1,0,0
2626_left.jpg,2626,left,0,0,0,0,0,0,0,False,False,1,0,0
2628_left.jpg,2628,left,0,0,0,0,0,0,0,False,False,1,0,0
2631_left.jpg,2631,left,0,0,0,0,0,0,0,False,False,1,0,0
2632_left.jpg,2632,left,0,0,0,0,0,0,0,False,False,1,0,0
2633_left.jpg,2633,left,0,0,0,0,0,0,0,False,False,1,0,0
2634_left.jpg,2634,left,0,0,0,0,0,0,0,False,False,1,0,0
2636_left.jpg,2636,left,0,0,0,0,0,0,0,False,False,1,0,0
2637_left.jpg,2637,left,0,0,0,0,0,0,0,False,False,1,0,0
2638_left.jpg,2638,left,0,0,0,0,0,0,0,False,False,1,0,0
2639_left.jpg,2639,left,0,0,0,0,0,0,0,False,False,1,0,0
2640_left.jpg,2640,left,0,0,0,0,0,0,0,False,False,1,0,0
2641_left.jpg,2641,left,0,0,0,0,0,0,0,False,False,1,0,0
2644_left.jpg,2644,left,0,0,0,0,0,0,0,False,False,1,0,0
2646_left.jpg,2646,left,0,0,0,0,0,0,0,False,False,1,0,0
2647_left.jpg,2647,left,0,0,0,0,0,0,0,False,False,1,0,0
2649_left.jpg,2649,left,0,0,0,0,0,0,0,False,False,1,0,0
2651_left.jpg,2651,left,0,0,0,0,0,0,0,False,False,1,0,0
2652_left.jpg,2652,left,0,0,0,0,0,0,0,False,False,1,0,0
2654_left.jpg,2654,left,0,0,0,0,0,0,0,False,False,1,0,0
2655_left.jpg,2655,left,0,0,0,0,0,0,0,False,False,1,0,0
2658_left.jpg,2658,left,0,0,0,0,0,0,0,False,False,1,0,0
2659_left.jpg,2659,left,0,0,0,0,0,0,0,False,False,1,0,0
2660_left.jpg,2660,left,0,0,0,0,0,0,0,False,False,1,0,0
2664_left.jpg,2664,left,0,0,0,0,0,0,0,False,False,1,0,0
2665_left.jpg,2665,left,0,0,0,0,0,0,0,False,False,1,0,0
2666_left.jpg,2666,left,0,0,0,0,0,0,0,False,False,1,0,0
2669_left.jpg,2669,left,0,0,0,0,0,0,0,False,False,1,0,0
2670_left.jpg,2670,left,0,0,0,0,0,0,0,False,False,1,0,0
2675_left.jpg,2675,left,0,0,0,0,0,0,0,False,False,1,0,0
2677_left.jpg,2677,left,0,0,0,0,0,0,0,False,False,1,0,0
2679_left.jpg,2679,left,0,0,0,0,0,0,0,False,False,1,0,0
2682_left.jpg,2682,left,0,0,0,0,0,0,0,False,False,1,0,0
2684_left.jpg,2684,left,0,0,0,0,0,0,0,False,False,1,0,0
2685_left.jpg,2685,left,0,0,0,0,0,0,0,False,False,1,0,0
2687_left.jpg,2687,left,0,0,0,0,0,0,0,False,False,1,0,0
2688_left.jpg,2688,left,0,0,0,0,0,0,0,False,False,1,0,0
2689_left.jpg,2689,left,0,0,0,0,0,0,0,False,False,1,0,0
2690_left.jpg,2690,left,0,0,0,0,0,0,0,False,False,1,0,0
2693_left.jpg,2693,left,0,0,0,0,0,0,0,False,False,1,0,0
2695_left.jpg,2695,left,0,0,0,0,0,0,0,False,False,1,0,0
2696_left.jpg,2696,left,0,0,0,0,0,0,0,False,False,1,0,0
2703_left.jpg,2703,left,0,0,0,0,0,0,0,False,False,1,0,0
2704_left.jpg,2704,left,0,0,0,0,0,0,0,False,False,1,0,0
2706_left.jpg,2706,left,0,0,0,0,0,0,0,False,False,1,0,0
2708_left.jpg,2708,left,0,0,0,0,0,0,0,False,False,1,0,0
2709_left.jpg,2709,left,0,0,0,0,0,0,0,False,False,1,0,0
2711_left.jpg,2711,left,0,0,0,0,0,0,0,False,False,1,0,0
2712_left.jpg,2712,left,0,0,0,0,0,0,0,False,False,1,0,0
2713_left.jpg,2713,left,0,0,0,0,0,0,0,False,False,1,0,0
2714_left.jpg,2714,left,0,0,0,0,0,0,0,False,False,1,0,0
2716_left.jpg,2716,left,0,0,0,0,0,0,0,False,False,1,0,0
2717_left.jpg,2717,left,0,0,0,0,0,0,0,False,False,1,0,0
2718_left.jpg,2718,left,0,0,0,0,0,0,0,False,False,1,0,0
2720_left.jpg,2720,left,0,0,0,0,0,0,0,False,False,1,0,0
2721_left.jpg,2721,left,0,0,0,0,0,0,0,False,False,1,0,0
2722_left.jpg,2722,left,0,0,0,0,0,0,0,False,False,1,0,0
2723_left.jpg,2723,left,0,0,0,0,0,0,0,False,False,1,0,0
2727_left.jpg,2727,left,0,0,0,0,0,0,0,False,False,1,0,0
2730_left.jpg,2730,left,0,0,0,0,0,0,0,False,False,1,0,0
2731_left.jpg,2731,left,0,0,0,0,0,0,0,False,False,1,0,0
2732_left.jpg,2732,left,0,0,0,0,0,0,0,False,False,1,0,0
2733_left.jpg,2733,left,0,0,0,0,0,0,0,False,False,1,0,0
2738_left.jpg,2738,left,0,0,0,0,0,0,0,False,False,1,0,0
2742_left.jpg,2742,left,0,0,0,0,0,0,0,False,False,1,0,0
2743_left.jpg,2743,left,0,0,0,0,0,0,0,False,False,1,0,0
2744_left.jpg,2744,left,0,0,0,0,0,0,0,False,False,1,0,0
2745_left.jpg,2745,left,0,0,0,0,0,0,0,False,False,1,0,0
2746_left.jpg,2746,left,0,0,0,0,0,0,0,False,False,1,0,0
2748_left.jpg,2748,left,0,0,0,0,0,0,0,False,False,1,0,0
2749_left.jpg,2749,left,0,0,0,0,0,0,0,False,False,1,0,0
2755_left.jpg,2755,left,0,0,0,0,0,0,0,False,False,1,0,0
2757_left.jpg,2757,left,0,0,0,0,0,0,0,False,False,1,0,0
2758_left.jpg,2758,left,0,0,0,0,0,0,0,False,False,1,0,0
2762_left.jpg,2762,left,0,0,0,0,0,0,0,False,False,1,0,0
2763_left.jpg,2763,left,0,0,0,0,0,0,0,False,False,1,0,0
2764_left.jpg,2764,left,0,0,0,0,0,0,0,False,False,1,0,0
2768_left.jpg,2768,left,0,0,0,0,0,0,0,False,False,1,0,0
2769_left.jpg,2769,left,0,0,0,0,0,0,0,False,False,1,0,0
2770_left.jpg,2770,left,0,0,0,0,0,0,0,False,False,1,0,0
2771_left.jpg,2771,left,0,0,0,0,0,0,0,False,False,1,0,0
2772_left.jpg,2772,left,0,0,0,0,0,0,0,False,False,1,0,0
2774_left.jpg,2774,left,0,0,0,0,0,0,0,False,False,1,0,0
2775_left.jpg,2775,left,0,0,0,0,0,0,0,False,False,1,0,0
2776_left.jpg,2776,left,0,0,0,0,0,0,0,False,False,1,0,0
2777_left.jpg,2777,left,0,0,0,0,0,0,0,False,False,1,0,0
2778_left.jpg,2778,left,0,0,0,0,0,0,0,False,False,1,0,0
2781_left.jpg,2781,left,0,0,0,0,0,0,0,False,False,1,0,0
2783_left.jpg,2783,left,0,0,0,0,0,0,0,False,False,1,0,0
2784_left.jpg,2784,left,0,0,0,0,0,0,0,False,False,1,0,0
2786_left.jpg,2786,left,0,0,0,0,0,0,0,False,False,1,0,0
2788_left.jpg,2788,left,0,0,0,0,0,0,0,False,False,1,0,0
2790_left.jpg,2790,left,0,0,0,0,0,0,0,False,False,1,0,0
2791_left.jpg,2791,left,0,0,0,0,0,0,0,False,False,1,0,0
2793_left.jpg,2793,left,0,0,0,0,0,0,0,False,False,1,0,0
2795_left.jpg,2795,left,0,0,0,0,0,0,0,False,False,1,0,0
2796_left.jpg,2796,left,0,0,0,0,0,0,0,False,False,1,0,0
2797_left.jpg,2797,left,0,0,0,0,0,0,0,False,False,1,0,0
2798_left.jpg,2798,left,0,0,0,0,0,0,0,False,False,1,0,0
2799_left.jpg,2799,left,0,0,0,0,0,0,0,False,False,1,0,0
2800_left.jpg,2800,left,0,0,0,0,0,0,0,False,False,1,0,0
2801_left.jpg,2801,left,0,0,0,0,0,0,0,False,False,1,0,0
2802_left.jpg,2802,left,0,0,0,0,0,0,0,False,False,1,0,0
2804_left.jpg,2804,left,0,0,0,0,0,0,0,False,False,1,0,0
2805_left.jpg,2805,left,0,0,0,0,0,0,0,False,False,1,0,0
2807_left.jpg,2807,left,0,0,0,0,0,0,0,False,False,1,0,0
2811_left.jpg,2811,left,0,0,0,0,0,0,0,False,False,1,0,0
2812_left.jpg,2812,left,0,0,0,0,0,0,0,False,False,1,0,0
2813_left.jpg,2813,left,0,0,0,0,0,0,0,False,False,1,0,0
2818_left.jpg,2818,left,0,0,0,0,0,0,0,False,False,1,0,0
2819_left.jpg,2819,left,0,0,0,0,0,0,0,False,False,1,0,0
2821_left.jpg,2821,left,0,0,0,0,0,0,0,False,False,1,0,0
2822_left.jpg,2822,left,0,0,0,0,0,0,0,False,False,1,0,0
2823_left.jpg,2823,left,0,0,0,0,0,0,0,False,False,1,0,0
2824_left.jpg,2824,left,0,0,0,0,0,0,0,False,False,1,0,0
2825_left.jpg,2825,left,0,0,0,0,0,0,0,False,False,1,0,0
2827_left.jpg,2827,left,0,0,0,0,0,0,0,False,False,1,0,0
2828_left.jpg,2828,left,0,0,0,0,0,0,0,False,False,1,0,0
2829_left.jpg,2829,left,0,0,0,0,0,0,0,False,False,1,0,0
2830_left.jpg,2830,left,0,0,0,0,0,0,0,False,False,1,0,0
2831_left.jpg,2831,left,0,0,0,0,0,0,0,False,False,1,0,0
2832_left.jpg,2832,left,0,0,0,0,0,0,0,False,False,1,0,0
2833_left.jpg,2833,left,0,0,0,0,0,0,0,False,False,1,0,0
2835_left.jpg,2835,left,0,0,0,0,0,0,0,False,False,1,0,0
2836_left.jpg,2836,left,0,0,0,0,0,0,0,False,False,1,0,0
2838_left.jpg,2838,left,0,0,0,0,0,0,0,False,False,1,0,0
2841_left.jpg,2841,left,0,0,0,0,0,0,0,False,False,1,0,0
2842_left.jpg,2842,left,0,0,0,0,0,0,0,False,False,1,0,0
2843_left.jpg,2843,left,0,0,0,0,0,0,0,False,False,1,0,0
2844_left.jpg,2844,left,0,0,0,0,0,0,0,False,False,1,0,0
2846_left.jpg,2846,left,0,0,0,0,0,0,0,False,False,1,0,0
2847_left.jpg,2847,left,0,0,0,0,0,0,0,False,False,1,0,0
2848_left.jpg,2848,left,0,0,0,0,0,0,0,False,False,1,0,0
2849_left.jpg,2849,left,0,0,0,0,0,0,0,False,False,1,0,0
2852_left.jpg,2852,left,0,0,0,0,0,0,0,False,False,1,0,0
2854_left.jpg,2854,left,0,0,0,0,0,0,0,False,False,1,0,0
2855_left.jpg,2855,left,0,0,0,0,0,0,0,False,False,1,0,0
2856_left.jpg,2856,left,0,0,0,0,0,0,0,False,False,1,0,0
2857_left.jpg,2857,left,0,0,0,0,0,0,0,False,False,1,0,0
2860_left.jpg,2860,left,0,0,0,0,0,0,0,False,False,1,0,0
2861_left.jpg,2861,left,0,0,0,0,0,0,0,False,False,1,0,0
2862_left.jpg,2862,left,0,0,0,0,0,0,0,False,False,1,0,0
2864_left.jpg,2864,left,0,0,0,0,0,0,0,False,False,1,0,0
2866_left.jpg,2866,left,0,0,0,0,0,0,0,False,False,1,0,0
2867_left.jpg,2867,left,0,0,0,0,0,0,0,False,False,1,0,0
2868_left.jpg,2868,left,0,0,0,0,0,0,0,False,False,1,0,0
2871_left.jpg,2871,left,0,0,0,0,0,0,0,False,False,1,0,0
2874_left.jpg,2874,left,0,0,0,0,0,0,0,False,False,1,0,0
2876_left.jpg,2876,left,0,0,0,0,0,0,0,False,False,1,0,0
2877_left.jpg,2877,left,0,0,0,0,0,0,0,False,False,1,0,0
2878_left.jpg,2878,left,0,0,0,0,0,0,0,False,False,1,0,0
2879_left.jpg,2879,left,0,0,0,0,0,0,0,False,False,1,0,0
2880_left.jpg,2880,left,0,0,0,0,0,0,0,False,False,1,0,0
2881_left.jpg,2881,left,0,0,0,0,0,0,0,False,False,1,0,0
2882_left.jpg,2882,left,0,0,0,0,0,0,0,False,False,1,0,0
2883_left.jpg,2883,left,0,0,0,0,0,0,0,False,False,1,0,0
2885_left.jpg,2885,left,0,0,0,0,0,0,0,False,False,1,0,0
2886_left.jpg,2886,left,0,0,0,0,0,0,0,False,False,1,0,0
2887_left.jpg,2887,left,0,0,0,0,0,0,0,False,False,1,0,0
2890_left.jpg,2890,left,0,0,0,0,0,0,0,False,False,1,0,0
2895_left.jpg,2895,left,0,0,0,0,0,0,0,False,False,1,0,0
2897_left.jpg,2897,left,0,0,0,0,0,0,0,False,False,1,0,0
2898_left.jpg,2898,left,0,0,0,0,0,0,0,False,False,1,0,0
2899_left.jpg,2899,left,0,0,0,0,0,0,0,False,False,1,0,0
2902_left.jpg,2902,left,0,0,0,0,0,0,0,False,False,1,0,0
2903_left.jpg,2903,left,0,0,0,0,0,0,0,False,False,1,0,0
2905_left.jpg,2905,left,0,0,0,0,0,0,0,False,False,1,0,0
2908_left.jpg,2908,left,0,0,0,0,0,0,0,False,False,1,0,0
2909_left.jpg,2909,left,0,0,0,0,0,0,0,False,False,1,0,0
2911_left.jpg,2911,left,0,0,0,0,0,0,0,False,False,1,0,0
2915_left.jpg,2915,left,0,0,0,0,0,0,0,False,False,1,0,0
2918_left.jpg,2918,left,0,0,0,0,0,0,0,False,False,1,0,0
2920_left.jpg,2920,left,0,0,0,0,0,0,0,False,False,1,0,0
2923_left.jpg,2923,left,0,0,0,0,0,0,0,False,False,1,0,0
2925_left.jpg,2925,left,0,0,0,0,0,0,0,False,False,1,0,0
2929_left.jpg,2929,left,0,0,0,0,0,0,0,False,False,1,0,0
2931_left.jpg,2931,left,0,0,0,0,0,0,0,False,False,1,0,0
2932_left.jpg,2932,left,0,0,0,0,0,0,0,False,False,1,0,0
2933_left.jpg,2933,left,0,0,0,0,0,0,0,False,False,1,0,0
2934_left.jpg,2934,left,0,0,0,0,0,0,0,False,False,1,0,0
2935_left.jpg,2935,left,0,0,0,0,0,0,0,False,False,1,0,0
2936_left.jpg,2936,left,0,0,0,0,0,0,0,False,False,1,0,0
2938_left.jpg,2938,left,0,0,0,0,0,0,0,False,False,1,0,0
2939_left.jpg,2939,left,0,0,0,0,0,0,0,False,False,1,0,0
2940_left.jpg,2940,left,0,0,0,0,0,0,0,False,False,1,0,0
2942_left.jpg,2942,left,0,0,0,0,0,0,0,False,False,1,0,0
2945_left.jpg,2945,left,0,0,0,0,0,0,0,False,False,1,0,0
2946_left.jpg,2946,left,0,0,0,0,0,0,0,False,False,1,0,0
2948_left.jpg,2948,left,0,0,0,0,0,0,0,False,False,1,0,0
2949_left.jpg,2949,left,0,0,0,0,0,0,0,False,False,1,0,0
2951_left.jpg,2951,left,0,0,0,0,0,0,0,False,False,1,0,0
2952_left.jpg,2952,left,0,0,0,0,0,0,0,False,False,1,0,0
2953_left.jpg,2953,left,0,0,0,0,0,0,0,False,False,1,0,0
2955_left.jpg,2955,left,0,0,0,0,0,0,0,False,False,1,0,0
2956_left.jpg,2956,left,0,0,0,0,0,0,0,False,False,1,0,0
2957_left.jpg,2957,left,0,0,0,0,0,0,0,False,False,1,0,0
2958_left.jpg,2958,left,0,0,0,0,0,0,0,False,False,1,0,0
2965_left.jpg,2965,left,0,0,0,0,0,0,0,False,False,1,0,0
2967_left.jpg,2967,left,0,0,0,0,0,0,0,False,False,1,0,0
2969_left.jpg,2969,left,0,0,0,0,0,0,0,False,False,1,0,0
2971_left.jpg,2971,left,0,0,0,0,0,0,0,False,False,1,0,0
2973_left.jpg,2973,left,0,0,0,0,0,0,0,False,False,1,0,0
2975_left.jpg,2975,left,0,0,0,0,0,0,0,False,False,1,0,0
2976_left.jpg,2976,left,0,0,0,0,0,0,0,False,False,1,0,0
2978_left.jpg,2978,left,0,0,0,0,0,0,0,False,False,1,0,0
2981_left.jpg,2981,left,0,0,0,0,0,0,0,False,False,1,0,0
2982_left.jpg,2982,left,0,0,0,0,0,0,0,False,False,1,0,0
2983_left.jpg,2983,left,0,0,0,0,0,0,0,False,False,1,0,0
2984_left.jpg,2984,left,0,0,0,0,0,0,0,False,False,1,0,0
2985_left.jpg,2985,left,0,0,0,0,0,0,0,False,False,1,0,0
2987_left.jpg,2987,left,0,0,0,0,0,0,0,False,False,1,0,0
2989_left.jpg,2989,left,0,0,0,0,0,0,0,False,False,1,0,0
2990_left.jpg,2990,left,0,0,0,0,0,0,0,False,False,1,0,0
2991_left.jpg,2991,left,0,0,0,0,0,0,0,False,False,1,0,0
2994_left.jpg,2994,left,0,0,0,0,0,0,0,False,False,1,0,0
2995_left.jpg,2995,left,0,0,0,0,0,0,0,False,False,1,0,0
2997_left.jpg,2997,left,0,0,0,0,0,0,0,False,False,1,0,0
2998_left.jpg,2998,left,0,0,0,0,0,0,0,False,False,1,0,0
2999_left.jpg,2999,left,0,0,0,0,0,0,0,False,False,1,0,0
3000_left.jpg,3000,left,0,0,0,0,0,0,0,False,False,1,0,0
3002_left.jpg,3002,left,0,0,0,0,0,0,0,False,False,1,0,0
3003_left.jpg,3003,left,0,0,0,0,0,0,0,False,False,1,0,0
3005_left.jpg,3005,left,0,0,0,0,0,0,0,False,False,1,0,0
3007_left.jpg,3007,left,0,0,0,0,0,0,0,False,False,1,0,0
3008_left.jpg,3008,left,0,0,0,0,0,0,0,False,False,1,0,0
3010_left.jpg,3010,left,0,0,0,0,0,0,0,False,False,1,0,0
3011_left.jpg,3011,left,0,0,0,0,0,0,0,False,False,1,0,0
3012_left.jpg,3012,left,0,0,0,0,0,0,0,False,False,1,0,0
3014_left.jpg,3014,left,0,0,0,0,0,0,0,False,False,1,0,0
3018_left.jpg,3018,left,0,0,0,0,0,0,0,False,False,1,0,0
3019_left.jpg,3019,left,0,0,0,0,0,0,0,False,False,1,0,0
3020_left.jpg,3020,left,0,0,0,0,0,0,0,False,False,1,0,0
3023_left.jpg,3023,left,0,0,0,0,0,0,0,False,False,1,0,0
3026_left.jpg,3026,left,0,0,0,0,0,0,0,False,False,1,0,0
3027_left.jpg,3027,left,0,0,0,0,0,0,0,False,False,1,0,0
3033_left.jpg,3033,left,0,0,0,0,0,0,0,False,False,1,0,0
3034_left.jpg,3034,left,0,0,0,0,0,0,0,False,False,1,0,0
3035_left.jpg,3035,left,0,0,0,0,0,0,0,False,False,1,0,0
3036_left.jpg,3036,left,0,0,0,0,0,0,0,False,False,1,0,0
3038_left.jpg,3038,left,0,0,0,0,0,0,0,False,False,1,0,0
3041_left.jpg,3041,left,0,0,0,0,0,0,0,False,False,1,0,0
3042_left.jpg,3042,left,0,0,0,0,0,0,0,False,False,1,0,0
3043_left.jpg,3043,left,0,0,0,0,0,0,0,False,False,1,0,0
3044_left.jpg,3044,left,0,0,0,0,0,0,0,False,False,1,0,0
3047_left.jpg,3047,left,0,0,0,0,0,0,0,False,False,1,0,0
3048_left.jpg,3048,left,0,0,0,0,0,0,0,False,False,1,0,0
3049_left.jpg,3049,left,0,0,0,0,0,0,0,False,False,1,0,0
3050_left.jpg,3050,left,0,0,0,0,0,0,0,False,False,1,0,0
3051_left.jpg,3051,left,0,0,0,0,0,0,0,False,False,1,0,0
3052_left.jpg,3052,left,0,0,0,0,0,0,0,False,False,1,0,0
3054_left.jpg,3054,left,0,0,0,0,0,0,0,False,False,1,0,0
3056_left.jpg,3056,left,0,0,0,0,0,0,0,False,False,1,0,0
3057_left.jpg,3057,left,0,0,0,0,0,0,0,False,False,1,0,0
3058_left.jpg,3058,left,0,0,0,0,0,0,0,False,False,1,0,0
3061_left.jpg,3061,left,0,0,0,0,0,0,0,False,False,1,0,0
3062_left.jpg,3062,left,0,0,0,0,0,0,0,False,False,1,0,0
3063_left.jpg,3063,left,0,0,0,0,0,0,0,False,False,1,0,0
3064_left.jpg,3064,left,0,0,0,0,0,0,0,False,False,1,0,0
3065_left.jpg,3065,left,0,0,0,0,0,0,0,False,False,1,0,0
3067_left.jpg,3067,left,0,0,0,0,0,0,0,False,False,1,0,0
3068_left.jpg,3068,left,0,0,0,0,0,0,0,False,False,1,0,0
3070_left.jpg,3070,left,0,0,0,0,0,0,0,False,False,1,0,0
3072_left.jpg,3072,left,0,0,0,0,0,0,0,False,False,1,0,0
3073_left.jpg,3073,left,0,0,0,0,0,0,0,False,False,1,0,0
3074_left.jpg,3074,left,0,0,0,0,0,0,0,False,False,1,0,0
3076_left.jpg,3076,left,0,0,0,0,0,0,0,False,False,1,0,0
3078_left.jpg,3078,left,0,0,0,0,0,0,0,False,False,1,0,0
3082_left.jpg,3082,left,0,0,0,0,0,0,0,False,False,1,0,0
3083_left.jpg,3083,left,0,0,0,0,0,0,0,False,False,1,0,0
3084_left.jpg,3084,left,0,0,0,0,0,0,0,False,False,1,0,0
3085_left.jpg,3085,left,0,0,0,0,0,0,0,False,False,1,0,0
3088_left.jpg,3088,left,0,0,0,0,0,0,0,False,False,1,0,0
3090_left.jpg,3090,left,0,0,0,0,0,0,0,False,False,1,0,0
3091_left.jpg,3091,left,0,0,0,0,0,0,0,False,False,1,0,0
3092_left.jpg,3092,left,0,0,0,0,0,0,0,False,False,1,0,0
3093_left.jpg,3093,left,0,0,0,0,0,0,0,False,False,1,0,0
3095_left.jpg,3095,left,0,0,0,0,0,0,0,False,False,1,0,0
3097_left.jpg,3097,left,0,0,0,0,0,0,0,False,False,1,0,0
3098_left.jpg,3098,left,0,0,0,0,0,0,0,False,False,1,0,0
3101_left.jpg,3101,left,0,0,0,0,0,0,0,False,False,1,0,0
3104_left.jpg,3104,left,0,0,0,0,0,0,0,False,False,1,0,0
3105_left.jpg,3105,left,0,0,0,0,0,0,0,False,False,1,0,0
3109_left.jpg,3109,left,0,0,0,0,0,0,0,False,False,1,0,0
3111_left.jpg,3111,left,0,0,0,0,0,0,0,False,False,1,0,0
3114_left.jpg,3114,left,0,0,0,0,0,0,0,False,False,1,0,0
3116_left.jpg,3116,left,0,0,0,0,0,0,0,False,False,1,0,0
3117_left.jpg,3117,left,0,0,0,0,0,0,0,False,False,1,0,0
3119_left.jpg,3119,left,0,0,0,0,0,0,0,False,False,1,0,0
3122_left.jpg,3122,left,0,0,0,0,0,0,0,False,False,1,0,0
3123_left.jpg,3123,left,0,0,0,0,0,0,0,False,False,1,0,0
3124_left.jpg,3124,left,0,0,0,0,0,0,0,False,False,1,0,0
3126_left.jpg,3126,left,0,0,0,0,0,0,0,False,False,1,0,0
3127_left.jpg,3127,left,0,0,0,0,0,0,0,False,False,1,0,0
3128_left.jpg,3128,left,0,0,0,0,0,0,0,False,False,1,0,0
3129_left.jpg,3129,left,0,0,0,0,0,0,0,False,False,1,0,0
3132_left.jpg,3132,left,0,0,0,0,0,0,0,False,False,1,0,0
3134_left.jpg,3134,left,0,0,0,0,0,0,0,False,False,1,0,0
3137_left.jpg,3137,left,0,0,0,0,0,0,0,False,False,1,0,0
3138_left.jpg,3138,left,0,0,0,0,0,0,0,False,False,1,0,0
3140_left.jpg,3140,left,0,0,0,0,0,0,0,False,False,1,0,0
3141_left.jpg,3141,left,0,0,0,0,0,0,0,False,False,1,0,0
3146_left.jpg,3146,left,0,0,0,0,0,0,0,False,False,1,0,0
3147_left.jpg,3147,left,0,0,0,0,0,0,0,False,False,1,0,0
3150_left.jpg,3150,left,0,0,0,0,0,0,0,False,False,1,0,0
3151_left.jpg,3151,left,0,0,0,0,0,0,0,False,False,1,0,0
3152_left.jpg,3152,left,0,0,0,0,0,0,0,False,False,1,0,0
3153_left.jpg,3153,left,0,0,0,0,0,0,0,False,False,1,0,0
3157_left.jpg,3157,left,0,0,0,0,0,0,0,False,False,1,0,0
3160_left.jpg,3160,left,0,0,0,0,0,0,0,False,False,1,0,0
3161_left.jpg,3161,left,0,0,0,0,0,0,0,False,False,1,0,0
3162_left.jpg,3162,left,0,0,0,0,0,0,0,False,False,1,0,0
3163_left.jpg,3163,left,0,0,0,0,0,0,0,False,False,1,0,0
3165_left.jpg,3165,left,0,0,0,0,0,0,0,False,False,1,0,0
3166_left.jpg,3166,left,0,0,0,0,0,0,0,False,False,1,0,0
3167_left.jpg,3167,left,0,0,0,0,0,0,0,False,False,1,0,0
3170_left.jpg,3170,left,0,0,0,0,0,0,0,False,False,1,0,0
3171_left.jpg,3171,left,0,0,0,0,0,0,0,False,False,1,0,0
3173_left.jpg,3173,left,0,0,0,0,0,0,0,False,False,1,0,0
3176_left.jpg,3176,left,0,0,0,0,0,0,0,False,False,1,0,0
3177_left.jpg,3177,left,0,0,0,0,0,0,0,False,False,1,0,0
3178_left.jpg,3178,left,0,0,0,0,0,0,0,False,False,1,0,0
3179_left.jpg,3179,left,0,0,0,0,0,0,0,False,False,1,0,0
3180_left.jpg,3180,left,0,0,0,0,0,0,0,False,False,1,0,0
3182_left.jpg,3182,left,0,0,0,0,0,0,0,False,False,1,0,0
3183_left.jpg,3183,left,0,0,0,0,0,0,0,False,False,1,0,0
3184_left.jpg,3184,left,0,0,0,0,0,0,0,False,False,1,0,0
3187_left.jpg,3187,left,0,0,0,0,0,0,0,False,False,1,0,0
3188_left.jpg,3188,left,0,0,0,0,0,0,0,False,False,1,0,0
3189_left.jpg,3189,left,0,0,0,0,0,0,0,False,False,1,0,0
3190_left.jpg,3190,left,0,0,0,0,0,0,0,False,False,1,0,0
3191_left.jpg,3191,left,0,0,0,0,0,0,0,False,False,1,0,0
3192_left.jpg,3192,left,0,0,0,0,0,0,0,False,False,1,0,0
3194_left.jpg,3194,left,0,0,0,0,0,0,0,False,False,1,0,0
3195_left.jpg,3195,left,0,0,0,0,0,0,0,False,False,1,0,0
3197_left.jpg,3197,left,0,0,0,0,0,0,0,False,False,1,0,0
3198_left.jpg,3198,left,0,0,0,0,0,0,0,False,False,1,0,0
3199_left.jpg,3199,left,0,0,0,0,0,0,0,False,False,1,0,0
3200_left.jpg,3200,left,0,0,0,0,0,0,0,False,False,1,0,0
3202_left.jpg,3202,left,0,0,0,0,0,0,0,False,False,1,0,0
3203_left.jpg,3203,left,0,0,0,0,0,0,0,False,False,1,0,0
3205_left.jpg,3205,left,0,0,0,0,0,0,0,False,False,1,0,0
3206_left.jpg,3206,left,0,0,0,0,0,0,0,False,False,1,0,0
3207_left.jpg,3207,left,0,0,0,0,0,0,0,False,False,1,0,0
3208_left.jpg,3208,left,0,0,0,0,0,0,0,False,False,1,0,0
3210_left.jpg,3210,left,0,0,0,0,0,0,0,False,False,1,0,0
3212_left.jpg,3212,left,0,0,0,0,0,0,0,False,False,1,0,0
3215_left.jpg,3215,left,0,0,0,0,0,0,0,False,False,1,0,0
3216_left.jpg,3216,left,0,0,0,0,0,0,0,False,False,1,0,0
3217_left.jpg,3217,left,0,0,0,0,0,0,0,False,False,1,0,0
3218_left.jpg,3218,left,0,0,0,0,0,0,0,False,False,1,0,0
3219_left.jpg,3219,left,0,0,0,0,0,0,0,False,False,1,0,0
3222_left.jpg,3222,left,0,0,0,0,0,0,0,False,False,1,0,0
3226_left.jpg,3226,left,0,0,0,0,0,0,0,False,False,1,0,0
3229_left.jpg,3229,left,0,0,0,0,0,0,0,False,False,1,0,0
3230_left.jpg,3230,left,0,0,0,0,0,0,0,False,False,1,0,0
3232_left.jpg,3232,left,0,0,0,0,0,0,0,False,False,1,0,0
3234_left.jpg,3234,left,0,0,0,0,0,0,0,False,False,1,0,0
3235_left.jpg,3235,left,0,0,0,0,0,0,0,False,False,1,0,0
3236_left.jpg,3236,left,0,0,0,0,0,0,0,False,False,1,0,0
3237_left.jpg,3237,left,0,0,0,0,0,0,0,False,False,1,0,0
3242_left.jpg,3242,left,0,0,0,0,0,0,0,False,False,1,0,0
3243_left.jpg,3243,left,0,0,0,0,0,0,0,False,False,1,0,0
3246_left.jpg,3246,left,0,0,0,0,0,0,0,False,False,1,0,0
3248_left.jpg,3248,left,0,0,0,0,0,0,0,False,False,1,0,0
3249_left.jpg,3249,left,0,0,0,0,0,0,0,False,False,1,0,0
3250_left.jpg,3250,left,0,0,0,0,0,0,0,False,False,1,0,0
3253_left.jpg,3253,left,0,0,0,0,0,0,0,False,False,1,0,0
3258_left.jpg,3258,left,0,0,0,0,0,0,0,False,False,1,0,0
3259_left.jpg,3259,left,0,0,0,0,0,0,0,False,False,1,0,0
3262_left.jpg,3262,left,0,0,0,0,0,0,0,False,False,1,0,0
3263_left.jpg,3263,left,0,0,0,0,0,0,0,False,False,1,0,0
3264_left.jpg,3264,left,0,0,0,0,0,0,0,False,False,1,0,0
3267_left.jpg,3267,left,0,0,0,0,0,0,0,False,False,1,0,0
3268_left.jpg,3268,left,0,0,0,0,0,0,0,False,False,1,0,0
3269_left.jpg,3269,left,0,0,0,0,0,0,0,False,False,1,0,0
3270_left.jpg,3270,left,0,0,0,0,0,0,0,False,False,1,0,0
3271_left.jpg,3271,left,0,0,0,0,0,0,0,False,False,1,0,0
3272_left.jpg,3272,left,0,0,0,0,0,0,0,False,False,1,0,0
3273_left.jpg,3273,left,0,0,0,0,0,0,0,False,False,1,0,0
3274_left.jpg,3274,left,0,0,0,0,0,0,0,False,False,1,0,0
3275_left.jpg,3275,left,0,0,0,0,0,0,0,False,False,1,0,0
3276_left.jpg,3276,left,0,0,0,0,0,0,0,False,False,1,0,0
3281_left.jpg,3281,left,0,0,0,0,0,0,0,False,False,1,0,0
3282_left.jpg,3282,left,0,0,0,0,0,0,0,False,False,1,0,0
3285_left.jpg,3285,left,0,0,0,0,0,0,0,False,False,1,0,0
3286_left.jpg,3286,left,0,0,0,0,0,0,0,False,False,1,0,0
3288_left.jpg,3288,left,0,0,0,0,0,0,0,False,False,1,0,0
3289_left.jpg,3289,left,0,0,0,0,0,0,0,False,False,1,0,0
3290_left.jpg,3290,left,0,0,0,0,0,0,0,False,False,1,0,0
3291_left.jpg,3291,left,0,0,0,0,0,0,0,False,False,1,0,0
3294_left.jpg,3294,left,0,0,0,0,0,0,0,False,False,1,0,0
3295_left.jpg,3295,left,0,0,0,0,0,0,0,False,False,1,0,0
3296_left.jpg,3296,left,0,0,0,0,0,0,0,False,False,1,0,0
3297_left.jpg,3297,left,0,0,0,0,0,0,0,False,False,1,0,0
3299_left.jpg,3299,left,0,0,0,0,0,0,0,False,False,1,0,0
3303_left.jpg,3303,left,0,0,0,0,0,0,0,False,False,1,0,0
3304_left.jpg,3304,left,0,0,0,0,0,0,0,False,False,1,0,0
3305_left.jpg,3305,left,0,0,0,0,0,0,0,False,False,1,0,0
3306_left.jpg,3306,left,0,0,0,0,0,0,0,False,False,1,0,0
3307_left.jpg,3307,left,0,0,0,0,0,0,0,False,False,1,0,0
3308_left.jpg,3308,left,0,0,0,0,0,0,0,False,False,1,0,0
3309_left.jpg,3309,left,0,0,0,0,0,0,0,False,False,1,0,0
3310_left.jpg,3310,left,0,0,0,0,0,0,0,False,False,1,0,0
3313_left.jpg,3313,left,0,0,0,0,0,0,0,False,False,1,0,0
3317_left.jpg,3317,left,0,0,0,0,0,0,0,False,False,1,0,0
3318_left.jpg,3318,left,0,0,0,0,0,0,0,False,False,1,0,0
3319_left.jpg,3319,left,0,0,0,0,0,0,0,False,False,1,0,0
3321_left.jpg,3321,left,0,0,0,0,0,0,0,False,False,1,0,0
3323_left.jpg,3323,left,0,0,0,0,0,0,0,False,False,1,0,0
3324_left.jpg,3324,left,0,0,0,0,0,0,0,False,False,1,0,0
3325_left.jpg,3325,left,0,0,0,0,0,0,0,False,False,1,0,0
3327_left.jpg,3327,left,0,0,0,0,0,0,0,False,False,1,0,0
3328_left.jpg,3328,left,0,0,0,0,0,0,0,False,False,1,0,0
3329_left.jpg,3329,left,0,0,0,0,0,0,0,False,False,1,0,0
3330_left.jpg,3330,left,0,0,0,0,0,0,0,False,False,1,0,0
3333_left.jpg,3333,left,0,0,0,0,0,0,0,False,False,1,0,0
3334_left.jpg,3334,left,0,0,0,0,0,0,0,False,False,1,0,0
3335_left.jpg,3335,left,0,0,0,0,0,0,0,False,False,1,0,0
3336_left.jpg,3336,left,0,0,0,0,0,0,0,False,False,1,0,0
3339_left.jpg,3339,left,0,0,0,0,0,0,0,False,False,1,0,0
3343_left.jpg,3343,left,0,0,0,0,0,0,0,False,False,1,0,0
3344_left.jpg,3344,left,0,0,0,0,0,0,0,False,False,1,0,0
3345_left.jpg,3345,left,0,0,0,0,0,0,0,False,False,1,0,0
3347_left.jpg,3347,left,0,0,0,0,0,0,0,False,False,1,0,0
3350_left.jpg,3350,left,0,0,0,0,0,0,0,False,False,1,0,0
3351_left.jpg,3351,left,0,0,0,0,0,0,0,False,False,1,0,0
3352_left.jpg,3352,left,0,0,0,0,0,0,0,False,False,1,0,0
3355_left.jpg,3355,left,0,0,0,0,0,0,0,False,False,1,0,0
3356_left.jpg,3356,left,0,0,0,0,0,0,0,False,False,1,0,0
3358_left.jpg,3358,left,0,0,0,0,0,0,0,False,False,1,0,0
3360_left.jpg,3360,left,0,0,0,0,0,0,0,False,False,1,0,0
3361_left.jpg,3361,left,0,0,0,0,0,0,0,False,False,1,0,0
3362_left.jpg,3362,left,0,0,0,0,0,0,0,False,False,1,0,0
3365_left.jpg,3365,left,0,0,0,0,0,0,0,False,False,1,0,0
3366_left.jpg,3366,left,0,0,0,0,0,0,0,False,False,1,0,0
3367_left.jpg,3367,left,0,0,0,0,0,0,0,False,False,1,0,0
3370_left.jpg,3370,left,0,0,0,0,0,0,0,False,False,1,0,0
3371_left.jpg,3371,left,0,0,0,0,0,0,0,False,False,1,0,0
3372_left.jpg,3372,left,0,0,0,0,0,0,0,False,False,1,0,0
3373_left.jpg,3373,left,0,0,0,0,0,0,0,False,False,1,0,0
3375_left.jpg,3375,left,0,0,0,0,0,0,0,False,False,1,0,0
3376_left.jpg,3376,left,0,0,0,0,0,0,0,False,False,1,0,0
3377_left.jpg,3377,left,0,0,0,0,0,0,0,False,False,1,0,0
3379_left.jpg,3379,left,0,0,0,0,0,0,0,False,False,1,0,0
3381_left.jpg,3381,left,0,0,0,0,0,0,0,False,False,1,0,0
3382_left.jpg,3382,left,0,0,0,0,0,0,0,False,False,1,0,0
3384_left.jpg,3384,left,0,0,0,0,0,0,0,False,False,1,0,0
3385_left.jpg,3385,left,0,0,0,0,0,0,0,False,False,1,0,0
3386_left.jpg,3386,left,0,0,0,0,0,0,0,False,False,1,0,0
3387_left.jpg,3387,left,0,0,0,0,0,0,0,False,False,1,0,0
3388_left.jpg,3388,left,0,0,0,0,0,0,0,False,False,1,0,0
3389_left.jpg,3389,left,0,0,0,0,0,0,0,False,False,1,0,0
3390_left.jpg,3390,left,0,0,0,0,0,0,0,False,False,1,0,0
3393_left.jpg,3393,left,0,0,0,0,0,0,0,False,False,1,0,0
3394_left.jpg,3394,left,0,0,0,0,0,0,0,False,False,1,0,0
3395_left.jpg,3395,left,0,0,0,0,0,0,0,False,False,1,0,0
3399_left.jpg,3399,left,0,0,0,0,0,0,0,False,False,1,0,0
3400_left.jpg,3400,left,0,0,0,0,0,0,0,False,False,1,0,0
3403_left.jpg,3403,left,0,0,0,0,0,0,0,False,False,1,0,0
3406_left.jpg,3406,left,0,0,0,0,0,0,0,False,False,1,0,0
3407_left.jpg,3407,left,0,0,0,0,0,0,0,False,False,1,0,0
3408_left.jpg,3408,left,0,0,0,0,0,0,0,False,False,1,0,0
3409_left.jpg,3409,left,0,0,0,0,0,0,0,False,False,1,0,0
3410_left.jpg,3410,left,0,0,0,0,0,0,0,False,False,1,0,0
3411_left.jpg,3411,left,0,0,0,0,0,0,0,False,False,1,0,0
3412_left.jpg,3412,left,0,0,0,0,0,0,0,False,False,1,0,0
3414_left.jpg,3414,left,0,0,0,0,0,0,0,False,False,1,0,0
3415_left.jpg,3415,left,0,0,0,0,0,0,0,False,False,1,0,0
3416_left.jpg,3416,left,0,0,0,0,0,0,0,False,False,1,0,0
3417_left.jpg,3417,left,0,0,0,0,0,0,0,False,False,1,0,0
3420_left.jpg,3420,left,0,0,0,0,0,0,0,False,False,1,0,0
3421_left.jpg,3421,left,0,0,0,0,0,0,0,False,False,1,0,0
3422_left.jpg,3422,left,0,0,0,0,0,0,0,False,False,1,0,0
3423_left.jpg,3423,left,0,0,0,0,0,0,0,False,False,1,0,0
3424_left.jpg,3424,left,0,0,0,0,0,0,0,False,False,1,0,0
3426_left.jpg,3426,left,0,0,0,0,0,0,0,False,False,1,0,0
3427_left.jpg,3427,left,0,0,0,0,0,0,0,False,False,1,0,0
3428_left.jpg,3428,left,0,0,0,0,0,0,0,False,False,1,0,0
3429_left.jpg,3429,left,0,0,0,0,0,0,0,False,False,1,0,0
3432_left.jpg,3432,left,0,0,0,0,0,0,0,False,False,1,0,0
3433_left.jpg,3433,left,0,0,0,0,0,0,0,False,False,1,0,0
3434_left.jpg,3434,left,0,0,0,0,0,0,0,False,False,1,0,0
3437_left.jpg,3437,left,0,0,0,0,0,0,0,False,False,1,0,0
3439_left.jpg,3439,left,0,0,0,0,0,0,0,False,False,1,0,0
3440_left.jpg,3440,left,0,0,0,0,0,0,0,False,False,1,0,0
3442_left.jpg,3442,left,0,0,0,0,0,0,0,False,False,1,0,0
3443_left.jpg,3443,left,0,0,0,0,0,0,0,False,False,1,0,0
3444_left.jpg,3444,left,0,0,0,0,0,0,0,False,False,1,0,0
3445_left.jpg,3445,left,0,0,0,0,0,0,0,False,False,1,0,0
3448_left.jpg,3448,left,0,0,0,0,0,0,0,False,False,1,0,0
3485_left.jpg,3485,left,0,0,0,0,0,0,0,False,False,1,0,0
3932_left.jpg,3932,left,1,0,0,0,0,1,1,False,False,0,0,0
3934_left.jpg,3934,left,1,0,0,0,0,1,2,False,False,0,0,0
3937_left.jpg,3937,left,1,0,0,0,0,0,0,False,False,0,0,0
3939_left.jpg,3939,left,1,0,0,0,1,1,3,False,False,0,0,0
3943_left.jpg,3943,left,1,0,0,0,0,1,1,False,False,0,0,0
3944_left.jpg,3944,left,1,0,0,0,0,1,2,False,False,0,0,0
3949_left.jpg,3949,left,1,0,0,0,0,0,0,False,False,0,0,0
3950_left.jpg,3950,left,1,0,0,0,0,1,1,False,False,0,0,0
3951_left.jpg,3951,left,1,0,0,0,1,1,1,False,False,0,0,0
3952_left.jpg,3952,left,1,0,0,0,0,1,2,False,False,0,0,0
3954_left.jpg,3954,left,1,0,0,0,0,1,1,False,False,0,0,0
3955_left.jpg,3955,left,1,0,0,0,0,1,2,False,False,0,0,0
3956_left.jpg,3956,left,1,0,0,0,0,1,2,False,False,0,0,0
3957_left.jpg,3957,left,1,0,0,0,0,1,2,False,False,0,0,0
3961_left.jpg,3961,left,1,0,0,0,0,0,0,False,False,0,0,0
3962_left.jpg,3962,left,1,0,0,0,0,1,2,False,False,0,0,0
3965_left.jpg,3965,left,1,0,0,0,0,1,3,False,False,0,0,0
3969_left.jpg,3969,left,1,0,0,0,0,1,2,False,False,0,0,0
3970_left.jpg,3970,left,1,0,0,0,0,0,0,False,False,0,0,0
3971_left.jpg,3971,left,1,0,0,0,0,1,2,False,False,0,0,0
3972_left.jpg,3972,left,1,0,0,0,0,1,3,False,False,0,0,0
3973_left.jpg,3973,left,1,0,0,0,0,1,2,False,False,0,0,0
3976_left.jpg,3976,left,1,0,0,0,0,1,2,False,False,0,0,0
3977_left.jpg,3977,left,1,0,0,0,0,1,1,False,False,0,0,0
3978_left.jpg,3978,left,1,0,0,0,0,1,1,False,False,0,0,0
3980_left.jpg,3980,left,1,0,0,0,0,1,1,False,False,0,0,0
3981_left.jpg,3981,left,1,0,0,0,1,1,2,False,False,0,0,0
3982_left.jpg,3982,left,1,0,0,0,1,1,2,False,False,0,0,0
3983_left.jpg,3983,left,1,0,0,0,0,0,0,False,False,0,0,0
3985_left.jpg,3985,left,1,0,0,0,0,1,1,False,False,0,0,0
3993_left.jpg,3993,left,1,0,0,0,0,1,1,False,False,0,0,0
3995_left.jpg,3995,left,1,0,0,0,0,1,2,False,False,0,0,0
3997_left.jpg,3997,left,1,0,0,0,0,1,3,False,False,0,0,0
4001_left.jpg,4001,left,1,0,0,0,0,1,2,False,False,0,0,0
4002_left.jpg,4002,left,1,0,0,0,0,1,3,False,False,0,0,0
4003_left.jpg,4003,left,1,0,0,0,0,1,2,False,False,0,0,0
4005_left.jpg,4005,left,1,0,0,0,0,1,1,False,False,0,0,0
4009_left.jpg,4009,left,1,0,0,0,0,1,2,False,False,0,0,0
4012_left.jpg,4012,left,1,0,0,0,1,1,1,False,False,0,0,0
4014_left.jpg,4014,left,1,0,0,0,0,1,2,False,False,0,0,0
4015_left.jpg,4015,left,1,0,0,0,0,1,2,False,False,0,0,0
4020_left.jpg,4020,left,1,0,0,0,0,1,1,False,False,0,0,0
4023_left.jpg,4023,left,1,0,0,0,0,0,0,False,False,0,0,0
4024_left.jpg,4024,left,1,0,0,0,0,0,0,False,False,0,0,0
4026_left.jpg,4026,left,1,0,0,0,0,0,0,False,False,0,0,0
4029_left.jpg,4029,left,1,0,0,0,0,1,2,False,False,0,0,0
4030_left.jpg,4030,left,1,0,0,0,0,1,1,False,False,0,0,0
4033_left.jpg,4033,left,1,0,0,0,0,1,2,False,False,0,0,0
4034_left.jpg,4034,left,1,0,0,0,0,1,1,False,False,0,0,0
4035_left.jpg,4035,left,1,0,0,0,0,1,1,False,False,0,0,0
4036_left.jpg,4036,left,1,0,0,0,0,0,0,False,False,0,0,0
4037_left.jpg,4037,left,1,0,0,0,1,1,2,False,False,0,0,0
4038_left.jpg,4038,left,1,0,0,0,0,0,0,False,False,0,0,0
4039_left.jpg,4039,left,1,0,0,0,0,1,2,False,False,0,0,0
4040_left.jpg,4040,left,1,0,0,0,0,1,2,False,False,0,0,0
4041_left.jpg,4041,left,1,0,0,0,0,1,2,False,False,0,0,0
4043_left.jpg,4043,left,1,0,0,0,0,1,3,False,False,0,0,0
4044_left.jpg,4044,left,1,0,0,0,0,1,2,False,False,0,0,0
4045_left.jpg,4045,left,1,0,0,0,0,1,1,False,False,0,0,0
4047_left.jpg,4047,left,1,0,0,0,0,1,1,False,False,0,0,0
4048_left.jpg,4048,left,1,0,0,0,0,1,1,False,False,0,0,0
4049_left.jpg,4049,left,1,0,0,0,0,1,2,False,False,0,0,0
4051_left.jpg,4051,left,1,0,0,0,0,1,2,False,False,0,0,0
4052_left.jpg,4052,left,1,0,0,0,0,1,1,False,False,0,0,0
4053_left.jpg,4053,left,1,0,0,0,0,1,1,False,False,0,0,0
4054_left.jpg,4054,left,1,0,0,0,0,1,2,False,False,0,0,0
4055_left.jpg,4055,left,1,0,0,0,1,1,1,False,False,0,0,0
4058_left.jpg,4058,left,0,0,0,0,0,0,0,False,False,0,0,1
4059_left.jpg,4059,left,1,0,0,0,0,0,0,False,False,0,0,0
4060_left.jpg,4060,left,1,0,0,0,0,0,0,False,False,0,0,0
4061_left.jpg,4061,left,1,0,0,0,0,1,2,False,False,0,0,0
4063_left.jpg,4063,left,1,0,0,0,0,1,2,False,False,0,0,0
4064_left.jpg,4064,left,1,0,0,0,0,1,1,False,False,0,0,0
4066_left.jpg,4066,left,1,0,0,0,0,1,2,False,False,0,0,0
4067_left.jpg,4067,left,1,0,0,0,0,1,2,False,False,0,0,0
4068_left.jpg,4068,left,1,0,0,1,0,1,2,False,False,0,0,0
4069_left.jpg,4069,left,1,0,0,0,0,0,0,False,False,0,0,0
4071_left.jpg,4071,left,1,0,0,0,0,1,2,False,False,0,0,0
4072_left.jpg,4072,left,1,0,0,0,1,1,2,False,False,0,0,0
4073_left.jpg,4073,left,1,0,0,0,0,1,2,False,False,0,0,0
4074_left.jpg,4074,left,1,0,0,0,0,1,1,False,False,0,0,0
4076_left.jpg,4076,left,1,0,0,0,0,0,0,False,False,0,0,0
4077_left.jpg,4077,left,1,0,0,0,1,1,1,False,False,0,0,0
4078_left.jpg,4078,left,1,0,0,0,0,1,1,False,False,0,0,0
4079_left.jpg,4079,left,1,0,0,0,0,0,0,False,False,0,0,0
4080_left.jpg,4080,left,1,0,0,0,0,1,2,False,False,0,0,0
4082_left.jpg,4082,left,1,0,0,0,0,1,1,False,False,0,0,0
4083_left.jpg,4083,left,1,0,0,0,0,1,1,False,False,0,0,0
4084_left.jpg,4084,left,1,0,0,0,0,1,2,False,False,0,0,0
4087_left.jpg,4087,left,1,0,0,0,0,1,1,False,False,0,0,0
4090_left.jpg,4090,left,1,0,0,0,1,1,2,False,False,0,0,0
4093_left.jpg,4093,left,1,0,0,0,0,1,2,False,False,0,0,0
4095_left.jpg,4095,left,1,0,0,0,0,1,2,False,False,0,0,0
4096_left.jpg,4096,left,1,0,0,0,0,1,1,False,False,0,0,0
4098_left.jpg,4098,left,1,0,0,0,0,1,2,False,False,0,0,0
4099_left.jpg,4099,left,1,0,0,0,0,1,2,False,False,0,0,0
4102_left.jpg,4102,left,1,0,0,0,0,1,3,False,False,0,0,0
4105_left.jpg,4105,left,1,0,0,0,0,1,2,False,False,0,0,0
4111_left.jpg,4111,left,1,0,0,0,0,0,0,False,False,0,0,0
4112_left.jpg,4112,left,1,0,0,0,0,1,1,False,False,0,0,0
4113_left.jpg,4113,left,1,0,0,0,0,1,2,False,False,0,0,0
4115_left.jpg,4115,left,1,0,0,0,0,1,1,False,False,0,0,0
4117_left.jpg,4117,left,1,0,0,0,0,0,0,False,False,0,0,0
4120_left.jpg,4120,left,1,0,0,0,1,1,3,False,False,0,0,0
4121_left.jpg,4121,left,1,0,0,0,0,1,2,False,False,0,0,0
4122_left.jpg,4122,left,1,0,0,0,1,1,2,False,False,0,0,0
4123_left.jpg,4123,left,1,0,0,0,0,1,2,False,False,0,0,0
4124_left.jpg,4124,left,1,0,0,0,0,1,2,False,False,0,0,0
4125_left.jpg,4125,left,1,0,0,0,0,1,3,False,False,0,0,0
4126_left.jpg,4126,left,1,0,0,0,0,0,0,False,False,0,0,0
4127_left.jpg,4127,left,1,0,0,0,0,1,3,False,False,0,0,0
4128_left.jpg,4128,left,1,0,0,0,0,1,2,False,False,0,0,0
4129_left.jpg,4129,left,1,0,0,0,1,0,0,False,False,0,0,0
4130_left.jpg,4130,left,1,0,0,0,0,0,0,False,False,0,0,0
4133_left.jpg,4133,left,1,0,0,0,0,1,2,False,False,0,0,0
4134_left.jpg,4134,left,1,0,0,0,0,1,2,False,False,0,0,0
4136_left.jpg,4136,left,1,0,0,0,0,1,2,False,False,0,0,0
4139_left.jpg,4139,left,1,0,0,0,0,1,1,False,False,0,0,0
4141_left.jpg,4141,left,1,0,0,0,0,0,0,False,False,0,0,0
4142_left.jpg,4142,left,1,0,0,0,1,1,3,False,False,0,0,0
4144_left.jpg,4144,left,1,0,0,0,0,1,2,False,False,0,0,0
4146_left.jpg,4146,left,1,0,0,0,0,0,0,False,False,0,0,0
4147_left.jpg,4147,left,1,0,0,0,0,1,1,False,False,0,0,0
4148_left.jpg,4148,left,1,0,0,0,0,1,1,False,False,0,0,0
4151_left.jpg,4151,left,1,0,0,0,0,1,2,False,False,0,0,0
4152_left.jpg,4152,left,1,0,0,0,0,0,0,False,False,0,0,0
4153_left.jpg,4153,left,1,0,0,0,0,0,0,False,False,0,0,0
4154_left.jpg,4154,left,1,0,0,0,0,0,0,False,False,0,0,0
4155_left.jpg,4155,left,1,0,0,0,0,1,2,False,False,0,0,0
4158_left.jpg,4158,left,1,0,0,0,0,1,2,False,False,0,0,0
4161_left.jpg,4161,left,1,0,0,0,0,1,2,False,False,0,0,0
4162_left.jpg,4162,left,1,0,0,0,0,1,2,False,False,0,0,0
4164_left.jpg,4164,left,1,0,0,0,0,1,1,False,False,0,0,0
4166_left.jpg,4166,left,1,0,0,0,0,1,1,False,False,0,0,0
4167_left.jpg,4167,left,1,0,0,0,0,0,0,False,False,0,0,0
4168_left.jpg,4168,left,1,0,0,0,0,1,2,False,False,0,0,0
4172_left.jpg,4172,left,1,0,0,0,0,1,1,False,False,0,0,0
4174_left.jpg,4174,left,1,0,0,0,0,1,1,False,False,0,0,0
4176_left.jpg,4176,left,1,0,0,0,0,0,0,False,False,0,0,0
4177_left.jpg,4177,left,1,0,0,0,0,1,1,False,False,0,0,0
4178_left.jpg,4178,left,1,0,0,0,0,1,2,False,False,0,0,0
4179_left.jpg,4179,left,1,0,0,0,0,1,2,False,False,0,0,0
4180_left.jpg,4180,left,1,0,0,0,0,1,2,False,False,0,0,0
4183_left.jpg,4183,left,1,0,0,0,0,1,2,False,False,0,0,0
4185_left.jpg,4185,left,1,0,0,0,0,1,2,False,False,0,0,0
4188_left.jpg,4188,left,1,0,0,0,0,1,1,False,False,0,0,0
4191_left.jpg,4191,left,1,0,0,0,0,1,3,False,False,0,0,0
4192_left.jpg,4192,left,1,0,0,0,0,1,2,False,False,0,0,0
4193_left.jpg,4193,left,1,0,0,0,0,0,0,False,False,0,0,0
4194_left.jpg,4194,left,1,0,0,0,0,1,1,False,False,0,0,0
4195_left.jpg,4195,left,1,0,0,0,0,1,2,False,False,0,0,0
4196_left.jpg,4196,left,1,0,0,0,0,1,2,False,False,0,0,0
4198_left.jpg,4198,left,1,0,0,0,0,1,2,False,False,0,0,0
4199_left.jpg,4199,left,1,0,0,0,1,1,2,False,False,0,0,0
4200_left.jpg,4200,left,1,0,0,0,0,0,0,False,False,0,0,0
4201_left.jpg,4201,left,1,0,0,0,0,1,1,False,False,0,0,0
4202_left.jpg,4202,left,1,0,0,0,1,0,0,False,False,0,0,0
4203_left.jpg,4203,left,1,0,0,0,0,0,0,False,False,0,0,0
4206_left.jpg,4206,left,1,0,0,0,0,1,1,False,False,0,0,0
4207_left.jpg,4207,left,1,0,0,0,1,1,1,False,False,0,0,0
4211_left.jpg,4211,left,1,0,0,0,0,1,2,False,False,0,0,0
4215_left.jpg,4215,left,1,0,0,0,1,1,1,False,False,0,0,0
4216_left.jpg,4216,left,1,0,0,0,0,1,3,False,False,0,0,0
4218_left.jpg,4218,left,1,0,0,0,0,0,0,False,False,0,0,0
4219_left.jpg,4219,left,0,0,0,0,0,0,0,False,False,0,0,1
4224_left.jpg,4224,left,1,0,0,0,0,0,0,False,False,0,0,0
4225_left.jpg,4225,left,1,0,0,0,0,0,0,False,False,0,0,0
4227_left.jpg,4227,left,1,0,0,0,0,1,2,False,False,0,0,0
4230_left.jpg,4230,left,1,0,0,0,0,0,0,False,False,0,0,0
4232_left.jpg,4232,left,1,0,0,0,0,1,1,False,False,0,0,0
4233_left.jpg,4233,left,1,0,0,0,0,1,2,False,False,0,0,0
4234_left.jpg,4234,left,1,0,0,0,0,1,2,False,False,0,0,0
4235_left.jpg,4235,left,1,0,0,0,0,1,2,False,False,0,0,0
4236_left.jpg,4236,left,1,0,0,0,0,1,2,False,False,0,0,0
4237_left.jpg,4237,left,1,0,0,0,0,1,1,False,False,0,0,0
4240_left.jpg,4240,left,1,0,0,0,0,0,0,False,False,0,0,0
4243_left.jpg,4243,left,1,0,0,0,0,1,3,False,False,0,0,1
4244_left.jpg,4244,left,1,0,0,0,0,1,1,False,False,0,0,0
4246_left.jpg,4246,left,1,0,0,0,0,1,2,False,False,0,0,0
4248_left.jpg,4248,left,1,0,0,0,0,1,1,False,False,0,0,0
4249_left.jpg,4249,left,1,0,0,0,0,1,1,False,False,0,0,0
4250_left.jpg,4250,left,1,0,0,0,0,1,1,False,False,0,0,0
4253_left.jpg,4253,left,1,0,0,0,0,0,0,False,False,0,0,0
4254_left.jpg,4254,left,1,0,0,0,0,1,1,False,False,0,0,0
4258_left.jpg,4258,left,1,0,0,0,0,1,1,False,False,0,0,0
4259_left.jpg,4259,left,1,0,0,0,0,1,1,False,False,0,0,0
4262_left.jpg,4262,left,1,0,0,0,0,1,1,False,False,0,0,0
4263_left.jpg,4263,left,1,0,0,0,0,1,2,False,False,0,0,0
4266_left.jpg,4266,left,1,0,0,0,0,1,1,False,False,0,0,0
4267_left.jpg,4267,left,1,0,0,0,0,0,0,False,False,0,0,0
4268_left.jpg,4268,left,1,0,0,0,0,1,3,False,False,0,0,0
4270_left.jpg,4270,left,1,0,0,0,0,1,3,False,False,0,0,0
4273_left.jpg,4273,left,1,0,0,0,0,1,2,False,False,0,0,0
4274_left.jpg,4274,left,1,0,0,0,0,1,1,False,False,0,0,0
4275_left.jpg,4275,left,1,0,0,0,0,1,1,False,False,0,0,0
4277_left.jpg,4277,left,1,0,0,0,0,1,2,False,False,0,0,0
4278_left.jpg,4278,left,1,0,0,0,0,1,3,False,False,0,0,0
4279_left.jpg,4279,left,1,0,0,0,0,1,4,False,False,0,0,0
4280_left.jpg,4280,left,1,0,0,0,0,1,3,False,False,0,0,0
4283_left.jpg,4283,left,1,0,0,0,0,0,0,False,False,0,0,0
4285_left.jpg,4285,left,1,0,0,0,0,1,1,False,False,0,0,0
4286_left.jpg,4286,left,1,0,0,0,0,1,2,False,False,0,0,0
4287_left.jpg,4287,left,1,0,0,0,0,0,0,False,False,0,0,0
4288_left.jpg,4288,left,1,0,0,0,0,0,0,False,False,0,0,0
4291_left.jpg,4291,left,1,0,0,0,0,1,2,False,False,0,0,0
4292_left.jpg,4292,left,1,0,0,0,0,0,0,False,False,0,0,0
4293_left.jpg,4293,left,1,0,0,0,0,1,2,False,False,0,0,0
4294_left.jpg,4294,left,1,0,0,0,0,1,4,False,False,0,0,0
4295_left.jpg,4295,left,1,0,0,0,0,1,1,False,False,0,0,0
4296_left.jpg,4296,left,1,0,0,0,0,1,2,False,False,0,0,0
4297_left.jpg,4297,left,1,0,0,0,0,0,0,False,False,0,0,0
4298_left.jpg,4298,left,1,0,0,0,0,0,0,False,False,0,0,0
4300_left.jpg,4300,left,1,0,0,0,0,0,0,False,False,0,0,0
4301_left.jpg,4301,left,1,0,0,0,0,1,2,False,False,0,0,0
4302_left.jpg,4302,left,1,0,0,0,0,1,1,False,False,0,0,0
4303_left.jpg,4303,left,1,0,0,0,0,1,2,False,False,0,0,0
4304_left.jpg,4304,left,1,0,0,0,0,1,2,False,False,0,0,0
4307_left.jpg,4307,left,1,0,0,0,0,1,2,False,False,0,0,0
4310_left.jpg,4310,left,1,0,0,0,0,1,3,False,False,0,0,0
4312_left.jpg,4312,left,1,0,0,0,0,1,2,False,False,0,0,0
4313_left.jpg,4313,left,1,0,0,0,0,1,1,False,False,0,0,0
4315_left.jpg,4315,left,1,0,0,0,0,1,1,False,False,0,0,0
4317_left.jpg,4317,left,1,0,0,0,0,1,2,False,False,0,0,0
4319_left.jpg,4319,left,1,0,0,0,0,1,2,False,False,0,0,0
4320_left.jpg,4320,left,1,0,0,0,0,1,2,False,False,0,0,0
4323_left.jpg,4323,left,1,0,0,0,0,1,2,False,False,0,0,0
4324_left.jpg,4324,left,1,0,0,0,0,1,2,False,False,0,0,0
4325_left.jpg,4325,left,1,0,0,0,0,0,0,False,False,0,0,0
4326_left.jpg,4326,left,1,0,0,0,0,1,2,False,False,0,0,0
4327_left.jpg,4327,left,1,0,0,0,1,1,1,False,False,0,0,0
4328_left.jpg,4328,left,1,0,0,0,0,1,1,False,False,0,0,0
4329_left.jpg,4329,left,1,0,0,0,0,0,0,False,False,0,0,0
4330_left.jpg,4330,left,1,0,0,1,0,0,0,False,False,0,0,0
4332_left.jpg,4332,left,1,0,0,0,0,1,2,False,False,0,0,0
4333_left.jpg,4333,left,1,0,0,0,0,0,0,False,False,0,0,0
4334_left.jpg,4334,left,1,0,0,0,0,1,2,False,False,0,0,0
4336_left.jpg,4336,left,1,0,0,0,0,0,0,False,False,0,0,0
4337_left.jpg,4337,left,1,0,0,0,0,1,2,False,False,0,0,0
4338_left.jpg,4338,left,1,0,0,0,0,1,1,False,False,0,0,0
4339_left.jpg,4339,left,1,0,0,0,0,1,2,False,False,0,0,0
4341_left.jpg,4341,left,1,0,0,0,0,1,3,False,False,0,0,0
4342_left.jpg,4342,left,1,0,0,0,0,1,1,False,False,0,0,0
4343_left.jpg,4343,left,1,0,0,0,0,0,0,False,False,0,0,0
4345_left.jpg,4345,left,1,0,0,0,0,1,1,False,False,0,0,0
4347_left.jpg,4347,left,1,0,0,0,0,1,2,False,False,0,0,0
4348_left.jpg,4348,left,1,0,0,0,0,0,0,False,False,0,0,0
4349_left.jpg,4349,left,1,0,0,0,0,1,1,False,False,0,0,0
4350_left.jpg,4350,left,1,0,0,0,0,1,2,False,False,0,0,0
4351_left.jpg,4351,left,1,0,0,0,0,1,1,False,False,0,0,0
4353_left.jpg,4353,left,1,0,0,0,0,1,2,False,False,0,0,0
4355_left.jpg,4355,left,1,0,0,0,0,0,0,False,False,0,0,0
4356_left.jpg,4356,left,1,0,0,0,0,1,1,False,False,0,0,0
4357_left.jpg,4357,left,1,0,0,0,0,1,2,False,False,0,0,0
4359_left.jpg,4359,left,1,0,0,0,0,1,1,False,False,0,0,0
4361_left.jpg,4361,left,1,0,0,0,0,0,0,False,False,0,0,0
4365_left.jpg,4365,left,1,0,0,0,0,1,2,False,False,0,0,0
4368_left.jpg,4368,left,1,0,0,0,0,0,0,False,False,0,0,0
4371_left.jpg,4371,left,1,0,0,0,0,1,2,False,False,0,0,0
4373_left.jpg,4373,left,1,0,0,0,0,0,0,False,False,0,0,0
4374_left.jpg,4374,left,1,0,0,0,0,0,0,False,False,0,0,0
4375_left.jpg,4375,left,1,0,0,0,0,1,1,False,False,0,0,0
4377_left.jpg,4377,left,1,0,0,0,0,0,0,False,False,0,0,0
4380_left.jpg,4380,left,1,0,0,0,0,1,1,False,False,0,0,0
4383_left.jpg,4383,left,1,0,0,0,0,1,2,False,False,0,0,0
4385_left.jpg,4385,left,1,0,0,0,0,1,2,False,False,0,0,0
4389_left.jpg,4389,left,1,0,0,0,0,1,2,False,False,0,0,0
4391_left.jpg,4391,left,1,0,0,0,0,1,2,False,False,0,0,0
4392_left.jpg,4392,left,1,0,0,0,0,0,0,False,False,0,0,0
4393_left.jpg,4393,left,1,0,0,0,0,1,3,False,False,0,0,0
4395_left.jpg,4395,left,1,0,0,0,0,1,1,False,False,0,0,0
4396_left.jpg,4396,left,1,0,0,0,0,1,1,False,False,0,0,0
4397_left.jpg,4397,left,1,0,0,0,0,1,1,False,False,0,0,0
4398_left.jpg,4398,left,1,0,0,0,0,1,2,False,False,0,0,0
4399_left.jpg,4399,left,1,0,0,0,0,1,1,False,False,0,0,0
4401_left.jpg,4401,left,1,0,0,0,0,1,2,False,False,0,0,0
4402_left.jpg,4402,left,1,0,0,0,0,1,3,False,False,0,0,0
4404_left.jpg,4404,left,1,0,0,0,0,1,2,False,False,0,0,0
4406_left.jpg,4406,left,1,0,0,0,0,1,2,False,False,0,0,0
4407_left.jpg,4407,left,1,0,0,0,0,1,3,False,False,0,0,0
4409_left.jpg,4409,left,1,0,0,0,0,1,2,False,False,0,0,0
4410_left.jpg,4410,left,1,0,0,0,0,0,0,False,False,0,0,0
4412_left.jpg,4412,left,1,0,0,0,0,1,2,False,False,0,0,0
4414_left.jpg,4414,left,1,0,0,0,0,0,0,False,False,0,0,0
4418_left.jpg,4418,left,1,0,0,0,0,1,1,False,False,0,0,0
4419_left.jpg,4419,left,1,0,0,0,0,1,2,False,False,0,0,0
4420_left.jpg,4420,left,1,0,0,0,0,1,2,False,False,0,0,0
4421_left.jpg,4421,left,1,0,0,0,0,1,2,False,False,0,0,0
4422_left.jpg,4422,left,1,0,0,0,0,0,0,False,False,0,0,0
4424_left.jpg,4424,left,1,0,0,0,0,1,2,False,False,0,0,0
4425_left.jpg,4425,left,1,0,0,0,0,1,2,False,False,0,0,0
4428_left.jpg,4428,left,1,0,0,0,0,1,1,False,False,0,0,0
4429_left.jpg,4429,left,1,0,0,0,0,1,2,False,False,0,0,0
4431_left.jpg,4431,left,1,0,0,0,0,1,2,False,False,0,0,0
4432_left.jpg,4432,left,1,0,0,0,0,1,2,False,False,0,0,0
4433_left.jpg,4433,left,1,0,0,0,0,1,1,False,False,0,0,0
4438_left.jpg,4438,left,1,0,0,0,0,0,0,False,False,0,0,0
4439_left.jpg,4439,left,1,0,0,0,0,1,2,False,False,0,0,0
4440_left.jpg,4440,left,1,0,0,0,0,0,0,False,False,0,0,0
4443_left.jpg,4443,left,1,0,0,0,0,1,1,False,False,0,0,0
4444_left.jpg,4444,left,1,0,0,0,0,1,1,False,False,0,0,0
4447_left.jpg,4447,left,1,0,0,0,0,1,2,False,False,0,0,0
4450_left.jpg,4450,left,1,0,0,0,0,1,2,False,False,0,0,0
4452_left.jpg,4452,left,1,0,0,0,0,1,1,False,False,0,0,0
4453_left.jpg,4453,left,1,0,0,0,0,1,1,False,False,0,0,0
4455_left.jpg,4455,left,1,0,0,0,0,1,1,False,False,0,0,0
4459_left.jpg,4459,left,1,0,0,0,0,0,0,False,False,0,0,0
4461_left.jpg,4461,left,1,0,0,0,0,1,1,False,False,0,0,0
4462_left.jpg,4462,left,1,0,0,0,0,1,2,False,False,0,0,0
4464_left.jpg,4464,left,1,0,0,0,0,0,0,False,False,0,0,0
4465_left.jpg,4465,left,1,0,0,0,0,0,0,False,False,0,0,0
4466_left.jpg,4466,left,1,0,0,0,0,1,2,False,False,0,0,0
4467_left.jpg,4467,left,1,0,0,0,0,1,1,False,False,0,0,0
4468_left.jpg,4468,left,1,0,0,0,0,0,0,False,False,0,0,0
4469_left.jpg,4469,left,1,0,0,0,0,0,0,False,False,0,0,0
4471_left.jpg,4471,left,1,0,0,0,0,1,2,False,False,0,0,0
4472_left.jpg,4472,left,1,0,0,0,0,1,2,False,False,0,0,0
4474_left.jpg,4474,left,1,0,0,0,0,1,1,False,False,0,0,0
4477_left.jpg,4477,left,1,0,0,0,0,1,1,False,False,0,0,0
4478_left.jpg,4478,left,1,0,0,0,1,0,0,False,False,0,0,0
4479_left.jpg,4479,left,1,0,0,0,0,1,2,False,False,0,0,0
4480_left.jpg,4480,left,1,0,0,0,0,1,2,False,False,0,0,0
4484_left.jpg,4484,left,1,0,0,0,0,1,2,False,False,0,0,0
4486_left.jpg,4486,left,1,0,0,0,0,0,0,False,False,0,0,0
4487_left.jpg,4487,left,1,0,0,0,0,0,0,False,False,0,0,0
4488_left.jpg,4488,left,1,0,0,0,0,1,2,False,False,0,0,0
4491_left.jpg,4491,left,1,0,0,0,0,1,4,False,False,0,0,0
4492_left.jpg,4492,left,1,0,0,0,0,1,3,False,False,0,0,0
4493_left.jpg,4493,left,1,0,0,0,0,1,2,False,False,0,0,0
4500_left.jpg,4500,left,1,0,0,0,0,0,0,False,False,0,0,0
4502_left.jpg,4502,left,1,0,0,0,0,1,2,False,False,0,0,0
4504_left.jpg,4504,left,1,0,0,0,0,1,3,False,False,0,0,0
4507_left.jpg,4507,left,1,0,0,0,0,1,2,False,False,0,0,0
4508_left.jpg,4508,left,1,0,0,0,0,1,3,False,False,0,0,0
4509_left.jpg,4509,left,1,0,0,0,0,1,1,False,False,0,0,0
4511_left.jpg,4511,left,1,0,0,0,0,1,2,False,False,0,0,0
4513_left.jpg,4513,left,1,0,0,0,0,1,1,False,False,0,0,0
4515_left.jpg,4515,left,1,0,0,0,0,1,3,False,False,0,0,0
4516_left.jpg,4516,left,1,0,0,0,0,1,1,False,False,0,0,0
4523_left.jpg,4523,left,1,0,0,0,0,0,0,False,False,0,0,0
4524_left.jpg,4524,left,1,0,0,0,0,1,2,False,False,0,0,0
4525_left.jpg,4525,left,1,0,0,0,0,1,2,False,False,0,0,0
4527_left.jpg,4527,left,1,0,0,0,0,1,1,False,False,0,0,0
4528_left.jpg,4528,left,1,0,0,0,0,1,2,False,False,0,0,0
4529_left.jpg,4529,left,1,0,0,0,0,1,2,False,False,0,0,0
4530_left.jpg,4530,left,1,0,0,0,0,1,3,False,False,0,0,0
4531_left.jpg,4531,left,1,0,0,0,0,0,0,False,False,0,0,0
4532_left.jpg,4532,left,1,0,0,0,0,1,1,False,False,0,0,0
4533_left.jpg,4533,left,1,0,0,0,0,1,1,False,False,0,0,0
4534_left.jpg,4534,left,1,0,0,0,0,1,2,False,False,0,0,0
4535_left.jpg,4535,left,1,0,0,0,0,0,0,False,False,0,0,0
4536_left.jpg,4536,left,1,0,0,0,0,1,2,False,False,0,0,0
4538_left.jpg,4538,left,1,0,0,0,0,1,2,False,False,0,0,0
4540_left.jpg,4540,left,1,0,0,0,0,1,1,False,False,0,0,0
4541_left.jpg,4541,left,1,0,0,0,0,1,2,False,False,0,0,0
4544_left.jpg,4544,left,1,0,0,0,0,1,2,False,False,0,0,0
4545_left.jpg,4545,left,1,0,0,0,0,1,2,False,False,0,0,0
4547_left.jpg,4547,left,1,0,0,0,0,1,3,False,False,0,0,0
4548_left.jpg,4548,left,1,0,0,0,0,1,1,False,False,0,0,0
4552_left.jpg,4552,left,1,0,0,0,0,1,2,False,False,0,0,0
4555_left.jpg,4555,left,1,0,0,0,0,1,2,False,False,0,0,0
4556_left.jpg,4556,left,1,0,0,0,0,1,1,False,False,0,0,0
4557_left.jpg,4557,left,1,0,0,0,0,1,1,False,False,0,0,0
4560_left.jpg,4560,left,1,0,0,0,0,1,3,False,False,0,0,0
4561_left.jpg,4561,left,1,0,0,0,0,1,1,False,False,0,0,0
4564_left.jpg,4564,left,1,0,0,0,0,1,2,False,False,0,0,0
4565_left.jpg,4565,left,1,0,0,0,0,1,2,False,False,0,0,0
4566_left.jpg,4566,left,1,0,0,0,0,1,2,False,False,0,0,0
4568_left.jpg,4568,left,1,0,0,0,0,1,2,False,False,0,0,0
4570_left.jpg,4570,left,1,0,0,0,0,0,0,False,False,0,0,0
4573_left.jpg,4573,left,1,0,0,0,0,1,1,False,False,0,0,0
4574_left.jpg,4574,left,1,0,0,0,0,1,2,False,False,0,0,0
4575_left.jpg,4575,left,1,0,0,0,0,1,1,False,False,0,0,0
4584_left.jpg,4584,left,1,0,0,0,0,1,1,False,False,0,0,0
4585_left.jpg,4585,left,1,0,0,0,0,1,1,False,False,0,0,0
4586_left.jpg,4586,left,1,0,0,0,0,1,2,False,False,0,0,0
4590_left.jpg,4590,left,1,0,0,0,0,1,1,False,False,0,0,0
4592_left.jpg,4592,left,0,0,0,0,1,0,0,False,False,0,0,0
4593_left.jpg,4593,left,1,0,0,0,0,1,3,False,False,0,0,0
4595_left.jpg,4595,left,1,0,0,0,0,1,2,False,False,0,0,0
4603_left.jpg,4603,left,1,0,0,0,0,1,3,False,False,0,0,0
4604_left.jpg,4604,left,1,0,0,0,0,1,1,False,False,0,0,0
4605_left.jpg,4605,left,1,0,0,0,0,1,2,False,False,0,0,0
4607_left.jpg,4607,left,1,0,0,0,0,1,1,False,False,0,0,0
4608_left.jpg,4608,left,1,0,0,0,0,0,0,False,False,0,0,0
4610_left.jpg,4610,left,1,0,0,0,0,1,1,False,False,0,0,0
4612_left.jpg,4612,left,1,0,0,0,0,1,2,False,False,0,0,0
4613_left.jpg,4613,left,1,0,0,0,0,1,2,False,False,0,0,0
4614_left.jpg,4614,left,1,0,0,0,0,0,0,False,False,0,0,0
4615_left.jpg,4615,left,1,0,0,0,0,1,2,False,False,0,0,0
4617_left.jpg,4617,left,1,0,0,0,0,1,1,False,False,0,0,0
4620_left.jpg,4620,left,1,0,0,0,0,1,3,False,False,0,0,0
4621_left.jpg,4621,left,1,0,0,0,0,0,0,False,False,0,0,0
4622_left.jpg,4622,left,1,0,0,0,0,1,1,False,False,0,0,0
4629_left.jpg,4629,left,1,0,0,0,0,1,2,False,False,0,0,0
4632_left.jpg,4632,left,1,0,0,0,0,1,3,False,False,0,0,0
4633_left.jpg,4633,left,1,0,0,0,0,1,2,False,False,0,0,0
4634_left.jpg,4634,left,1,0,0,0,0,1,2,False,False,0,0,0
4635_left.jpg,4635,left,1,0,0,0,0,1,2,False,False,0,0,0
4639_left.jpg,4639,left,1,0,0,0,0,0,0,False,False,0,0,0
4640_left.jpg,4640,left,1,0,0,0,0,1,2,False,False,0,0,0
4645_left.jpg,4645,left,1,0,0,0,0,1,3,False,False,0,0,0
4647_left.jpg,4647,left,1,0,0,0,0,1,3,False,False,0,0,0
4650_left.jpg,4650,left,1,0,0,0,0,1,2,False,False,0,0,0
4651_left.jpg,4651,left,1,0,0,0,0,1,2,False,False,0,0,0
4653_left.jpg,4653,left,1,0,0,0,0,1,2,False,False,0,0,0
4655_left.jpg,4655,left,1,0,0,0,0,1,1,False,False,0,0,0
4658_left.jpg,4658,left,1,0,0,0,0,1,2,False,False,0,0,0
4659_left.jpg,4659,left,1,0,0,0,0,1,1,False,False,0,0,1
4660_left.jpg,4660,left,1,0,0,0,0,1,1,False,False,0,0,0
4664_left.jpg,4664,left,1,0,0,0,0,1,1,False,False,0,0,0
4670_left.jpg,4670,left,1,0,0,0,0,1,1,False,False,0,0,0
4671_left.jpg,4671,left,1,0,0,0,0,1,1,False,False,0,0,0
4672_left.jpg,4672,left,1,0,0,0,0,0,0,False,False,0,0,0
4675_left.jpg,4675,left,1,0,0,0,0,1,2,False,False,0,0,0
4677_left.jpg,4677,left,1,0,0,0,0,1,1,False,False,0,0,0
4678_left.jpg,4678,left,1,0,0,0,0,1,1,False,False,0,0,0
4682_left.jpg,4682,left,1,0,0,0,0,1,1,False,False,0,0,0
4688_left.jpg,4688,left,1,0,0,0,0,1,2,False,False,0,0,0
4784_left.jpg,4784,left,0,0,0,1,1,0,0,False,False,0,0,0
